id,productDisplayName,articleType,imageURL
10005,Nike Men As Ss Trainin Blue T-Shirts,Tshirts,http://assets.myntassets.com/v1/images/style/properties/5dc5a3265be8eeefdbd7c06e43ff6cb9_images.jpg
10006,Nike Men AS T90 Black Tshirts,Tshirts,http://assets.myntassets.com/v1/images/style/properties/74f42a1523d450362f6579f96b64b608_images.jpg
10008,Nike Men Town Navy Blue T-Shirts,Tshirts,http://assets.myntassets.com/v1/images/style/properties/11208e022cee193bc9ce69ae7601d11e_images.jpg
10009,Nike Men Town Round Red Neck T-Shirts,Tshirts,http://assets.myntassets.com/v1/images/style/properties/c683c989cc53d172a8d9b175d75d1294_images.jpg
10010,Nike Men As Showdown F Black T-Shirts,Tshirts,http://assets.myntassets.com/v1/images/style/properties/a062e261b6d3e1349a6d2a6aa7371669_images.jpg
10013,Nike Men As Ss Cruiser Yellow T-Shirts,Tshirts,http://assets.myntassets.com/v1/images/style/properties/8294dba13908524b577b295ca6282838_images.jpg
10015,Locomotive Men American Glory White Tshirts,Tshirts,http://assets.myntassets.com/v1/images/style/properties/4576528b60bdbec05893efe87d2c284b_images.jpg
10022,Nike Men Blue Polo Tshirts,Tshirts,http://assets.myntassets.com/v1/images/style/properties/dcdf10855cb9709e3ff034e62313a54c_images.jpg
10031,Nike Men As Arsenal Co Navy Blue T-Shirts,Tshirts,http://assets.myntassets.com/v1/images/style/properties/f891a7ec22ae36e8c14defd61bb0b7f3_images.jpg
10032,Nike Men AS FCB Core T Black T-shirts,Tshirts,http://assets.myntassets.com/v1/images/style/properties/826d8f5d5e64a05b51c0afd3d5adb1ba_images.jpg
10035,Reebok Men Runtone Action Brown Sports Shoes,Sports Shoes,http://assets.myntassets.com/v1/images/style/properties/ca06d73e7eabdfe68bcdee9c3a8739fc_images.jpg
10037,Reebok Men Premier ultra 8 U-form Silver Sports Shoes,Sports Shoes,http://assets.myntassets.com/v1/images/style/properties/c876491b1ad3bbece863d5bf29408446_images.jpg
10039,Reebok Men Raceon White Sports Shoes,Sports Shoes,http://assets.myntassets.com/v1/images/style/properties/8c7024fc08196b33759515ff1d542899_images.jpg
10040,Nike Men White Polo Tshirts,Tshirts,http://assets.myntassets.com/v1/images/style/properties/c2e91f240ec1503abde9529cdea2e434_images.jpg
10043,Puma Men ferrari Black Polo Tshirts,Tshirts,http://assets.myntassets.com/v1/images/style/properties/7f8898f2b88316fdc4cc970f08b56daf_images.jpg
10044,Puma Men Ferrari Logo Black Tshirts,Tshirts,http://assets.myntassets.com/v1/images/style/properties/feee09d16daa4bd9f01bb6a87693aa84_images.jpg
10045,Puma Men Heroes Party Graphic Blue Tshirts,Tshirts,http://assets.myntassets.com/v1/images/style/properties/74b69fbb1f5697af585c3ebc18315918_images.jpg
10046,Puma Men Heroes Graphic Green Tshirts,Tshirts,http://assets.myntassets.com/v1/images/style/properties/eb6356e3915780613a7c3533ad3fdab0_images.jpg
10047,Puma Men Heroes Graphic Black Tshirts,Tshirts,http://assets.myntassets.com/v1/images/style/properties/031fdac535f3c5630b6c63a1dbbbb859_images.jpg
10048,Puma Men Social Sport Black Tshirts,Tshirts,http://assets.myntassets.com/v1/images/style/properties/4c4c7f32dcf714a378b5fb818b84a57e_images.jpg
10049,Puma Men Mns Body Train Black Tshirts,Tshirts,http://assets.myntassets.com/v1/images/style/properties/a999c915f8b14dbff2b8d1709061c903_images.jpg
10050,Puma Men Usain Bolt Black Tshirts,Tshirts,http://assets.myntassets.com/v1/images/style/properties/74bc9f69684b61729b7950ff07114d49_images.jpg
10051,Puma Men Motorsport Navy Blue Shirts,Shirts,http://assets.myntassets.com/v1/images/style/properties/0a8c0bf5d6f680a4b712050a67c63c84_images.jpg
10057,Puma Men Tshirt Trning White Polo Tshirts,Tshirts,http://assets.myntassets.com/v1/images/style/properties/7e75438fd1d569711ccdc49c3af0a7c8_images.jpg
10058,Puma Men Large logo tee Black Tshirts,Tshirts,http://assets.myntassets.com/v1/images/style/properties/85edd9fe185b64067be2e2aa5f1e7d81_images.jpg
10059,Puma Men Black Polo Tshirts,Tshirts,http://assets.myntassets.com/v1/images/style/properties/506e68ce21f4ee2dbfe8117c63d54aa1_images.jpg
10060,Puma Men motor sport tee White Tshirts,Tshirts,http://assets.myntassets.com/v1/images/style/properties/c9ea7b775dd14c52b71b265f4544fd17_images.jpg
10061,Puma Men graphic story tee White Tshirts,Tshirts,http://assets.myntassets.com/v1/images/style/properties/9a1511e85d03032420c7dd0481707515_images.jpg
10062,Puma Men Puma runhard tee Grey Tshirts,Tshirts,http://assets.myntassets.com/v1/images/style/properties/821d377e49f3aa198c1937e9793099a6_images.jpg
10063,Puma Men spine tee Yellow Tshirts,Tshirts,http://assets.myntassets.com/v1/images/style/properties/326621cc6459c808536e5229782ea491_images.jpg
10064,Puma Men puma shield tee Yellow Tshirts,Tshirts,http://assets.myntassets.com/v1/images/style/properties/473df328352f5cc757a7e6734167c52a_images.jpg
10065,Puma Men ducati logo tee Yellow Tshirts,Tshirts,http://assets.myntassets.com/v1/images/style/properties/ef754e63472dece06abfa6d6c1266d91_images.jpg
10066,Puma Men Puma midrange tee Black Tshirts,Tshirts,http://assets.myntassets.com/v1/images/style/properties/b9c52b5667d67014a17e00d31f001530_images.jpg
10067,Puma Men punk logo tee Yellow Tshirts,Tshirts,http://assets.myntassets.com/v1/images/style/properties/392f6b2acfb489b56a0e8d62d6f1fdef_images.jpg
10068,Puma Men lifestyle graphitti White Tshirts,Tshirts,http://assets.myntassets.com/v1/images/style/properties/69528f3383099e6013052b49ff5f6906_images.jpg
10069,Puma Men Large logo tee Black Tshirts,Tshirts,http://assets.myntassets.com/v1/images/style/properties/a992b89ffa8033dca43f58dd0106033a_images.jpg
10074,Puma Men Puma runhard tee Black Tshirts,Tshirts,http://assets.myntassets.com/v1/images/style/properties/6dabe0a0503cb611e831111a26aedf6e_images.jpg
10075,Puma Men ducati heritage logo tee Red Tshirts,Tshirts,http://assets.myntassets.com/v1/images/style/properties/87684581db1232150a9ffca2b05e16f6_images.jpg
10078,Reebok Men Speed Mode White Sports Shoes,Sports Shoes,http://assets.myntassets.com/v1/images/style/properties/d2aa2e147e9d44851450864dfd05c281_images.jpg
10080,Reebok Men Run Sheer Black Sports Shoes,Sports Shoes,http://assets.myntassets.com/v1/images/style/properties/15017ddf96926014061a0b06525b554e_images.jpg
10081,Reebok Men Zigdynamic White Sports Shoes,Sports Shoes,http://assets.myntassets.com/v1/images/style/properties/0543c05bce84b0fcbeeabb354a821fea_images.jpg
10088,Reebok Men Racehound Silver Sports Shoes,Sports Shoes,http://assets.myntassets.com/v1/images/style/properties/4dac018abe2b09b76c465624cb319e6f_images.jpg
10092,Reebok Men Racehound Silver Sports Shoes,Sports Shoes,http://assets.myntassets.com/v1/images/style/properties/29bafa503018057b586e376213c8f7a9_images.jpg
10093,Reebok Men Racehound White Sports Shoes,Sports Shoes,http://assets.myntassets.com/v1/images/style/properties/0c09e6d84d5a38033dc6574465a3f5af_images.jpg
10095,Reebok Men Reeflex Run Blue Sports Shoes,Sports Shoes,http://assets.myntassets.com/v1/images/style/properties/25f5a65c9c5dbf5f7631cf2d3f0d20f3_images.jpg
10097,Reebok Men Reeflex Run White Sports Shoes,Sports Shoes,http://assets.myntassets.com/v1/images/style/properties/a947ceec9e8c493229417e1a1390417e_images.jpg
10101,Reebok Men Island Explorer Black Sports Shoes,Sports Shoes,http://assets.myntassets.com/v1/images/style/properties/19ec8f66795dfeae910c34973fa9b32f_images.jpg
10102,Reebok Men Premier Verona Supreme 2 Black Sports Shoes,Sports Shoes,http://assets.myntassets.com/v1/images/style/properties/c6b651c3474dc980106eadf223fc6422_images.jpg
10104,Reebok Men Buckets VI Black Sports Shoes,Sports Shoes,http://assets.myntassets.com/v1/images/style/properties/119c4e8d603f2504934a74d7cd846b82_images.jpg
10111,Reebok Men Premier road supreme 2 Silver Sports Shoes,Sports Shoes,http://assets.myntassets.com/v1/images/style/properties/2564fc4ea392445c307a9b044b049efd_images.jpg
10113,Reebok Men Run Sheer White Sports Shoes,Sports Shoes,http://assets.myntassets.com/v1/images/style/properties/18cb176598526b42bb238839fab11312_images.jpg
10117,Reebok Men Premier Zigfly Silver Sports Shoes,Sports Shoes,http://assets.myntassets.com/v1/images/style/properties/8e6ba4d2a8ed5f65521e0e67d1bb2bef_images.jpg
10122,Reebok Men Run Sheer White Sports Shoes,Sports Shoes,http://assets.myntassets.com/v1/images/style/properties/25d332924fd1d7fb7e35c7bb091fa5a6_images.jpg
10126,Reebok Men Runtone Action White Sports Shoes,Sports Shoes,http://assets.myntassets.com/v1/images/style/properties/7c4d882429035abd0bf0ae46b09bb367_images.jpg
10127,Rockport Men Espresso Brown Casual Shoes,Casual Shoes,http://assets.myntassets.com/v1/images/style/properties/ce1b064b045d6df9b8bbcb950cb2f3ef_images.jpg
10142,Rockport Men Captoe Brown Casual Shoes,Casual Shoes,http://assets.myntassets.com/v1/images/style/properties/09cca0e5cc87f77adaf0ec45e330bc69_images.jpg
10144,Rockport Men Drsp Wingtip Brown Casual Shoes,Casual Shoes,http://assets.myntassets.com/v1/images/style/properties/ff3bc3d3018bd010ce347ba585225a99_images.jpg
10148,Rockport Men Sc Slip On Brown Casual Shoes,Casual Shoes,http://assets.myntassets.com/v1/images/style/properties/37913cff0e36326b4f964f50ebf9067f_images.jpg
10152,Rockport Men TR Bal Black Casual Shoes,Casual Shoes,http://assets.myntassets.com/v1/images/style/properties/912c45f1bcf50721a8b91267ce2a8771_images.jpg
10154,Rockport Men Bal Brown Casual Shoes,Casual Shoes,http://assets.myntassets.com/v1/images/style/properties/aa4db93c374f1acb099335f866665d26_images.jpg
10155,Rockport Men Tr Bal Brown Casual Shoes,Casual Shoes,http://assets.myntassets.com/v1/images/style/properties/3573a259ea08979cca43a51ee8a92f77_images.jpg
10156,Rockport Men Sc Slip On Brown Casual Shoes,Casual Shoes,http://assets.myntassets.com/v1/images/style/properties/70e2779975aff0a1013a6818d90ee2e5_images.jpg
10158,Puma Men 917 Lo Feuer Black Casual Shoes,Casual Shoes,http://assets.myntassets.com/v1/images/style/properties/33e9255f5e5f2296524d2485ec3c0275_images.jpg
10159,Puma Men 917 Mid Spill White Casual Shoes,Casual Shoes,http://assets.myntassets.com/v1/images/style/properties/710f1d1a11e75bf0dbda21f2abe49ed8_images.jpg
10160,Puma Men 917 Lo Paint Splatter White Casual Shoes,Casual Shoes,http://assets.myntassets.com/v1/images/style/properties/8f85a79062799ba1430e2cf3a79c0bde_images.jpg
10161,Puma Men Cabana Racer White Sports Shoes,Sports Shoes,http://assets.myntassets.com/v1/images/style/properties/ac2fdc8f7c496c562d9f908bec3dda4e_images.jpg
10162,Puma Men 917 Lo Paint Splatter White Casual Shoes,Casual Shoes,http://assets.myntassets.com/v1/images/style/properties/ec3f78e59538b3d07c22285ed951ebeb_images.jpg
10167,United Colors of Benetton Men Nighthawk Black Casual Shoes,Casual Shoes,http://assets.myntassets.com/v1/images/style/properties/daa74af2c53029588991046e722eb275_images.jpg
10168,United Colors of Benetton Men Punk Black Casual Shoes,Casual Shoes,http://assets.myntassets.com/v1/images/style/properties/7a74c4a6abb89aaba4001f78a4b71535_images.jpg
10169,United Colors of Benetton Men HIghlander Brown Casual Shoes,Casual Shoes,http://assets.myntassets.com/v1/images/style/properties/ba5b76dbf5ed8166a6890e397c57c7e9_images.jpg
10170,United Colors of Benetton Men Highlander Grey Blue Casual Shoes,Casual Shoes,http://assets.myntassets.com/v1/images/style/properties/711a5b54a3fefda367023a49ce26678d_images.jpg
10172,United Colors of Benetton Men Iceland Grey Casual Shoes,Casual Shoes,http://assets.myntassets.com/v1/images/style/properties/c09a37d3bb783f407461cdc9ede81b4a_images.jpg
10174,United Colors Of Benetton Men Latnam Black Casual Shoes,Casual Shoes,http://assets.myntassets.com/v1/images/style/properties/fc4ea7a39f7b828bcf2fc6dfd81a1eb0_images.jpg
10175,United Colors of Benetton Men Wango Black Casual Shoes,Casual Shoes,http://assets.myntassets.com/v1/images/style/properties/9bb4c8d766374626e362652350fc9872_images.jpg
10176,United Colors of Benetton Men Cloud 9 Black Casual Shoes,Casual Shoes,http://assets.myntassets.com/v1/images/style/properties/99239fea24f0845c090f8272d128e83f_images.jpg
10177,United Colors Of Benetton Men Cboar Brown Casual Shoes,Casual Shoes,http://assets.myntassets.com/v1/images/style/properties/e002f7fdb0f580ecb8092dcb4030e640_images.jpg
10178,United Colors of Benetton Men Bournie Brown Casual Shoes,Casual Shoes,http://assets.myntassets.com/v1/images/style/properties/8cfa60f1e4a178d057336bcc08ccdc43_images.jpg
10184,Indigo Nation Men  White Stripe Shirt,Shirts,http://assets.myntassets.com/v1/images/style/properties/bfd34f4dd6f1e524ef923436cf220c62_images.jpg
10185,Indigo Nation Men Price catch White Shirts,Shirts,http://assets.myntassets.com/v1/images/style/properties/65309e66582be74faf20cbacb9abb81b_images.jpg
10186,Indigo Nation Men Black & Blue Stripe Shirt,Shirts,http://assets.myntassets.com/v1/images/style/properties/ad402e6188d3c2cf138844300719afb1_images.jpg
10187,Indigo Nation Men Hot Stepper Black Blue Shirts,Shirts,http://assets.myntassets.com/v1/images/style/properties/2185c6c3f5d47abcb4bce0f492c9c13d_images.jpg
10188,Indigo Nation Men   Blue & White Stripe Shirt,Shirts,http://assets.myntassets.com/v1/images/style/properties/c4f27e2296a69e0c2589a78ca37a44ab_images.jpg
10189,Indigo Nation Men Hot Stepper Blue Shirts,Shirts,http://assets.myntassets.com/v1/images/style/properties/b4146cd57f7a1da6ab6fe64cbc108e7b_images.jpg
10190,Indigo Nation Men Club Poplin White Shirts,Shirts,http://assets.myntassets.com/v1/images/style/properties/68b5d902fbc8bb65253901d908fa94db_images.jpg
10255,Locomotive Men Stripes Blue Shirts,Shirts,http://assets.myntassets.com/v1/images/style/properties/70f628f6a53693cde9aa631bfb3bb6c2_images.jpg
10256,Locomotive Men Stripes Green Shirts,Shirts,http://assets.myntassets.com/v1/images/style/properties/6661aca83d105bc5ce07aed7c8944a36_images.jpg
10266,Clarks Men Goto Hi Cola Suede Brown Shoes,Casual Shoes,http://assets.myntassets.com/v1/images/style/properties/4269a355e474308b6e0f174cf6a9f6f0_images.jpg
10267,Clarks Men Rocco Fuse Black Leather Black Casual Shoes,Casual Shoes,http://assets.myntassets.com/v1/images/style/properties/5040e0c7e82dcc67e1c0a42ee04eb519_images.jpg
10278,Clarks Men Nature Easy Mahogany Leather Brown Casual Shoes,Casual Shoes,http://assets.myntassets.com/v1/images/style/properties/26a9497430cc194dd9d7eb1a0813e716_images.jpg
10279,Clarks Men Nature Easy Leather Black Casual Shoes,Casual Shoes,http://assets.myntassets.com/v1/images/style/properties/e7d618bc3383ce814f6b0b75519e547c_images.jpg
10295,Clarks Men Brown Leather Casual Shoes,Casual Shoes,http://assets.myntassets.com/v1/images/style/properties/83cd6db4f547e2ec582714b3592ba718_images.jpg
10296,Clarks Men Navy Blue Leather Casual Shoes,Casual Shoes,http://assets.myntassets.com/v1/images/style/properties/1c4b0f9c2345f7b43ce255817d8bf74c_images.jpg
10297,Clarks Men Black Leather Loafers,Casual Shoes,http://assets.myntassets.com/v1/images/style/properties/fcda83167f4e5b6a622f866ae6c26f2a_images.jpg
10301,Clarks Brown Leather Casual Shoes,Casual Shoes,http://assets.myntassets.com/v1/images/style/properties/3388973109099718b4ca6699aeb72ce4_images.jpg
10305,Clarks Men Rocco Fuse Brown Casual Shoes,Casual Shoes,http://assets.myntassets.com/v1/images/style/properties/73727276090d567a3384b52cac6b9f0a_images.jpg
10306,Clarks Men Rocco Fuse Leather Grey Casual Shoes,Casual Shoes,http://assets.myntassets.com/v1/images/style/properties/d12cb2bd173aea7e6ab362fb79a13e5e_images.jpg
10308,Clarks Men Brown Leather Boat Shoes,Casual Shoes,http://assets.myntassets.com/v1/images/style/properties/9753e8e6ff1bbed472a69fd236a2aa66_images.jpg
17269,U.S. Polo Assn. Men Stripes White Polo  Tshirt,Tshirts,http://assets.myntassets.com/v1/images/style/properties/cf97e4659473904efe96d0ee5a010063_images.jpg
17270,U.S. Polo Assn. Men Black Polo Tshirt,Tshirts,http://assets.myntassets.com/v1/images/style/properties/65fda63c176278bf847294aa585de736_images.jpg
17271,U.S. Polo Assn. Men Stripes DK.Grey Polo Tshirt,Tshirts,http://assets.myntassets.com/v1/images/style/properties/eaf2af327ae5b0fbd2d32a234201ebc3_images.jpg
17272,U.S. Polo Assn. Men Stripes Green  Polo Tshirt,Tshirts,http://assets.myntassets.com/v1/images/style/properties/5942fd10877b67e75573c0328537d698_images.jpg
17273,U.S. Polo Assn. Men Stripes White Polo Tshirt,Tshirts,http://assets.myntassets.com/v1/images/style/properties/e45fec2853955cde4ff5fead498764e5_images.jpg
17274,U.S. Polo Assn. Men Stripes Green Polo Tshirt,Tshirts,http://assets.myntassets.com/v1/images/style/properties/18e3fa6133b0a3cb7da7093ed10ba359_images.jpg
17275,U.S. Polo Assn. Men Stripes Black  Polo Tshirt,Tshirts,http://assets.myntassets.com/v1/images/style/properties/0118d691efd4b1fd723cdc6fdc5d1be7_images.jpg
17276,U.S. Polo Assn. Men Printed Mustard Tshirt,Tshirts,http://assets.myntassets.com/v1/images/style/properties/2c1069672e33545ecf7c3bdcf7c276d8_images.jpg
17277,U.S. Polo Assn. Men Printed Navy Blue Tshirt,Tshirts,http://assets.myntassets.com/v1/images/style/properties/b002a98a220d49eb31f2a486cef27eca_images.jpg
17278,U.S. Polo Assn. Men Printed  Steeple Grey Tshirt,Tshirts,http://assets.myntassets.com/v1/images/style/properties/b6ce9035b4f54b8733940f2f10e2e0d4_images.jpg
17279,U.S. Polo Assn. Men Printed Navy Blue Tshirt,Tshirts,http://assets.myntassets.com/v1/images/style/properties/a56209f17da420020870403014e744c8_images.jpg
17280,U.S. Polo Assn. Men Red T-shirt,Tshirts,http://assets.myntassets.com/v1/images/style/properties/f771b21d562e382c17a105a0c232fc0a_images.jpg
17281,U.S. Polo Assn. Men Printed Steeple Grey Tshirt,Tshirts,http://assets.myntassets.com/v1/images/style/properties/0e8485bbd30cd6ff0579ab1b71dd0f94_images.jpg
17282,U.S. Polo Assn. Men Printed Black Tshirt,Tshirts,http://assets.myntassets.com/v1/images/style/properties/6d61c93a7b5273145d49ab8a63bcda01_images.jpg
17283,U.S. Polo Assn. Men Stripes Brown Polo Tshirt,Tshirts,http://assets.myntassets.com/v1/images/style/properties/5df570bdc07dd6263f0cc1c2a6b40c20_images.jpg
17284,U.S. Polo Assn. Men Stripes Fedral Blue Polo  Tshirt,Tshirts,http://assets.myntassets.com/v1/images/style/properties/a4c925f852ecc396d4a4f0b9907aaedd_images.jpg
17285,U.S. Polo Assn. Men Solid Black  polo Tshirt,Tshirts,http://assets.myntassets.com/v1/images/style/properties/55878488c3dc46bc4407a383fea649ba_images.jpg
17286,U.S. Polo Assn. Men Solid Grey  Melange Polo Tshirt,Tshirts,http://assets.myntassets.com/v1/images/style/properties/d2cd569e3264d68fb1de22c3f222a709_images.jpg
17287,U.S. Polo Assn. Men Solid Navy Blue Polo Tshirt,Tshirts,http://assets.myntassets.com/v1/images/style/properties/72e5a29ddcdae8d0f8bc4db8cb3a6df4_images.jpg
17288,U.S. Polo Assn. Men Solid Red  Polo Tshirt,Tshirts,http://assets.myntassets.com/v1/images/style/properties/18043aa0c4e708afa7febbac3e963a54_images.jpg
17289,U.S. Polo Assn. Men Solid Green Polo Tshirt,Tshirts,http://assets.myntassets.com/v1/images/style/properties/62bcbed13cfe49e509bbe07858211295_images.jpg
17296,Puma Men Pack of 3 Sports Socks,Socks,http://assets.myntassets.com/v1/images/style/properties/1e040d8f366a151bac59cfeeab6bd743_images.jpg
17297,Puma Men Pack of 3 Sports Socks,Socks,http://assets.myntassets.com/v1/images/style/properties/f20394c3cec4b958e164462e1cc778cf_images.jpg
17298,Puma Men Pack of 3 Sports Socks,Socks,http://assets.myntassets.com/v1/images/style/properties/b5a38f39641f40423e127f22c1e6b645_images.jpg
17299,Puma Men Pack of 3 Sports Socks,Socks,http://assets.myntassets.com/v1/images/style/properties/09226e79a918b7ffddd59aeb30441b66_images.jpg
17300,Puma Men Pack of 3 Sports Socks,Socks,http://assets.myntassets.com/v1/images/style/properties/006b23359c69f495f8810bc50d06f698_images.jpg
17301,Puma Men Sports Black Socks,Socks,http://assets.myntassets.com/v1/images/style/properties/6a7b0a6b0dc5f0f07dec613f22a9cb8e_images.jpg
17302,Puma Men Sports Black Socks,Socks,http://assets.myntassets.com/v1/images/style/properties/62f3ed7da525ec2b3f9ea930925c0472_images.jpg
17303,Puma Men Pack of 3 Sports Socks,Socks,http://assets.myntassets.com/v1/images/style/properties/8afac17e24f4a595aeda9caded930c54_images.jpg
17304,Puma Men Sports Grey Socks,Socks,http://assets.myntassets.com/v1/images/style/properties/69188bc2f1373c4e18e87b2a5203c574_images.jpg
17305,Puma Men Sports Grey Socks,Socks,http://assets.myntassets.com/v1/images/style/properties/b3eb9623015904f5593ba2a56f2ae817_images.jpg
17389,Reid & Taylor Men Solid Red Socks,Socks,http://assets.myntassets.com/v1/images/style/properties/9918788f358bbba4fbcb92f05f89d918_images.jpg
17390,Reid & Taylor Men Solid Black Socks,Socks,http://assets.myntassets.com/v1/images/style/properties/d06f4ed200d78c3ec66fc644f78a2a9b_images.jpg
17391,Reid & Taylor Men Solid Navy Blue Socks,Socks,http://assets.myntassets.com/v1/images/style/properties/431914df6cf49fdf71b79cc98ef69005_images.jpg
17392,Reid & Taylor Men Red & Grey Striped Socks,Socks,http://assets.myntassets.com/v1/images/style/properties/Reid---Taylor-Men-Stripes-Red-Sockscd8ebe1438054f2effdb4454057e12af_images.jpg
17393,Reid & Taylor Men Stripes Black Socks,Socks,http://assets.myntassets.com/v1/images/style/properties/22e37c14661c7dbb5e7dd7578ee36045_images.jpg
17394,Reid & Taylor Men Solid Brown Socks,Socks,http://assets.myntassets.com/v1/images/style/properties/a732e37804666f82174417555a7f3f1b_images.jpg
17395,Reid & Taylor Men Stripes Brown Socks,Socks,http://assets.myntassets.com/v1/images/style/properties/675b0452f34ce664ec9b9e880eb173ca_images.jpg
17396,Reid & Taylor Men Stripes Blue Socks,Socks,http://assets.myntassets.com/v1/images/style/properties/Reid---Taylor-Men-Stripes-Blue-Socksc5a0b84ad13cfd963394fbe488d702dd_images.jpg
17397,Reid & Taylor Men Stripes Black Socks,Socks,http://assets.myntassets.com/v1/images/style/properties/7dc412c816ce55e67d791dc1ac5dc8fb_images.jpg
17398,Reid & Taylor Men Stripes Multi Socks,Socks,http://assets.myntassets.com/v1/images/style/properties/Reid---Taylor-Men-Stripes-Multi-Socks600c3f74d6dd7392d37157ab76763495_images.jpg
17399,Reid & Taylor Men Stripes Black Socks,Socks,http://assets.myntassets.com/v1/images/style/properties/996d13049540e236ff1ce2c4bcc24eba_images.jpg
17400,Reid & Taylor Men Stripes Black Socks,Socks,http://assets.myntassets.com/v1/images/style/properties/Reid---Taylor-Men-Stripes-Black-Socks44dc4d95d0c5fdaaaaf7e76e4a00d0e9_images.jpg
17401,Reid & Taylor Men Stripes Blue Socks,Socks,http://assets.myntassets.com/v1/images/style/properties/56cac91c8597a2ccb879b30248580786_images.jpg
17402,Reid & Taylor Men Stripes Multi Socks,Socks,http://assets.myntassets.com/v1/images/style/properties/70299c05e64a589318415058aefee11b_images.jpg
17403,Reid & Taylor Men Solid Navy Blue Socks,Socks,http://assets.myntassets.com/v1/images/style/properties/19c91c19317cc31183460576ff00eabd_images.jpg
17405,Reid & Taylor Men Stripes Green Socks,Socks,http://assets.myntassets.com/v1/images/style/properties/511253887f7df460d37aa60282da9820_images.jpg
17406,Reid & Taylor Men Stripes Brown Socks,Socks,http://assets.myntassets.com/v1/images/style/properties/Reid---Taylor-Men-Stripes-Brown-Socksd768f15145bc4b53aff4913540c8b3cd_images.jpg
17407,Reid & Taylor Men Brown Socks,Socks,http://assets.myntassets.com/v1/images/style/properties/Reid---Taylor-Men-NA-Black-Socks32b7400950987a45e64fccb57d76c32a_images.jpg
17408,Reid & Taylor Men NA Black Socks,Socks,http://assets.myntassets.com/v1/images/style/properties/4b044ea04ac360d0ee35ed39ef40d061_images.jpg
17409,Lotto Men Basketball Mid Black Sports Shoe,Sports Shoes,http://assets.myntassets.com/v1/images/style/properties/35a4c6d87a6a14a8fe646ef90b1d6f9d_images.jpg
17410,Lotto Men Atlantica White Sports Shoe,Sports Shoes,http://assets.myntassets.com/v1/images/style/properties/082147936cb571867ca64b0d078f659d_images.jpg
17411,Lotto Men Basketball Mid White Sports Shoe,Sports Shoes,http://assets.myntassets.com/v1/images/style/properties/95dd8b87ceff0247a70579ba850c0164_images.jpg
17412,Lotto Men T-Effect IV White Sports Shoe,Sports Shoes,http://assets.myntassets.com/v1/images/style/properties/f5d37228e4d1ebc02eed276689b54a95_images.jpg
17413,Lotto Men Millennia Black Sports Shoe,Sports Shoes,http://assets.myntassets.com/v1/images/style/properties/9c3c72557aa86af6d6eb536912f0b65f_images.jpg
17414,Lotto Men Millennia White Sports Shoe,Sports Shoes,http://assets.myntassets.com/v1/images/style/properties/47237dd193565abbfc3daa4073881c78_images.jpg
17415,Lotto Men T-Effect IV White Sports Shoe,Sports Shoes,http://assets.myntassets.com/v1/images/style/properties/161eff48bedafb343856ac335a0547fe_images.jpg
17416,Lotto Men Atlantica Black Sports Shoe,Sports Shoes,http://assets.myntassets.com/v1/images/style/properties/1279efc8b61fb461a804f0c1f82f276b_images.jpg
17483,Enroute Men Casual Navy Blue Casual Shoe,Casual Shoes,http://assets.myntassets.com/v1/images/style/properties/108df3e7a6917d5ea8d389a2d3ff1d5f_images.jpg
17484,Enroute Men Casual Tan Casual Shoe,Casual Shoes,http://assets.myntassets.com/v1/images/style/properties/ac9d3a445c2d2bced78c09c266890a44_images.jpg
17485,Fila Men DLS Slam White Sports Shoe,Sports Shoes,http://assets.myntassets.com/v1/images/style/properties/52863da86a1d16e62abc20268de76ad9_images.jpg
17496,Classic Polo Men Stripes Mustard Polo T-Shirt,Tshirts,http://assets.myntassets.com/v1/images/style/properties/1c9707bcb052311a780fd94b0c4cd5dc_images.jpg
17497,Classic Polo Men Stripes Grey Polo T-Shirt,Tshirts,http://assets.myntassets.com/v1/images/style/properties/3942596d71515b9c67315e3a842273d3_images.jpg
17498,Classic Polo Men Stripes Maroon Polo T-Shirt,Tshirts,http://assets.myntassets.com/v1/images/style/properties/b3491fba9eebc00512f8aac3dcef79ac_images.jpg
17499,Classic Polo Men Stripes Blue Polo T-Shirt,Tshirts,http://assets.myntassets.com/v1/images/style/properties/6186af8cca733c74fc0aa02d63e00ae8_images.jpg
17500,Classic Polo Men Stripes Blue Polo T-Shirt,Tshirts,http://assets.myntassets.com/v1/images/style/properties/953218f643d2c6cbb108fafff2ca0e41_images.jpg
17501,Classic Polo Men Stripes Grey Polo T-Shirt,Tshirts,http://assets.myntassets.com/v1/images/style/properties/1cb0b90506a5c8f1365c7521459f4cb7_images.jpg
17502,Classic Polo Men Stripes Yellow Polo T-Shirt,Tshirts,http://assets.myntassets.com/v1/images/style/properties/28a77d30f29343796f27b646f076df67_images.jpg
17503,Classic Polo Men Stripes Black Polo T-Shirt,Tshirts,http://assets.myntassets.com/v1/images/style/properties/a28f83887b2237a0352400538355fd6c_images.jpg
17504,Classic Polo Men Stripes Grey Polo T-Shirt,Tshirts,http://assets.myntassets.com/v1/images/style/properties/6d29dc0b08a695c5efead3949680fe8b_images.jpg
17505,Classic Polo Men Stripes White Polo T-Shirt,Tshirts,http://assets.myntassets.com/v1/images/style/properties/9c63a4ea651ee99ced9660a096ea3f75_images.jpg
17506,Classic Polo Men Stripes Blue Polo T-Shirt,Tshirts,http://assets.myntassets.com/v1/images/style/properties/18eed95425de2660d0db5285f81e96c0_images.jpg
17507,Classic Polo Men Stripes Black Polo T-Shirt,Tshirts,http://assets.myntassets.com/v1/images/style/properties/24e0d2b691f1fa5f6b04cda4ee9bd9a6_images.jpg
17508,Classic Polo Men Stripes Grey Polo T-Shirt,Tshirts,http://assets.myntassets.com/v1/images/style/properties/8758fc3590241baf35c724b5b346a80d_images.jpg
17509,Classic Polo Men Stripes Blue Polo T-Shirt,Tshirts,http://assets.myntassets.com/v1/images/style/properties/3d26c2ba64b3f979c8190b5e187563d5_images.jpg
17510,Classic Polo Men Stripes White Polo T-Shirt,Tshirts,http://assets.myntassets.com/v1/images/style/properties/787a3b5fc3fbc5c6f3763d7c99d9c0ad_images.jpg
17511,Classic Polo Men Stripes Grey Polo T-Shirt,Tshirts,http://assets.myntassets.com/v1/images/style/properties/f0b96dfe47d7679913bf9f75908e4aa0_images.jpg
17512,Classic Polo Men Stripes Blue Polo T-Shirt,Tshirts,http://assets.myntassets.com/v1/images/style/properties/da2fc33fa9b40fbd1e0eb50818abdf91_images.jpg
17513,Classic Polo Men Stripes Black Polo T-Shirt,Tshirts,http://assets.myntassets.com/v1/images/style/properties/47e7c38f7715354f5ae6c29592a87612_images.jpg
1752,Lotto Men Red Epic T-shirt,Tshirts,http://assets.myntassets.com/v1/images/style/properties/3516f4714202e9996c8b39674afdd230_images.jpg
17534,Mark Taylor Men Solid Blue Shirt,Shirts,http://assets.myntassets.com/v1/images/style/properties/efb02228844654f999f77a96d45f656b_images.jpg
17535,Mark Taylor Men Red & White Striped Shirt,Shirts,http://assets.myntassets.com/v1/images/style/properties/56c4d787a91c11ffddc2991df9e5e6a4_images.jpg
17536,Mark Taylor Men Blue & White Striped Shirt,Shirts,http://assets.myntassets.com/v1/images/style/properties/28b931c45817cd7ed58e00bf4eca5360_images.jpg
17537,Mark Taylor Men Yellow & Blue Striped Shirt,Shirts,http://assets.myntassets.com/v1/images/style/properties/8a5ba0d1999be58335858255dbde2495_images.jpg
17538,Mark Taylor Men Red & White Striped Shirt,Shirts,http://assets.myntassets.com/v1/images/style/properties/d39675e0dd92bc9c5c57f32f6e9369e1_images.jpg
17539,Mark Taylor Men Orange & White Striped Shirt,Shirts,http://assets.myntassets.com/v1/images/style/properties/9732bd146defb356c886cff408c71022_images.jpg
1754,Lotto Men Marcello Black T-shirt,Tshirts,http://assets.myntassets.com/v1/images/style/properties/659acdbd8e5a27f5dc2f732c1405436b_images.jpg
17540,Mark Taylor Men Black & White Striped Shirt,Shirts,http://assets.myntassets.com/v1/images/style/properties/191a66dc8189e8b27cfe40369fcc1e31_images.jpg
17541,Mark Taylor Men Green & White Striped Shirt,Shirts,http://assets.myntassets.com/v1/images/style/properties/5e5348d5d74065b10d7581ce68b3cc86_images.jpg
17542,Mark Taylor Men White & Black Striped Shirt,Shirts,http://assets.myntassets.com/v1/images/style/properties/59d58107b2022b7bc47467d09dae5e6a_images.jpg
17544,Mark Taylor Men Blue & White Striped Shirt,Shirts,http://assets.myntassets.com/v1/images/style/properties/131f034c3d537635674befcdfbfefdd5_images.jpg
17545,Mark Taylor Men Brown & White Striped Shirt,Shirts,http://assets.myntassets.com/v1/images/style/properties/76cf77006662ae89c165f18afc1ec9f4_images.jpg
17546,Mark Taylor Men Pink & White Striped Shirt,Shirts,http://assets.myntassets.com/v1/images/style/properties/c810af458f23e2ff1135e888a5d81625_images.jpg
17547,Mark Taylor Men Blue & White Striped Shirt,Shirts,http://assets.myntassets.com/v1/images/style/properties/afdea32f3c22df48de8ebabda80fa4e1_images.jpg
17548,Mark Taylor Men Grey & White Striped Shirt,Shirts,http://assets.myntassets.com/v1/images/style/properties/e2918a48054d55dc9fe012c86a99ed87_images.jpg
17549,Mark Taylor Men Grey & White Striped Shirt,Shirts,http://assets.myntassets.com/v1/images/style/properties/85af45c0fdb31ac9c1427328a32a5b06_images.jpg
1755,Lotto Men Jasper Street Red T-shirt,Tshirts,http://assets.myntassets.com/v1/images/style/properties/312189443466f4c315c1d350dbc2b803_images.jpg
17550,Mark Taylor Men Red & White Striped Shirt,Shirts,http://assets.myntassets.com/v1/images/style/properties/f4b5983e5022f978edd5223265a50cdd_images.jpg
17551,Mark Taylor Men Purple & White Striped Shirt,Shirts,http://assets.myntassets.com/v1/images/style/properties/707757463c3824ad8e93307817809600_images.jpg
17552,Mark Taylor Men Blue & Cream Striped Shirt,Shirts,http://assets.myntassets.com/v1/images/style/properties/efa4873ddc7a0df4c80856c9ff756d79_images.jpg
17553,Mark Taylor Men Grey & White Striped Shirt,Shirts,http://assets.myntassets.com/v1/images/style/properties/0c3727a87209b5c0ffcea05ec6c51c08_images.jpg
17554,Mark Taylor Men Blue & White Striped Shirt,Shirts,http://assets.myntassets.com/v1/images/style/properties/917156b7415c3984d8b8560f69663f41_images.jpg
17555,Mark Taylor Men Blue & White Striped Shirt,Shirts,http://assets.myntassets.com/v1/images/style/properties/4a33143f8087d60380e62afa463f9bfa_images.jpg
17556,Mark Taylor Men Green & White Striped Shirt,Shirts,http://assets.myntassets.com/v1/images/style/properties/e25981ebe165033d9b079633f61e19df_images.jpg
17557,Mark Taylor Men Blue & White Shirt,Shirts,http://assets.myntassets.com/v1/images/style/properties/79d5ad871a03dee86e4aafc1eac909bf_images.jpg
17558,Mark Taylor Men Blue & White Striped Shirt,Shirts,http://assets.myntassets.com/v1/images/style/properties/a0a6eef171bcab88da4c740d2e89902b_images.jpg
17559,Mark Taylor Men Grey & White Striped Shirt,Shirts,http://assets.myntassets.com/v1/images/style/properties/60a06d03b44f362ff106a7a94c326aef_images.jpg
1756,Lotto Men White Polo T-shirt,Tshirts,http://assets.myntassets.com/v1/images/style/properties/17f882ff09ac2689cb7d09df6a25e0a4_images.jpg
17560,Mark Taylor Men Red & Blue Striped Shirt,Shirts,http://assets.myntassets.com/v1/images/style/properties/9a3be84a4ef72d5cdcf352752e477491_images.jpg
17561,Mark Taylor Men Blue & White Striped Shirt,Shirts,http://assets.myntassets.com/v1/images/style/properties/48e2eb1d9464fbc48627156942195de9_images.jpg
17562,Mark Taylor Men Blue & White Striped Shirt,Shirts,http://assets.myntassets.com/v1/images/style/properties/c46d1ae121fccc131ab978e10e675a58_images.jpg
17563,Mark Taylor Men Green & Pink Striped Shirt,Shirts,http://assets.myntassets.com/v1/images/style/properties/1d0fa19769a8590bedf67fd59d6da552_images.jpg
17564,Mark Taylor Men Black & White Striped Shirt,Shirts,http://assets.myntassets.com/v1/images/style/properties/fb04af0d0280cb161681e819f18bbd04_images.jpg
17565,Mark Taylor Men Blue & White Striped Shirt,Shirts,http://assets.myntassets.com/v1/images/style/properties/078595c182fd9244f68d4e4fefe2ec0a_images.jpg
17567,Mark Taylor Men Purple & White Striped Shirt,Shirts,http://assets.myntassets.com/v1/images/style/properties/8393ad05dbe82f1b714ab57ed35519cc_images.jpg
17568,Mark Taylor Men Blue & White Striped Shirt,Shirts,http://assets.myntassets.com/v1/images/style/properties/9ff4021a56bd994c4f3dfd3910d5dbc5_images.jpg
17569,Mark Taylor Men Blue & White Striped Shirt,Shirts,http://assets.myntassets.com/v1/images/style/properties/8aee7bfaa9e0ec332640fab1e28c7a01_images.jpg
1757,Lotto Men Polo Slate Black Rugby T-shirt,Tshirts,http://assets.myntassets.com/v1/images/style/properties/0c14f7513b7223720fd08a1df287bc54_images.jpg
17570,Mark Taylor Men Green & White Striped Shirt,Shirts,http://assets.myntassets.com/v1/images/style/properties/09d735f4f80703c39e4c69e8f130099a_images.jpg
17571,Mark Taylor Men Blue & White Striped Shirt,Shirts,http://assets.myntassets.com/v1/images/style/properties/1e72af80d3bccfc4e295738fa1ded05b_images.jpg
17572,Mark Taylor Men Red & White Striped Shirt,Shirts,http://assets.myntassets.com/v1/images/style/properties/b2300497a052cf60d54abe5902a94afb_images.jpg
17573,Mark Taylor Men Blue & White Striped Shirt,Shirts,http://assets.myntassets.com/v1/images/style/properties/7b1ec0dde80eb173ae863d0ef6dfc15f_images.jpg
17575,Mark Taylor Men Pink & Black Striped Shirt,Shirts,http://assets.myntassets.com/v1/images/style/properties/72c718de54204d9bc073851656555fd8_images.jpg
17576,Mark Taylor Men Brown & White Checked Shirt,Shirts,http://assets.myntassets.com/v1/images/style/properties/8aa87e265b6c94b0182f748492e1a475_images.jpg
1759,Lotto Men Epic Grey T-shirt,Tshirts,http://assets.myntassets.com/v1/images/style/properties/c6b55426eb808840aee2671d4144f642_images.jpg
1760,Lotto Men Marcello White T-shirt,Tshirts,http://assets.myntassets.com/v1/images/style/properties/46313ce238f480764d00b87c6c93a40d_images.jpg
17627,ADIDAS Men Printed Blue Jersey,Tshirts,http://assets.myntassets.com/v1/images/style/properties/3f55bce9669074199f48322cf96f97c0_images.jpg
1766,Inesis Men Blue Polo T-shirt,Tshirts,http://assets.myntassets.com/v1/images/style/properties/b351dd0beab9313aa3c9e4b528f3cf38_images.jpg
17690,Vans Men Chukka Low Grey Casual Shoes,Casual Shoes,http://assets.myntassets.com/v1/images/style/properties/420bc885dbf59a8da7ea26e2c0ccc9e7_images.jpg
17691,Vans Men Chukka Low Navy Blue Casual Shoes,Casual Shoes,http://assets.myntassets.com/v1/images/style/properties/61d5f7daa1fbc09c0b546460bc8f682a_images.jpg
17692,Vans Men Rowley Style 99 S Red Casual Shoes,Casual Shoes,http://assets.myntassets.com/v1/images/style/properties/0addbc912395fd56b587553f5bcc1f44_images.jpg
17693,Vans Men Classic Slip-On Black Casual Shoes,Casual Shoes,http://assets.myntassets.com/v1/images/style/properties/9611e688f9ea68910f9183d91ececa01_images.jpg
17694,Vans Men Authentic Navy Blue Casual Shoes,Casual Shoes,http://assets.myntassets.com/v1/images/style/properties/1407635d1342e00ef27bd27e9a892ca4_images.jpg
17695,Vans Men Authentic Maroon Casual Shoes,Casual Shoes,http://assets.myntassets.com/v1/images/style/properties/b7ad1466ade805605597dbf4c7ae7f3d_images.jpg
17696,Vans Men Rata Vulc Black Casual Shoes,Casual Shoes,http://assets.myntassets.com/v1/images/style/properties/5a9a2628dbd55f91087954562a0c072b_images.jpg
17697,Vans Men Bali Grey Casual Shoes,Casual Shoes,http://assets.myntassets.com/v1/images/style/properties/61fc19359d6093df384570f6c3421047_images.jpg
17698,Vans Men Bali Brown Casual Shoes,Casual Shoes,http://assets.myntassets.com/v1/images/style/properties/20698b069c259af3744e49f81b74b4bc_images.jpg
17699,Vans Men E-Street Brown Casual Shoes,Casual Shoes,http://assets.myntassets.com/v1/images/style/properties/6fa3b058855c5ca764c06801f921700e_images.jpg
17700,Vans Men E-Street Blue Casual Shoes,Casual Shoes,http://assets.myntassets.com/v1/images/style/properties/ea05abee5255d8534ad23ccc204cc210_images.jpg
17701,Vans Men Chauffeur Navy Blue Casual Shoes,Casual Shoes,http://assets.myntassets.com/v1/images/style/properties/024a60af3aac52a92a7c7423aa334e0e_images.jpg
17713,Reid & Taylor Men Check Blue Shirt,Shirts,http://assets.myntassets.com/v1/images/style/properties/bdadc1abcd505076658a882b5f2df51c_images.jpg
17714,Reid & Taylor Men Check Red Shirt,Shirts,http://assets.myntassets.com/v1/images/style/properties/2d25f8a6a0c62865e43b4631d59bab5e_images.jpg
17715,Reid & Taylor Men Check Brown Shirt,Shirts,http://assets.myntassets.com/v1/images/style/properties/dd633fb908bdbfa032c572fde2036d05_images.jpg
17717,Reid & Taylor Men Check Navy Blue Shirt,Shirts,http://assets.myntassets.com/v1/images/style/properties/d6771477a24607f230b3f95c6b50eca8_images.jpg
17718,Reid & Taylor Men Check Red Shirt,Shirts,http://assets.myntassets.com/v1/images/style/properties/16135b76383b2dddd6d7af08b2cf7a5a_images.jpg
17719,Reid & Taylor Men Check White Shirt,Shirts,http://assets.myntassets.com/v1/images/style/properties/89c3ad494bdbbfd8add11e17f33956e6_images.jpg
17720,Reid & Taylor Men Check White Shirt,Shirts,http://assets.myntassets.com/v1/images/style/properties/3d73c6af1589f829f518e6bdda73961a_images.jpg
17721,Reid & Taylor Men Check Burgundy Shirt,Shirts,http://assets.myntassets.com/v1/images/style/properties/3b0fd06b323d6003e0d93ebd779576a0_images.jpg
17722,Reid & Taylor Men Stripes Grey Shirt,Shirts,http://assets.myntassets.com/v1/images/style/properties/0e8a02af2c6866d510763b4803a980af_images.jpg
17723,Reid & Taylor Men Check Medium Grey Shirt,Shirts,http://assets.myntassets.com/v1/images/style/properties/a0928c6d7ac0486295df06eac61da639_images.jpg
17724,Reid & Taylor Men Check Grey Shirt,Shirts,http://assets.myntassets.com/v1/images/style/properties/ce92122dacc234b81725537407ef6463_images.jpg
17725,Reid & Taylor Men Solid Maroon Shirt,Shirts,http://assets.myntassets.com/v1/images/style/properties/174a17c8deabb136ac0e5b889fddd45b_images.jpg
17726,Reid & Taylor Men Stripes Purple Shirt,Shirts,http://assets.myntassets.com/v1/images/style/properties/124a29495a0a91c2eec59f30ba2296c9_images.jpg
17727,Reid & Taylor Men Stripes Navy Blue Shirt,Shirts,http://assets.myntassets.com/v1/images/style/properties/55c1b0fa5605bbf92ce3f1c838704445_images.jpg
17729,Reid & Taylor Men Check Grey Shirt,Shirts,http://assets.myntassets.com/v1/images/style/properties/f0671d2b6aba5bea708b122c36e99d16_images.jpg
17730,Puma Men Black Unlimited Hi Evo Lux Sneakers,Casual Shoes,http://assets.myntassets.com/v1/images/style/properties/Puma-Men-Unlimited-Hi-Evo-Lux-Black-Casual-Shoe_690d91b3a032dc0161a88d0e8712233e_images.jpg
17731,Puma Men 3.0 Mid Black Sports Shoe,Sports Shoes,http://assets.myntassets.com/v1/images/style/properties/60d22abb95b30e377d74c644f8c1cfb3_images.jpg
17732,Puma Men Fox Mid Brown Sports Shoe,Sports Shoes,http://assets.myntassets.com/v1/images/style/properties/d20b185c7ee79243b24953b5525f5ce9_images.jpg
17738,Puma Men Voltaic WP Black Sports Shoe,Sports Shoes,http://assets.myntassets.com/v1/images/style/properties/39bea338d701c875a61fbbca3e10e074_images.jpg
17740,Puma Men Bolt Fass Yellow Sports Shoes,Sports Shoes,http://assets.myntassets.com/v1/images/style/properties/3fd8655407718ca71589530d05274b63_images.jpg
17743,Puma Men Bolt Fass Blue Sports Shoe,Sports Shoes,http://assets.myntassets.com/v1/images/style/properties/9ea8fcb7db938dfd8c24ac11195477cb_images.jpg
17745,Puma Men Voltaic WP White Sports Shoe,Sports Shoes,http://assets.myntassets.com/v1/images/style/properties/a343ce886129988bf5243e0807630b1c_images.jpg
17746,Puma Men Excitmo I FG White Sports Shoe,Sports Shoes,http://assets.myntassets.com/v1/images/style/properties/096f83d129a47dd53a6795385d2397b4_images.jpg
17747,Puma Men Track Cat Black Casual Shoe,Casual Shoes,http://assets.myntassets.com/v1/images/style/properties/ab6525389522ec8cb965d55d094a345d_images.jpg
17750,Highlander Men Stripes Navy Blue Shirt,Shirts,http://assets.myntassets.com/v1/images/style/properties/75997352962711006b4a7c9c744c317d_images.jpg
17751,Highlander Men Stripes Navy Blue Shirt,Shirts,http://assets.myntassets.com/v1/images/style/properties/6e03fb7365a228ef94e46ac09d25d1c8_images.jpg
17752,Highlander Men Check Blue Shirt,Shirts,http://assets.myntassets.com/v1/images/style/properties/4cb0469b8f77a0ad094e1205e8a62351_images.jpg
17753,Highlander Men Check Green Shirt,Shirts,http://assets.myntassets.com/v1/images/style/properties/1c3c8520246daf327668dd2e2eba0344_images.jpg
17754,Highlander Men Check Purple Shirt,Shirts,http://assets.myntassets.com/v1/images/style/properties/1af0e71a2fac42f765e9009820cf1c11_images.jpg
17755,Highlander Men Check Blue Shirt,Shirts,http://assets.myntassets.com/v1/images/style/properties/a6585dd093a0ae83a5cde928e00b2843_images.jpg
17756,Buckaroo Men Meztli Brown Casual Shoe,Casual Shoes,http://assets.myntassets.com/v1/images/style/properties/35ebd6a74a5f1b1056df9861ec41a9f5_images.jpg
17757,Buckaroo Men New Gemma Brown Casual Shoe,Casual Shoes,http://assets.myntassets.com/v1/images/style/properties/bd09c374ad4aad53f5eacb28f3ce1c6d_images.jpg
17758,Buckaroo Men New Gemma Tan Casual Shoe,Casual Shoes,http://assets.myntassets.com/v1/images/style/properties/b0fa8179d523689f85d0819171e8cfb3_images.jpg
17759,Buckaroo Men Rey charcoal Casual Shoe,Casual Shoes,http://assets.myntassets.com/v1/images/style/properties/87920625f562fe5a7c9bc300a42dc307_images.jpg
17766,Buckaroo Jefe Men Olive Casual Shoes,Casual Shoes,http://assets.myntassets.com/v1/images/style/properties/Buckaroo-Men-Jefe-Olive-Casual-Shoe_b78219dca33977aeb609f1f2ab9a20af_images.jpg
17767,Buckaroo Men Nuevo Black Casual Shoe,Casual Shoes,http://assets.myntassets.com/v1/images/style/properties/fe3ec2c93aec7809977833f1316def4e_images.jpg
17768,Buckaroo Men New Amanda Brown Casual Shoe,Casual Shoes,http://assets.myntassets.com/v1/images/style/properties/7bce067dcdb4dd56dc7e4a47cdb17149_images.jpg
17769,Buckaroo Men Meztli Brown Casual Shoe,Casual Shoes,http://assets.myntassets.com/v1/images/style/properties/502f572981c57438a160fc84c2910e53_images.jpg
17785,Reid & Taylor Men Solid Brown Socks,Socks,http://assets.myntassets.com/v1/images/style/properties/25c64e79207293b8be2184d30e76924a_images.jpg
17786,Reid & Taylor Men Solid Grey Socks,Socks,http://assets.myntassets.com/v1/images/style/properties/c33585aea807fe1155462ebbd49466a2_images.jpg
17787,Reid & Taylor Men Solid Grey Socks,Socks,http://assets.myntassets.com/v1/images/style/properties/4551ad094117195f722d90fc9f001726_images.jpg
17788,Reid & Taylor Men Stripes Black Socks,Socks,http://assets.myntassets.com/v1/images/style/properties/102ca37dcab6c711c23f385af0e5f2fc_images.jpg
17789,Reid & Taylor Men Solid Olive Socks,Socks,http://assets.myntassets.com/v1/images/style/properties/3b8a8ae3aa3181109e19aeae629eb91c_images.jpg
17790,Reid & Taylor Men Solid Cream Socks,Socks,http://assets.myntassets.com/v1/images/style/properties/8e65f9ec1cdacf2fa1db99e665e0ae23_images.jpg
17791,Reid & Taylor Men Solid Black Socks,Socks,http://assets.myntassets.com/v1/images/style/properties/fb6883ae5f339e7f2839da3bbbd66c84_images.jpg
17792,Reid & Taylor Men Solid Grey Socks,Socks,http://assets.myntassets.com/v1/images/style/properties/74d332968e9b43a0e2c8e40f86e75db4_images.jpg
17793,Reid & Taylor Men Solid Brown Socks,Socks,http://assets.myntassets.com/v1/images/style/properties/53f71e70ed546e67ace4877ebb1c0cda_images.jpg
17794,Reid & Taylor Men Stripes Brown Socks,Socks,http://assets.myntassets.com/v1/images/style/properties/03427f2a8c1f2078e2d82101a04fb08f_images.jpg
17796,Chhota Bheem Kids Boy I Like to be Naughty Green Tshirt,Tshirts,http://assets.myntassets.com/v1/images/style/properties/08783797393ef0db2b65f9e3140a422c_images.jpg
17797,Chhota Bheem Kids Boy Laddoo Feast Turquoise Tshirt,Tshirts,http://assets.myntassets.com/v1/images/style/properties/81e02a24cf381bd47ae3dcb775002c3b_images.jpg
17798,Chhota Bheem Kids Boy Men Journey to Petra Orange Tshirt,Tshirts,http://assets.myntassets.com/v1/images/style/properties/e480a974a591f6fd050e5ab5b87ebfab_images.jpg
17799,Chhota Bheem Kids Boy Men Journey to Petra Orange Tshirt,Tshirts,http://assets.myntassets.com/v1/images/style/properties/cb54e8d83dc7df0e7144a69acc8ced46_images.jpg
17801,Chhota Bheem Kids Boy Power Punch White Tshirt,Tshirts,http://assets.myntassets.com/v1/images/style/properties/295b26d9ff6eb325d005051227687534_images.jpg
17805,Chhota Bheem Kids Boy Dholakpur Meri Jaan Blue Tshirt,Tshirts,http://assets.myntassets.com/v1/images/style/properties/91a16b98f70b6a5905fb1ef9456086b4_images.jpg
17809,Chhota Bheem Kids Boy Chhota Bheem and Krishna Multi Tshirt,Tshirts,http://assets.myntassets.com/v1/images/style/properties/d96704b886fc4809178bedcb49ecfeaa_images.jpg
17810,Chhota Bheem Kids Boy Chhota Bheem and Krishna Multi Tshirt,Tshirts,http://assets.myntassets.com/v1/images/style/properties/9858787db8c41bebfd80eaf9a9798722_images.jpg
17811,Chhota Bheem Kids Boy Krishna Balram Multi Tshirt,Tshirts,http://assets.myntassets.com/v1/images/style/properties/7169a9feba4a7f0f3f7ecdab05cfd091_images.jpg
17812,Chhota Bheem Kids Boy Krishna Balram Multi Tshirt,Tshirts,http://assets.myntassets.com/v1/images/style/properties/9401260bc6f1da314ef28e5502ecab8c_images.jpg
17813,Lee Cooper Men  Brown Casual Shoe,Casual Shoes,http://assets.myntassets.com/v1/images/style/properties/489abfd6cc785c67b99041f7217d33c9_images.jpg
17814,Lee Cooper Men  Black Casual Shoe,Casual Shoes,http://assets.myntassets.com/v1/images/style/properties/66378e03115ef568fb9c485f5314738f_images.jpg
17818,Lee Cooper Men  Brown Casual Shoe,Casual Shoes,http://assets.myntassets.com/v1/images/style/properties/7a766475a798a004a5c2bc75e155940d_images.jpg
1782,Kalenji Men's Kapteren Black Shoe,Sports Shoes,http://assets.myntassets.com/v1/images/style/properties/ae8c7191c026437aa3d3eb1627a111f8_images.jpg
17821,Lee Cooper Men  Black Casual Shoe,Casual Shoes,http://assets.myntassets.com/v1/images/style/properties/e7f8d312217beb076b49eff5ba2e440a_images.jpg
17823,Nike Men  Court Majestic White Casual Shoe,Casual Shoes,http://assets.myntassets.com/v1/images/style/properties/36886df8953c40042cc2e47b380dad55_images.jpg
17827,Nike Men Air Force 1 '07 White Casual Shoe,Casual Shoes,http://assets.myntassets.com/v1/images/style/properties/7c25b9c0b52b86ec24344b5debbd80ff_images.jpg
17828,Nike Men Air Max 1 White Casual Shoe,Casual Shoes,http://assets.myntassets.com/v1/images/style/properties/13689e64da4dae6df611cad63beddbbd_images.jpg
17829,Nike Men Dual Fusion ST 2 White Sports Shoe,Sports Shoes,http://assets.myntassets.com/v1/images/style/properties/d7773718d15efbcdeca89c5581004cd5_images.jpg
17830,Nike Men Air Max Ultra Black Sports Shoe,Sports Shoes,http://assets.myntassets.com/v1/images/style/properties/fb8ebefb06a8714c89959a14b95fc563_images.jpg
17831,Nike Men Air Max 1 Black Casual Shoe,Casual Shoes,http://assets.myntassets.com/v1/images/style/properties/bc5a810eb1caf91ee0c3d1547e8ade83_images.jpg
17832,Nike Men Dunk High Navy Blue Casual Shoe,Casual Shoes,http://assets.myntassets.com/v1/images/style/properties/3173c7b2e3eaa0bb248eeaeb68abc964_images.jpg
17833,Nike Men Black Air Endurance Sports Shoes,Sports Shoes,http://assets.myntassets.com/v1/images/style/properties/Nike-Men-Sports-Shoes_7cd3386ce4930185cb3a6c7e35624436_images.jpg
17834,Nike Men Air Max Run Lite+ Grey Sports Shoe,Sports Shoes,http://assets.myntassets.com/v1/images/style/properties/60d6ba749eeaf97e1d17e7b9abe88e00_images.jpg
17839,Nike Men Air Impel Leather White Sports Shoe,Sports Shoes,http://assets.myntassets.com/v1/images/style/properties/f758a85204eefa94fe7fd35a6a5de279_images.jpg
1784,Lotto Men's Melbourne White-Red Shoe,Sports Shoes,http://assets.myntassets.com/v1/images/style/properties/0d2841abb8147b0447945d30f0cb50ad_images.jpg
17840,Nike Men Air Quick Handle Red Sports Shoe,Sports Shoes,http://assets.myntassets.com/v1/images/style/properties/c481346a8ed1ce44ec54b459af7de08a_images.jpg
17843,Nike Men Legend White Casual Shoe,Casual Shoes,http://assets.myntassets.com/v1/images/style/properties/ec389bff499da43509c1188fa44ef12b_images.jpg
17844,Nike Men Air Compel White Sports Shoe,Sports Shoes,http://assets.myntassets.com/v1/images/style/properties/af5068b7d19a6e2b0c96c717f170171b_images.jpg
17845,Nike Men T90 Shoot I\/ HG-B White Sports Shoe,Sports Shoes,http://assets.myntassets.com/v1/images/style/properties/94e4145eec6b3be73043366a9daeb826_images.jpg
17846,Nike Men Supergame Black Sports Shoe,Sports Shoes,http://assets.myntassets.com/v1/images/style/properties/897336e710167034f7e9066114bbb79c_images.jpg
17847,Nike Men Air Impetus II White Sports Shoe,Sports Shoes,http://assets.myntassets.com/v1/images/style/properties/d30175afac8812e0b52c4fb7cc8aa0ee_images.jpg
1785,Lotto Men Brighton White-Blue Shoe,Sports Shoes,http://assets.myntassets.com/v1/images/style/properties/402bcddf8ef924cb0d95edde98def6c5_images.jpg
1786,Lotto Men's Court Logo White Shoe,Sports Shoes,http://assets.myntassets.com/v1/images/style/properties/b0825063c44f311be3ab28cc80809a48_images.jpg
1787,Lotto Men Court Logo White-Silver Shoe,Sports Shoes,http://assets.myntassets.com/v1/images/style/properties/e57147ef28336ef367569a98fb2ec3da_images.jpg
1788,Lotto Men's Court-White-Blue Shoe,Sports Shoes,http://assets.myntassets.com/v1/images/style/properties/224707d646cbe90605105b4ee9e36b38_images.jpg
1789,Lotto Men OSLO Grey-Orange Shoe,Sports Shoes,http://assets.myntassets.com/v1/images/style/properties/3aac27dcdfae46d959b8a4a0bbc30919_images.jpg
17896,Nike Mens Football Red Jersey,Tshirts,http://assets.myntassets.com/v1/images/style/properties/6e7f6bebacd49d7dddba89a66d228b6f_images.jpg
17914,Nike Mens Polo Black T-shirt,Tshirts,http://assets.myntassets.com/v1/images/style/properties/174e2879ab8bce4c10554a50718cc01c_images.jpg
17918,Nike Men White Polo Tshirt,Tshirts,http://assets.myntassets.com/v1/images/style/properties/226d540854df38391080a778b666bd69_images.jpg
17920,Nike Mens Traning Blue T-shirt,Tshirts,http://assets.myntassets.com/v1/images/style/properties/258f4d76dec7e5baef4f21ba77edf057_images.jpg
17921,Nike Men Cricket Blue Jersey,Tshirts,http://assets.myntassets.com/v1/images/style/properties/5d64593431e5e803c34ddafe16f008ff_images.jpg
17922,Nike Mens Polo Dark Brown T-shirt,Tshirts,http://assets.myntassets.com/v1/images/style/properties/67203324785c5469f023cea61f72a0df_images.jpg
17932,Puma Men Logo Blue Tshirt,Tshirts,http://assets.myntassets.com/v1/images/style/properties/89415c8cb9d5b43db30694464e6056f4_images.jpg
17933,Puma Men Ferrari Logo Tee II Red Tshirt,Tshirts,http://assets.myntassets.com/v1/images/style/properties/24505e77ca3c09123db1c2deed122acb_images.jpg
17935,Puma Men Training Tee Black Tshirt,Tshirts,http://assets.myntassets.com/v1/images/style/properties/8d536731f32f805706125cf952e9aff9_images.jpg
17936,Puma Men Ferrari Logo Tee II Black Tshirt,Tshirts,http://assets.myntassets.com/v1/images/style/properties/6d0304b7a9fe1235d56644b774a1eafb_images.jpg
17937,Puma Men Ducati One ups Tee 2 Black Tshirt,Tshirts,http://assets.myntassets.com/v1/images/style/properties/6f80a0c8497560bfcc948c7a88640e02_images.jpg
17940,Puma Men Heroes T7 Green Tshirt,Tshirts,http://assets.myntassets.com/v1/images/style/properties/b21b0e241b6a720bc4c5e04880133885_images.jpg
17941,Puma Men Polo Striped Jersey Red Tshirt,Tshirts,http://assets.myntassets.com/v1/images/style/properties/66fb9e5cb7ed965a20211ae28d6d3ece_images.jpg
17942,Puma Men Polo Striped Jersey Grey Tshirt,Tshirts,http://assets.myntassets.com/v1/images/style/properties/7d47943d063d0e6ddbab452055975490_images.jpg
17943,Puma Men Yellow Tshirt,Tshirts,http://assets.myntassets.com/v1/images/style/properties/11a4491f39ef48990ed488dce5056683_images.jpg
17944,Puma Men Striped  Polo Red Tshirt,Tshirts,http://assets.myntassets.com/v1/images/style/properties/58eae3aa921d6f88d523f2ead3819af7_images.jpg
1796,Domyos Men Performance Blue T-shirt,Tshirts,http://assets.myntassets.com/v1/images/style/properties/495638bca776bb823d9b75366d3a9eff_images.jpg
17972,Puma Men Wirko White Sports Shoe,Sports Shoes,http://assets.myntassets.com/v1/images/style/properties/8c27c9b6384e8cebfdccc2ace8316075_images.jpg
17977,Puma Men Wirko Black Sports Shoe,Sports Shoes,http://assets.myntassets.com/v1/images/style/properties/8c69f048d878fc27a2da3a5275bc99ea_images.jpg
17978,Puma Men Funpack Red Casual Shoe With Extra Lace,Casual Shoes,http://assets.myntassets.com/v1/images/style/properties/beaebd8188d6b3b9eed1eafd8f2d90f2_images.jpg
1798,Domyos Men Slt Compression T-shirt,Tshirts,http://assets.myntassets.com/v1/images/style/properties/81e30590702bd5c1a927067c2d46c931_images.jpg
17982,Puma Men Wirko White Sports Shoes,Sports Shoes,http://assets.myntassets.com/v1/images/style/properties/Puma-Men-Casual-Shoes_809832326039e06ba37bc13c7adb6550_images.jpg
17998,Puma Men Graphic Tee Red Tshirt,Tshirts,http://assets.myntassets.com/v1/images/style/properties/4dba7c2a7388f34d8ba093b4bad26f4b_images.jpg
18003,Puma Men Training Polo Blue Tshirt,Tshirts,http://assets.myntassets.com/v1/images/style/properties/677db1205de1651afef95a344c29747a_images.jpg
18004,Puma Men Speed Grapic tee Blue Tshirt,Tshirts,http://assets.myntassets.com/v1/images/style/properties/07134d323ed1ae0a7d3a46d8ddf75874_images.jpg
1802,Quechua Men's Arpenaz Flex Yellow Shoe,Sports Shoes,http://assets.myntassets.com/v1/images/style/properties/d9324b33b554dff071398e23a1e6c8c4_images.jpg
1805,Quechua Men Forclaz 1OO Beige Shoe,Casual Shoes,http://assets.myntassets.com/v1/images/style/properties/42dda7381af15edd84215107a878df86_images.jpg
1807,Quechua Men G1 Techfresh Red T-shirt,Tshirts,http://assets.myntassets.com/v1/images/style/properties/4bd6a8d5d6545a89d7e4662b55efa71f_images.jpg
1810,Tribord Profilter Red Men T-shirt,Tshirts,http://assets.myntassets.com/v1/images/style/properties/eb1ebb1395ff28bc724a79811b906041_images.jpg
1811,Solognac Men Orange T-shirt,Tshirts,http://assets.myntassets.com/v1/images/style/properties/df03b8d97241493ee21d478fcfb2021c_images.jpg
1812,Solognac Men Green T-shirt,Tshirts,http://assets.myntassets.com/v1/images/style/properties/84f9f49ddc0929cba1f5748361e1e54a_images.jpg
1813,Solognac Men Dark Blue T-shirt,Tshirts,http://assets.myntassets.com/v1/images/style/properties/06037b7531dd2e9e13944ab253912ef8_images.jpg
1814,Solognac Men Chocolate Brown  T-shirt,Tshirts,http://assets.myntassets.com/v1/images/style/properties/49e83ae321592864b9e4e2472fd1670c_images.jpg
18195,Highlander Men Check Blue Shirt,Shirts,http://assets.myntassets.com/v1/images/style/properties/4e72e8ea7527ae6c38e84464300baa27_images.jpg
18215,Manchester United Men Solid Black Socks,Socks,http://assets.myntassets.com/v1/images/style/properties/e294573febd2960d99fc0e28cd036e0a_images.jpg
18216,Manchester United Men Solid Red Socks,Socks,http://assets.myntassets.com/v1/images/style/properties/649e1679df61178a59ff715c0608694a_images.jpg
18217,Manchester United Men Solid Grey Socks,Socks,http://assets.myntassets.com/v1/images/style/properties/95636110c60522f85c75c18ed6057e10_images.jpg
18218,Manchester United Men Black Socks,Socks,http://assets.myntassets.com/v1/images/style/properties/fe7f2c3b3baf3fac3b49faff75a4ead1_images.jpg
18219,Manchester United Men Grey Socks,Socks,http://assets.myntassets.com/v1/images/style/properties/cc2ffe4a0b05a0f1869287a2f9168171_images.jpg
18220,Manchester United Men Red Socks,Socks,http://assets.myntassets.com/v1/images/style/properties/69b61756ee7bc2a92998256759e7e005_images.jpg
18221,Manchester United Men Stripes Black Socks,Socks,http://assets.myntassets.com/v1/images/style/properties/145ded55cbe60d07ec2784ae98e7506f_images.jpg
18222,Manchester United Men Stripes White Socks,Socks,http://assets.myntassets.com/v1/images/style/properties/4b2c200fc920a18b33fbbfebb891f056_images.jpg
18223,Manchester United Men Stripes Red Socks,Socks,http://assets.myntassets.com/v1/images/style/properties/202b6f8cec326e2b306895b6e60fa236_images.jpg
18224,Manchester United Men Printed Red Tshirt,Tshirts,http://assets.myntassets.com/v1/images/style/properties/b2222a5c5e5d964a52927b2f87cde3c6_images.jpg
18225,Manchester United Men Printed White Tshirt,Tshirts,http://assets.myntassets.com/v1/images/style/properties/9156680357da29ac7f5113964457be29_images.jpg
18226,Manchester United Men Printed Grey Tshirt,Tshirts,http://assets.myntassets.com/v1/images/style/properties/beac0e72da48c07682e18afc0b11a0ea_images.jpg
18227,Manchester United Men Printed Black Tshirt,Tshirts,http://assets.myntassets.com/v1/images/style/properties/68302460c6220ca73deee0d298e044c7_images.jpg
18229,Manchester United Men Printed Red Tshirt,Tshirts,http://assets.myntassets.com/v1/images/style/properties/aaea5c8fb67c129d08f9a4699fe812a6_images.jpg
18230,Manchester United Men Printed White Tshirt,Tshirts,http://assets.myntassets.com/v1/images/style/properties/4a8e310b6a7184ea58ad3a7dc8590b27_images.jpg
18231,Manchester United Men Printed Navy Blue Tshirt,Tshirts,http://assets.myntassets.com/v1/images/style/properties/2054baf92418543cc53af9d277e51b49_images.jpg
18232,Manchester United Men Printed Black Tshirt,Tshirts,http://assets.myntassets.com/v1/images/style/properties/19896fd23f8c7bc7057d4cb7ba91e331_images.jpg
18233,Manchester United Men Printed Red Tshirt,Tshirts,http://assets.myntassets.com/v1/images/style/properties/970fe19a321c6151a64c8cc66988c36a_images.jpg
18234,Manchester United Men Printed Grey Tshirt,Tshirts,http://assets.myntassets.com/v1/images/style/properties/b34c0d8c1a95cc49c6774e66b18a6522_images.jpg
18235,Manchester United Men Printed White Tshirt,Tshirts,http://assets.myntassets.com/v1/images/style/properties/7058eb21166cf86100a3a7ff44098459_images.jpg
18236,Manchester United Men Solid White Tshirt,Tshirts,http://assets.myntassets.com/v1/images/style/properties/09c5fade4b71b101549e590a44cd05b0_images.jpg
18237,Manchester United Men Solid Red Tshirt,Tshirts,http://assets.myntassets.com/v1/images/style/properties/eba1c1b241555d8afa3f7232ed2c6933_images.jpg
18238,Manchester United Men Printed White Tshirt,Tshirts,http://assets.myntassets.com/v1/images/style/properties/21f8a498ad04f7b36f5d1fef9853a415_images.jpg
18240,Manchester United Men Solid Red Tshirt,Tshirts,http://assets.myntassets.com/v1/images/style/properties/297b23abe403c8a80272d7b4d08515f0_images.jpg
18241,Manchester United Men Printed Red Tshirt,Tshirts,http://assets.myntassets.com/v1/images/style/properties/35f879bd2f09306f41e87c621f008056_images.jpg
18242,Manchester United Men Printed White Tshirt,Tshirts,http://assets.myntassets.com/v1/images/style/properties/94990e8b84f594f76c610237f6c6d505_images.jpg
18243,Manchester United Men Printed White Tshirt,Tshirts,http://assets.myntassets.com/v1/images/style/properties/24a1cc75b6fa1355ef86ab5ee54bf703_images.jpg
18244,Manchester United Men Printed Yellow T-Shirt,Tshirts,http://assets.myntassets.com/v1/images/style/properties/74d039a0de9ebc43c5603bcf04fc944d_images.jpg
18245,Manchester United Men Printed White Tshirt,Tshirts,http://assets.myntassets.com/v1/images/style/properties/96ca0347c4d87fdc8e0cb1e71b6de530_images.jpg
18246,Manchester United Men Printed Grey Tshirt,Tshirts,http://assets.myntassets.com/v1/images/style/properties/72cd2fbb32b8b8552d196779855e1454_images.jpg
18248,Manchester United Men Printed Black Tshirt,Tshirts,http://assets.myntassets.com/v1/images/style/properties/5f28f1d91879bb301f3308bac8290431_images.jpg
18249,Manchester United Men Printed Red Tshirt,Tshirts,http://assets.myntassets.com/v1/images/style/properties/7851bc6d71d0ce964b5ca72a0225942e_images.jpg
1827,Nike Men's Downshifter White/Blue Shoe,Sports Shoes,http://assets.myntassets.com/v1/images/style/properties/e9441f875b874c180252e0a7f1a42d8f_images.jpg
1828,Nike Men's Air Afterburner Shoe,Sports Shoes,http://assets.myntassets.com/v1/images/style/properties/dc9bbd5e329ffc169a1264225d112d40_images.jpg
18305,Wills Lifestyle Men Striped Pink Shirt,Shirts,http://assets.myntassets.com/v1/images/style/properties/b6df11d9c445749ee40836360b01561e_images.jpg
18306,Wills Lifestyle Men Check White Shirt,Shirts,http://assets.myntassets.com/v1/images/style/properties/6f8dc4bf2488a23f42e738bd2b51342e_images.jpg
18307,Wills Lifestyle Men Check Brown Shirt,Shirts,http://assets.myntassets.com/v1/images/style/properties/80496cde01a0ee815b32a906f80e6fe4_images.jpg
18308,Wills Lifestyle Men Striped Green T-shirt,Tshirts,http://assets.myntassets.com/v1/images/style/properties/f7ba2041921fd2e6928b85aaf77502f1_images.jpg
18309,Wills Lifestyle Men Striped Navy Blue T-shirt,Tshirts,http://assets.myntassets.com/v1/images/style/properties/f42dce75cdb40972823c52c53fdcab8a_images.jpg
1831,Nike Men's Air Impetus Shoe,Sports Shoes,http://assets.myntassets.com/v1/images/style/properties/2b7f6813cc0aebb2e517ddee5cf57830_images.jpg
18310,Wills Lifestyle Men Striped Black T-Shirt,Tshirts,http://assets.myntassets.com/v1/images/style/properties/1d6f77161042647e3662abd6f3b521e3_images.jpg
18314,Wills Lifestyle Men Check Red Shirt,Shirts,http://assets.myntassets.com/v1/images/style/properties/8058bdab727133c75a5caf1651316058_images.jpg
18316,Wills Lifestyle Men Check Green Shirt,Shirts,http://assets.myntassets.com/v1/images/style/properties/17bee56e9b5d9e2c32e93f6d5464a882_images.jpg
18317,Wills Lifestyle Men Check Maroon Shirt,Shirts,http://assets.myntassets.com/v1/images/style/properties/0bc21b20e0476a2d87a0bcd8dac47034_images.jpg
18318,Wills Lifestyle Men Check Purple Shirt,Shirts,http://assets.myntassets.com/v1/images/style/properties/17fc11180fff4197ba375459dab59693_images.jpg
18319,Wills Lifestyle Men Check Maroon Shirt,Shirts,http://assets.myntassets.com/v1/images/style/properties/1fc7fe829f371776a7e89a0af9484dc7_images.jpg
1832,Nike Lunarswift Shoe,Sports Shoes,http://assets.myntassets.com/v1/images/style/properties/7c7537bc15049165f91429931e9142be_images.jpg
18320,Wills Lifestyle Men Check Green Shirt,Shirts,http://assets.myntassets.com/v1/images/style/properties/d2380c3544e77e5ba85dddf4430923f3_images.jpg
18321,Wills Lifestyle Men Check Purple Shirt,Shirts,http://assets.myntassets.com/v1/images/style/properties/b2babd772790e0e27c19d78df532efe1_images.jpg
18322,Wills Lifestyle Men Check Grey Shirt,Shirts,http://assets.myntassets.com/v1/images/style/properties/29d4484aa34c082622bef91fa2f06239_images.jpg
18323,Wills Lifestyle Men Check Green Shirt,Shirts,http://assets.myntassets.com/v1/images/style/properties/4dae2d36011a4d18f2e1221f803cc2f8_images.jpg
18324,Wills Lifestyle Men Check Navy Blue Shirt,Shirts,http://assets.myntassets.com/v1/images/style/properties/69936c1452ebf9aa1a822ebaca3705a1_images.jpg
18326,Wills Lifestyle Men Check Black Shirt,Shirts,http://assets.myntassets.com/v1/images/style/properties/f397cd067ec805afb2f15827237a0c4a_images.jpg
18327,Wills Lifestyle Men Check Black Shirt,Shirts,http://assets.myntassets.com/v1/images/style/properties/80ebc0930e47b2ba2e3fe9c6e1f705da_images.jpg
1833,Nike Men's Ballista Shoe,Sports Shoes,http://assets.myntassets.com/v1/images/style/properties/0cddbb9c06391f382aa2fc6d2eab33a1_images.jpg
18345,Fila Men Ankel White Socks,Socks,http://assets.myntassets.com/v1/images/style/properties/Fila-Men-Ankel-White-Socks08d32ff962b29c0c6545a7eba2180379_images.jpg
18346,Fila Men Crew White Socks,Socks,http://assets.myntassets.com/v1/images/style/properties/46844c866d9f57116176f83a01dad401_images.jpg
18350,Fila Mens Ankel Logo White Socks,Socks,http://assets.myntassets.com/v1/images/style/properties/Fila-Mens-Ankel-Logo-White-Socks325b77359c4db4681e0ec6ef400b17ba_images.jpg
18352,Fila Men Grey Socks,Socks,http://assets.myntassets.com/v1/images/style/properties/b2c5c22e77410d64a7f4398a965bb819_images.jpg
18353,Fila Men Ankel Black Socks,Socks,http://assets.myntassets.com/v1/images/style/properties/Fila-Men-Ankel-Black-Socksfede286874dd42e3877b621cc1a934a9_images.jpg
18354,Fila Men Performance Ankel  White Socks,Socks,http://assets.myntassets.com/v1/images/style/properties/Fila-Men-Performance-Ankel-White-Socks38b273d71afeedf97e2c10bacda271b8_images.jpg
18355,Fila Men Ankel White Socks,Socks,http://assets.myntassets.com/v1/images/style/properties/Fila-Men-Ankel-White-Socksc0ea883da7715ddeb46b3852457cdcc8_images.jpg
18356,Fila Men Ankel Logo Black Socks,Socks,http://assets.myntassets.com/v1/images/style/properties/1709f8f692552a3ebb59bc3f64b14618_images.jpg
18357,Fila Men Ankel Grey Socks,Socks,http://assets.myntassets.com/v1/images/style/properties/4fed3d0d9138f5a65ad4949abfeede76_images.jpg
18358,Fila Men Ankel Black Socks,Socks,http://assets.myntassets.com/v1/images/style/properties/7c6eb47e06879564b2c358205852642c_images.jpg
18359,Fila Men No Show White Socks,Socks,http://assets.myntassets.com/v1/images/style/properties/2d7d143faf35e692d601f316592cfa39_images.jpg
1836,Nike Air Visi Sleek Shoes,Sports Shoes,http://assets.myntassets.com/v1/images/style/properties/cae015b083e7581db36c6df436b7ef80_images.jpg
18360,Fila  Men Crew Black Socks,Socks,http://assets.myntassets.com/v1/images/style/properties/ff130ccc279f2a801d3a8e6e2db22c2e_images.jpg
18361,Fila Men Black And White Socks,Socks,http://assets.myntassets.com/v1/images/style/properties/FILA-Men-Socks_6f31b2b3255e52ca24d16168f325f31e_images.jpg
18363,Fila Men Deckers White Shoes,Casual Shoes,http://assets.myntassets.com/v1/images/style/properties/81cbf250a5c912f343c4da8f117f73b2_images.jpg
18400,Skechers Men Fusion Grey Shoe,Casual Shoes,http://assets.myntassets.com/v1/images/style/properties/66f89165b6125dd67bcaf9dc059050f4_images.jpg
18402,Skechers Men USA Black Shoe,Casual Shoes,http://assets.myntassets.com/v1/images/style/properties/865391bfae0dcdf364ce8c996804f2e8_images.jpg
18403,Skechers Men Tone-Ups Black Shoe,Casual Shoes,http://assets.myntassets.com/v1/images/style/properties/87cd7b092091609ac02f152cb50960f2_images.jpg
18404,Skechers Men USA Brown Shoe,Casual Shoes,http://assets.myntassets.com/v1/images/style/properties/d954c9d70790069ca29f9346d28c1a94_images.jpg
18405,Skechers Men USA Brown Shoe,Casual Shoes,http://assets.myntassets.com/v1/images/style/properties/0864f725df98a182b763bcc00eadecac_images.jpg
18406,Skechers Men USA Black Shoe,Casual Shoes,http://assets.myntassets.com/v1/images/style/properties/86617f1b765545c807c73f9596d37e44_images.jpg
1841,Puma Men's Calibre Convertible Spike Shoe,Sports Shoes,http://assets.myntassets.com/v1/images/style/properties/4dc04075155e631f7b26cffd521b5837_images.jpg
18412,Skechers MenShape-Ups White Shoe,Sports Shoes,http://assets.myntassets.com/v1/images/style/properties/6d7c3949ad6f784c45e179ea26d5995e_images.jpg
18413,Skechers Men Shape-Ups Black Shoe,Sports Shoes,http://assets.myntassets.com/v1/images/style/properties/88daaeb76ab35bb0ea2b9be84da33a9f_images.jpg
18415,Skechers Men USA Brown Shoe,Casual Shoes,http://assets.myntassets.com/v1/images/style/properties/5575194913f2605db22527d0f708c8c4_images.jpg
18416,Skechers Men USA White Shoe,Casual Shoes,http://assets.myntassets.com/v1/images/style/properties/71a7d7b9f553528cde3234a7e14a9437_images.jpg
18419,Skechers Men Shape-Ups Black Shoe,Sports Shoes,http://assets.myntassets.com/v1/images/style/properties/cfa78c1f006328a17eeeeca8b5f9926f_images.jpg
1842,Puma Men's Calibre Rubber Shoe,Sports Shoes,http://assets.myntassets.com/v1/images/style/properties/69ddc3b701364ea543ddd5bbd8a30056_images.jpg
1844,Inkfruit Mens D day T-shirt,Tshirts,http://assets.myntassets.com/v1/images/style/properties/4277255ed42045be583bb47e71fec36a_images.jpg
1845,Inkfruit Mens Surfer T-shirt,Tshirts,http://assets.myntassets.com/v1/images/style/properties/b69d7089aa9100274594830179b9dd21_images.jpg
1846,Inkfruit Men Buddha Bless You T-shirt,Tshirts,http://assets.myntassets.com/v1/images/style/properties/6536b9192cfd97f3a9e78b71e9d77688_images.jpg
1847,Inkfruit Mens Messy T-shirt,Tshirts,http://assets.myntassets.com/v1/images/style/properties/1d283082973fef3a9bdfb239900347ce_images.jpg
18473,Puma Men Calcetto Black Casual Shoes,Casual Shoes,http://assets.myntassets.com/v1/images/style/properties/859faa9ac9168f875e3ecd8d064633fb_images.jpg
18474,Puma Men Calcetto White Casual Shoes,Casual Shoes,http://assets.myntassets.com/v1/images/style/properties/da6d2c63fa9687276ddac56f05a27590_images.jpg
18475,Puma Men Racer Bright Green Sports Shoes,Sports Shoes,http://assets.myntassets.com/v1/images/style/properties/11352802f3f6edaeb74f3ff285d8d199_images.jpg
18476,Puma Men Yacht Lifevest Yellow Casual Shoes,Casual Shoes,http://assets.myntassets.com/v1/images/style/properties/8082beec818988913878c19ff1010f9d_images.jpg
18477,Puma Men Yacht Lifevest Red Casual Shoes,Casual Shoes,http://assets.myntassets.com/v1/images/style/properties/1b57fb176323ada08fd14e33ff725916_images.jpg
18478,Puma Men Yacht Lifevest Navy Casual Shoes,Casual Shoes,http://assets.myntassets.com/v1/images/style/properties/2ac43b18c3bd6361f4cfcd56d4f1ed53_images.jpg
18479,Puma Men Super Elevate White Casual Shoes,Casual Shoes,http://assets.myntassets.com/v1/images/style/properties/29525d0eecf1c143501046ee6a3bc467_images.jpg
1848,Inkfruit Men Wolf,Tshirts,http://assets.myntassets.com/v1/images/style/properties/8ad3a75645a0c8e7efa86630cbfcfddc_images.jpg
18480,Puma Men Super Elevate Black Casual Shoes,Casual Shoes,http://assets.myntassets.com/v1/images/style/properties/30036736c75e328f7bf19ba660770241_images.jpg
18481,Puma Men Future Cat Blue Casual Shoes,Casual Shoes,http://assets.myntassets.com/v1/images/style/properties/1504be257162b311f5e0d77481399dd7_images.jpg
18482,Puma Men Future Cat White Casual Shoes,Casual Shoes,http://assets.myntassets.com/v1/images/style/properties/451e050cbeb020e845c805f0a4fdf0ca_images.jpg
18484,Puma Men Evo Black Casual Shoes,Casual Shoes,http://assets.myntassets.com/v1/images/style/properties/245a815199dc7af971b7aec3f94bd57a_images.jpg
18485,Puma Men Contest HI Navy Blue Sports Shoes,Sports Shoes,http://assets.myntassets.com/v1/images/style/properties/45713379b4b40b7ba1a8dd13274c9912_images.jpg
1849,Inkfruit Mens Unbreakable Mumbai T-shirt,Tshirts,http://assets.myntassets.com/v1/images/style/properties/dad94da4a4bd8b362a5606b1170bd13d_images.jpg
18494,Puma Men Daemon White Sports Shoes,Sports Shoes,http://assets.myntassets.com/v1/images/style/properties/cbd54b9ca8c62d49c2c2cb8152777864_images.jpg
18500,Puma Men V.11 Cat White Tshirts,Tshirts,http://assets.myntassets.com/v1/images/style/properties/4a6111c5c12e7720259af43d5a57e593_images.jpg
18501,Puma Men V.11 Cat  Blue Tshirts,Tshirts,http://assets.myntassets.com/v1/images/style/properties/5e1947abade63b9b5007a9fa00e7010a_images.jpg
18508,Puma Men Ftpa Quarters Black Socks,Socks,http://assets.myntassets.com/v1/images/style/properties/15e4a440e392be1a2a838331c7e54cc0_images.jpg
1852,Inkfruit Men Ride It Or Die T-shirt,Tshirts,http://assets.myntassets.com/v1/images/style/properties/2e95da933ac14a9c46b2629146a5ad51_images.jpg
1853,Inkfruit Mens Little Bit More T-shirt,Tshirts,http://assets.myntassets.com/v1/images/style/properties/d45e7b919a13c9c2e8b2f78eb275bd9d_images.jpg
18536,Puma Men Commander White Sports Shoes,Sports Shoes,http://assets.myntassets.com/v1/images/style/properties/85286299934477f29b8e12ed8594a08d_images.jpg
1854,Inkfruit Mens Pencho T-shirt,Tshirts,http://assets.myntassets.com/v1/images/style/properties/cbe90e5a3f0b44e58bb4978cc91e71f8_images.jpg
1855,Inkfruit Mens Chain Reaction T-shirt,Tshirts,http://assets.myntassets.com/v1/images/style/properties/9c1b19682ecf926c296f520d5d6e0972_images.jpg
1856,Inkfruit Men Rebel Without a Clue T-shirt,Tshirts,http://assets.myntassets.com/v1/images/style/properties/230668add2b7dd31eb37e3b254ff9087_images.jpg
18567,Puma Men Faas 300 Yellow Sports Shoes,Sports Shoes,http://assets.myntassets.com/v1/images/style/properties/7fb03b8a350eb8a5f2845e2f61cd64b4_images.jpg
18568,Puma Men Benecio Canvas White Casual Shoes,Casual Shoes,http://assets.myntassets.com/v1/images/style/properties/c4877de35398f9ade0c144deaae55911_images.jpg
1857,Inkfruit Mens Life After Midnight T-shirt,Tshirts,http://assets.myntassets.com/v1/images/style/properties/cac97b0cf8968ee97bf0e11d7a20cafe_images.jpg
18570,Puma Men Boot Red T-shirt,Tshirts,http://assets.myntassets.com/v1/images/style/properties/2ae308610a5893f2e9b4b171a24fab3c_images.jpg
18574,Puma Men Ghetto Halftone Black T-shirt,Tshirts,http://assets.myntassets.com/v1/images/style/properties/493ed578cc6bcdbf52cab93361f2a560_images.jpg
18575,Puma Men Ghetto Halftone White T-shirt,Tshirts,http://assets.myntassets.com/v1/images/style/properties/b4c7041551ed93a66e1b457c5503e623_images.jpg
18576,Puma Men Riddim Red Tshirt,Tshirts,http://assets.myntassets.com/v1/images/style/properties/5a52a52ca9df6a30b57b3535f9e62f8d_images.jpg
18579,Puma Men Sport Quarters Navy Blue Socks,Socks,http://assets.myntassets.com/v1/images/style/properties/1a88c063d44007a6dc2c18572a154a57_images.jpg
18580,Puma Men Sport Quarters Pack of 3 Socks,Socks,http://assets.myntassets.com/v1/images/style/properties/dc0ced47fb8555888ef9f05db14aba44_images.jpg
18581,Puma Men Formstripe Short Black Socks,Socks,http://assets.myntassets.com/v1/images/style/properties/38f307114252bc744bfc38a119b7d51e_images.jpg
18585,Puma Men Ftpa Quarters Navy Blue Socks,Socks,http://assets.myntassets.com/v1/images/style/properties/8c3d68f4d15c22506424da205fe98151_images.jpg
18586,Puma Men Fundamental Sneakers Olive Socks,Socks,http://assets.myntassets.com/v1/images/style/properties/c00abe6c9c99b842330b98f2f5f0221c_images.jpg
18587,Puma Men Fundamental Sneakers Black Socks,Socks,http://assets.myntassets.com/v1/images/style/properties/b02bd2bb59482b1e46483ad99da0b8f7_images.jpg
18588,Puma Men Lifestyle Pack of 3 Socks,Socks,http://assets.myntassets.com/v1/images/style/properties/952c8a6f3d2d904b921dc336066746d8_images.jpg
1859,Inkfruit Men Eye Opener T-shirt,Tshirts,http://assets.myntassets.com/v1/images/style/properties/9122f387cf3e60c511e8536740631652_images.jpg
18591,Puma Men White Pack of 3 Socks,Socks,http://assets.myntassets.com/v1/images/style/properties/Puma-Men-White-Pack-of-3-Socks_6b23918d2c93367a44831e003a445b6d_images.jpg
18592,Puma Men Sport Quarters Pack of 3 Socks,Socks,http://assets.myntassets.com/v1/images/style/properties/ca7d7af50edade0611cf8a837672fbe2_images.jpg
18593,Puma Men Volt White Sports Shoes,Sports Shoes,http://assets.myntassets.com/v1/images/style/properties/311b914c5c373ea7546d6a516f204c0f_images.jpg
18597,Puma Men Volt Black Sports Shoes,Sports Shoes,http://assets.myntassets.com/v1/images/style/properties/59c8b0ec105143a24120b270e6a1be5f_images.jpg
1860,Inkfruit Mens Shiva T-shirt,Tshirts,http://assets.myntassets.com/v1/images/style/properties/fff7838576b87d6638ed6d1e3b78ec64_images.jpg
18602,Puma Men Commander White Sports Shoes,Sports Shoes,http://assets.myntassets.com/v1/images/style/properties/f4bc60f842974ff09459211d10381dc6_images.jpg
18609,Puma Men Polo Red Tshirt,Tshirts,http://assets.myntassets.com/v1/images/style/properties/b13ae3c81ff95db21b29aaa321de80bd_images.jpg
1861,Inkfruit Men Graff Wars T-shirt,Tshirts,http://assets.myntassets.com/v1/images/style/properties/19af544ced61bd5e5ba9e2b75a7ce34d_images.jpg
18610,Puma Men Training Graphic Black Tshirt,Tshirts,http://assets.myntassets.com/v1/images/style/properties/d62a2e81fbc20f7797fabff7fa473c20_images.jpg
18611,Puma Men Team SS  Spectra Yellow Tshirts,Tshirts,http://assets.myntassets.com/v1/images/style/properties/69fde6a906131f8b3973b9c322f60462_images.jpg
18612,Puma Men Team SS Black Tshirts,Tshirts,http://assets.myntassets.com/v1/images/style/properties/1cd8ac96effa4c1978246e22ac871abd_images.jpg
18613,Puma Men Team SS Chive-Olive Tshirts,Tshirts,http://assets.myntassets.com/v1/images/style/properties/b304cb6b9d91eeec393c9eb7751fd3b2_images.jpg
18614,Puma Men Team SS Bluenights Navy Tshirts,Tshirts,http://assets.myntassets.com/v1/images/style/properties/8c623bd014dbf112c787e226cc82988c_images.jpg
18615,Puma Men Team SS White Tshirts,Tshirts,http://assets.myntassets.com/v1/images/style/properties/9d3192f41c986cf91fe7b440c1889a38_images.jpg
18616,Puma Men Team Essential  lollipop-Red Tshirts,Tshirts,http://assets.myntassets.com/v1/images/style/properties/8c0e95a5bf228a1761a852b93c7f9b24_images.jpg
18617,Puma Men Team Essential White Tshirts,Tshirts,http://assets.myntassets.com/v1/images/style/properties/0803a77764a0449ce868a975066b8b36_images.jpg
18618,Puma Men Team Essential Moonlight Steelblue Polo Tshirts,Tshirts,http://assets.myntassets.com/v1/images/style/properties/5f983aaa15714d35a9d2ecce8c102018_images.jpg
18619,Puma Men Team Essential Polo White Tshirts,Tshirts,http://assets.myntassets.com/v1/images/style/properties/5243d6f49c42f7486d17dca6e68eece6_images.jpg
1862,Inkfruit Mens Urban Warfare T-shirt,Tshirts,http://assets.myntassets.com/v1/images/style/properties/d6148296344abfd0cc84e4961735862e_images.jpg
18620,Puma Men Team Essential Maroon Polo Tshirts,Tshirts,http://assets.myntassets.com/v1/images/style/properties/6b56e78f1d2d0728318966232932c9a6_images.jpg
18621,Puma Men Team Essential Polo Black Tshirts,Tshirts,http://assets.myntassets.com/v1/images/style/properties/31630b79da9b853b5747ea9a5be2883d_images.jpg
18622,Puma Men Team Essential Polo Navy Blue Tshirt,Tshirts,http://assets.myntassets.com/v1/images/style/properties/71638336b996b44de43805043795fb99_images.jpg
18625,Puma Men Heritage Polo Ribbon Red Tshirt,Tshirts,http://assets.myntassets.com/v1/images/style/properties/055b08e862bf774430b00174665b3fad_images.jpg
18626,Puma Men MC II Grey Tshirts,Tshirts,http://assets.myntassets.com/v1/images/style/properties/3ab922806919b16e9865329e6ff65fcc_images.jpg
1863,Inkfruit Men Night Wolf T-shirt,Tshirts,http://assets.myntassets.com/v1/images/style/properties/4e234092eeb7a1448aed7c155138bdd6_images.jpg
18630,Puma Men GP Buddh Logo Polo Red Tshirts,Tshirts,http://assets.myntassets.com/v1/images/style/properties/5d3f8e87327bed752cbc9f5ce4892052_images.jpg
18631,Puma Men GP Speed Navy Blue Tshirts,Tshirts,http://assets.myntassets.com/v1/images/style/properties/7c4fb6d7e77f1d0c8469800f52c20cbc_images.jpg
18632,Puma Men GP Speed Red Tshirts,Tshirts,http://assets.myntassets.com/v1/images/style/properties/06f102abb5ac258354ca818955d6c0e0_images.jpg
18633,Puma Men GP Budg Logo Speed Navy Blue Tshirts,Tshirts,http://assets.myntassets.com/v1/images/style/properties/53838eddc8d67a8a09c252656fe6710a_images.jpg
18634,Puma Men GP Budg Logo Red Tshirts,Tshirts,http://assets.myntassets.com/v1/images/style/properties/1debad4feb2d09007fc1b8cab18e4892_images.jpg
18635,Puma Men Bts Red Tshirts,Tshirts,http://assets.myntassets.com/v1/images/style/properties/59ea54ac4557da3d75d768b6d272499f_images.jpg
18636,Puma Men V.11 Speed  White Tshirts,Tshirts,http://assets.myntassets.com/v1/images/style/properties/39983105a0af1127198ec9e915e1081a_images.jpg
18637,Puma Men V.11 Speed Midnight Navy Tshirts,Tshirts,http://assets.myntassets.com/v1/images/style/properties/f44b65041eb68d04b73e9b16ce405936_images.jpg
18638,Puma Men V.11 Speed Black Tshirts,Tshirts,http://assets.myntassets.com/v1/images/style/properties/7dbc055fa8f79ab862364fa1234e8b2b_images.jpg
18639,Puma Men V.11 Cat Midnight Navy Tshirts,Tshirts,http://assets.myntassets.com/v1/images/style/properties/62eaec4c5aff23d51f4dc282498c5824_images.jpg
18640,Puma Men V.11 Cat Black Tshirts,Tshirts,http://assets.myntassets.com/v1/images/style/properties/222dc1f73eb4e7d417f8ba7900e7f7f8_images.jpg
18641,Puma Men  Powercat Graphic Black Tshirts,Tshirts,http://assets.myntassets.com/v1/images/style/properties/42b05bfbbcca09bae60fb55e6733fd09_images.jpg
18642,Puma Men Graphic White Tshirts,Tshirts,http://assets.myntassets.com/v1/images/style/properties/83f777fa9135bcef8dc5e56ea53edc16_images.jpg
18643,Puma Men Foundation Polo Navy Blue Tshirts,Tshirts,http://assets.myntassets.com/v1/images/style/properties/d731237616e6092ce6405d636f66a2f1_images.jpg
18645,Puma Men Striped LS Polo Black Tshirts,Tshirts,http://assets.myntassets.com/v1/images/style/properties/a80ee46e15c1261d883757c9054f66bf_images.jpg
18646,United Colors of Benetton Men Stripes Purple Shirt,Shirts,http://assets.myntassets.com/v1/images/style/properties/dbd164ce60b1eb4c7e6416cd59d72170_images.jpg
1865,Inkfruit Men Operation Kick,Tshirts,http://assets.myntassets.com/v1/images/style/properties/9a34230dc7e29c599d062a65a16c3541_images.jpg
18656,Fila Men Thunder Black Basketball Sports Shoes,Sports Shoes,http://assets.myntassets.com/v1/images/style/properties/5f33b8c09907a7baca26ea9f7db469c0_images.jpg
18657,Fila Men Splash Black Basketball Sports Shoes,Sports Shoes,http://assets.myntassets.com/v1/images/style/properties/0c26f1aa51b17176244210f636d5bcb8_images.jpg
18658,Fila Men Craze Brown Casual Shoes,Casual Shoes,http://assets.myntassets.com/v1/images/style/properties/7ffac975466ae246376fe081f48c5c91_images.jpg
18659,Fila Men Craze Grey Shoes,Casual Shoes,http://assets.myntassets.com/v1/images/style/properties/fe6ba575977d53f8971931a456a738ff_images.jpg
1866,Inkfruit Mens My Pet T-shirt,Tshirts,http://assets.myntassets.com/v1/images/style/properties/fcc06f24e6eefe55d90ca0a3f4d3a842_images.jpg
18665,Fila Men Syncro White Shoes,Casual Shoes,http://assets.myntassets.com/v1/images/style/properties/3f475a31c39bcc9c6045a9f8c7452893_images.jpg
18667,Fila Men Grey & Black Sports Shoes,Sports Shoes,http://assets.myntassets.com/v1/images/style/properties/5a0e370f11fdb3b0d55f5c59a1426559_images.jpg
1867,Inkfruit Men Nayak Nahi T-shirt,Tshirts,http://assets.myntassets.com/v1/images/style/properties/e7cb4a0f42438a2f9af8d022cf689313_images.jpg
18672,Fila Men Survivor Grey Sports Shoes,Sports Shoes,http://assets.myntassets.com/v1/images/style/properties/c91e551ff74facabb2456993800f48eb_images.jpg
18673,Fila Men Sterling Black Shoes,Casual Shoes,http://assets.myntassets.com/v1/images/style/properties/6b5e7100eb9cc1b22d81b6742bd21b8e_images.jpg
18674,Fila Men Sterling White Sports shoes,Sports Shoes,http://assets.myntassets.com/v1/images/style/properties/62fac0970d0c04562f9f5b40e5d0a258_images.jpg
18675,Fila Men Survivor White Sports Shoes,Sports Shoes,http://assets.myntassets.com/v1/images/style/properties/1996ced4ed237ceb718eaaab9167ccd8_images.jpg
1868,Inkfruit Mens Facebook Like T-shirt,Tshirts,http://assets.myntassets.com/v1/images/style/properties/28403a9781769e07442443b6e1c8fe93_images.jpg
1869,FIFA Mens 1904 Navy Blue T-shirt,Tshirts,http://assets.myntassets.com/v1/images/style/properties/e4a138a3b48387132d9593c7570c20b8_images.jpg
1870,FIFA Mens 1990 World Cup Black T-shirt,Tshirts,http://assets.myntassets.com/v1/images/style/properties/4c43ad34c08146930aed14b810f6df36_images.jpg
1871,FIFA Mens 1990 World Cup White T-shirt,Tshirts,http://assets.myntassets.com/v1/images/style/properties/cd802d00f1d63dc3ef43137f5e23f66a_images.jpg
1872,FIFA Mens 1962 World Cup White T-shirt,Tshirts,http://assets.myntassets.com/v1/images/style/properties/69eb6600b347ea35f5de6d9f5d4d310c_images.jpg
1875,FIFA Mens 1990 World Cup Edition T-shirt,Tshirts,http://assets.myntassets.com/v1/images/style/properties/d9d8b52a9971d65faf53cc9d97605a4c_images.jpg
1876,FIFA Mens Mexican Wave White T-shirt,Tshirts,http://assets.myntassets.com/v1/images/style/properties/c811f8dad56f737025d6088fb3bea513_images.jpg
1877,FIFA Mens Mexican Wave Grey T-shirt,Tshirts,http://assets.myntassets.com/v1/images/style/properties/f22da265b1f30ebfbf70077596efcc0a_images.jpg
1879,FIFA Mens 1982 Spain Red T-shirt,Tshirts,http://assets.myntassets.com/v1/images/style/properties/9730356516e09e5be3bdf6cf4667cbc7_images.jpg
1880,FIFA Mens World Cup Champions Black T-shirt,Tshirts,http://assets.myntassets.com/v1/images/style/properties/beda7543b85fb982c21faa86181d93ac_images.jpg
1881,FIFA Mens France 1938 Grey T-shirt,Tshirts,http://assets.myntassets.com/v1/images/style/properties/88a6b9ec2be3c02b4a0a01ca902fe30c_images.jpg
1882,FIFA Mens Code Collection Red T-shirt,Tshirts,http://assets.myntassets.com/v1/images/style/properties/75eb1404040e289934744a945fcf33f1_images.jpg
18842,Puma Men Graphic Stellar Blue Tshirt,Tshirts,http://assets.myntassets.com/v1/images/style/properties/e75923d709a7c7c200448642e22f0841_images.jpg
18843,Puma Men Graphic Print Red Tshirt,Tshirts,http://assets.myntassets.com/v1/images/style/properties/02f7dc0ae02f110ab8e9420ac8b38bda_images.jpg
18844,Puma Men Graphic Print White Tshirt,Tshirts,http://assets.myntassets.com/v1/images/style/properties/a4472bf5b36cd60c7e1620d24408ef2c_images.jpg
18845,Puma Men Graphic Print Red Tshirt,Tshirts,http://assets.myntassets.com/v1/images/style/properties/3268e0f272104214bf4f79b171c39e5b_images.jpg
18846,Puma Men Graphic Print Yellow Chrome Tshirt,Tshirts,http://assets.myntassets.com/v1/images/style/properties/0bf2a0c8edd0b83cbc11656e42149ec3_images.jpg
18847,Puma Men College  Athletic White  Tshirt,Tshirts,http://assets.myntassets.com/v1/images/style/properties/23e5172ad5d20ed04fd710ae65a2e3ac_images.jpg
18848,Puma Men College Athletic Navy Blue Tshirt,Tshirts,http://assets.myntassets.com/v1/images/style/properties/24f951f25bb2fe159b873dda08ed7c75_images.jpg
18849,Puma Men College Athletic Red Tshirt,Tshirts,http://assets.myntassets.com/v1/images/style/properties/5939ffccc8b1d606c3fa693300f7f140_images.jpg
18850,Puma Men Head Yellow Tshirt,Tshirts,http://assets.myntassets.com/v1/images/style/properties/72982f910a628c5b614ae929646ffda5_images.jpg
18851,Puma Men Head Red Tshirt,Tshirts,http://assets.myntassets.com/v1/images/style/properties/3ddf837ad6273214232c412b580d3cd0_images.jpg
18852,Puma Men Head Navy Blue Tshirt,Tshirts,http://assets.myntassets.com/v1/images/style/properties/295b654f0705dfcab381ebf5ca536f2e_images.jpg
18854,Puma Men Athletic White Polo Tshirt,Tshirts,http://assets.myntassets.com/v1/images/style/properties/cefa3bfd8bf055518130d5fd59f43aaa_images.jpg
18855,Puma Men Athletic Stellar Blue Polo Tshirt,Tshirts,http://assets.myntassets.com/v1/images/style/properties/240e2e57dca027e10ab4815680e4b55f_images.jpg
18856,Puma Men Generation White Polo Tshirt,Tshirts,http://assets.myntassets.com/v1/images/style/properties/2f3e50bbfeb899419ed2b47eb181bfc3_images.jpg
18857,Puma Men Generation Navy Blue Polo Tshirt,Tshirts,http://assets.myntassets.com/v1/images/style/properties/41ed83c73a0696ba21e0e1a25433116b_images.jpg
18858,Puma Men Generation Red Polo Tshirt,Tshirts,http://assets.myntassets.com/v1/images/style/properties/6bd3e043a66c64032f01ce752ca024e8_images.jpg
18859,Puma Men Generation Black Polo Tshirt,Tshirts,http://assets.myntassets.com/v1/images/style/properties/f267d01ad168f36d579cb87f19bb0663_images.jpg
1886,FIFA Mens Red Card Grey T-shirt,Tshirts,http://assets.myntassets.com/v1/images/style/properties/c15745e97ef36390d5cbb28793236db3_images.jpg
18860,Puma Men White Grafitti T-shirt,Tshirts,http://assets.myntassets.com/v1/images/style/properties/d503f517ba9a7c8dde8577fba8615c82_images.jpg
18861,Puma Men Grafitti Red Polo Tshirt,Tshirts,http://assets.myntassets.com/v1/images/style/properties/c82932380d479d8abdb960a02467130b_images.jpg
18862,Puma Men Graffiti Navy Blue Polo Tshirt,Tshirts,http://assets.myntassets.com/v1/images/style/properties/52b7362a9376e99dbfd4b9d1bf8d6b9a_images.jpg
1887,FIFA Mens Essentials Green T-shirt,Tshirts,http://assets.myntassets.com/v1/images/style/properties/f6c3b9d0e7dc3086191c6786873007c2_images.jpg
1888,FIFA Mens Essentials Black T-shirt,Tshirts,http://assets.myntassets.com/v1/images/style/properties/cfd77a0fda8e71fb261e4389e2837558_images.jpg
1889,Fifa Men Essentials Navy Blue T-shirt,Tshirts,http://assets.myntassets.com/v1/images/style/properties/2ab2af824ddf0901fe67ad514b9e5973_images.jpg
1890,FIFA Mens Essentials Red T-shirt,Tshirts,http://assets.myntassets.com/v1/images/style/properties/f0fbf247458326317521ec367f72a2a7_images.jpg
18905,ADIDAS Men Response Cushion 20 Black Sports Shoes,Sports Shoes,http://assets.myntassets.com/v1/images/style/properties/547e2d45683db3e4fc765f0c29b75d8c_images.jpg
18906,ADIDAS Men J-RUN III White Sports Shoes,Sports Shoes,http://assets.myntassets.com/v1/images/style/properties/6161e77a7ceda2f6c6d74edc974393fc_images.jpg
1891,FIFA Mens Essentials White T-shirt,Tshirts,http://assets.myntassets.com/v1/images/style/properties/13f1f575e2ad0e94dad0b6e9935e6d3f_images.jpg
18911,ADIDAS Men Vanquish 5 M White Sports Shoes,Sports Shoes,http://assets.myntassets.com/v1/images/style/properties/93492e4b102716cc84ebb911a5b3cc43_images.jpg
18912,Levis Men Classics Formula One Red Shirt,Shirts,http://assets.myntassets.com/v1/images/style/properties/bf2f80578585a40e2b56a45239a87d3f_images.jpg
18913,Levis Men Classics Gothic Mustard Shirt,Shirts,http://assets.myntassets.com/v1/images/style/properties/fa8161053144e141fecfb7ac70528aa6_images.jpg
18915,Levis Men Work Western Red Shirt,Shirts,http://assets.myntassets.com/v1/images/style/properties/0fae3c79731169a42d9e3800f92002ff_images.jpg
18916,Levis Men Denim Grey Shirt,Shirts,http://assets.myntassets.com/v1/images/style/properties/7aae0121b1acb0d3925caaa07958ffdd_images.jpg
18917,Levis Men Work Western Blue Shirt,Shirts,http://assets.myntassets.com/v1/images/style/properties/d843fdb55df7bc3fb9dd76034bf48d07_images.jpg
18918,Levis Men Denim Grey Shirt,Shirts,http://assets.myntassets.com/v1/images/style/properties/cf9947231258db6b87d75a0971753481_images.jpg
18919,Levis Men Work Western Blue Shirt,Shirts,http://assets.myntassets.com/v1/images/style/properties/fd4d1bd49cf598e0cdde822e7789ca4d_images.jpg
18920,Levis Men Work Western Purple Shirt,Shirts,http://assets.myntassets.com/v1/images/style/properties/5b581d472a2791dd450a9358b59b4332_images.jpg
18921,Levis Men Classics  Red Shirt,Shirts,http://assets.myntassets.com/v1/images/style/properties/44422b26beca9766fddb1bcee26330ae_images.jpg
18922,Levis Men Classic Mustard Checks Shirt,Shirts,http://assets.myntassets.com/v1/images/style/properties/4b9d2dfa4f783b2591a73d2d2b331545_images.jpg
18924,Levi's Men Applique Work Red Tshirt,Tshirts,http://assets.myntassets.com/v1/images/style/properties/e1be0142a2c5feb5f1e600a7cabee9ff_images.jpg
18925,Levi's Men Applique Work Brown Tshirt,Tshirts,http://assets.myntassets.com/v1/images/style/properties/5d0e30ec3be4e55d847a66ee104dba5b_images.jpg
18926,Levi's Men Rubber Print Grey Tshirt,Tshirts,http://assets.myntassets.com/v1/images/style/properties/1cb4b061848ff9524bb873b7dea1e9ad_images.jpg
18927,Levi's Men Flock Print Purple Tshirt,Tshirts,http://assets.myntassets.com/v1/images/style/properties/06dd92b140e21dde52f09f53d8b54975_images.jpg
18929,Levi's Men Graphic Print Red Tshirt,Tshirts,http://assets.myntassets.com/v1/images/style/properties/50b72170d874e0b83af3b42f6ef677a9_images.jpg
18930,Levi's Men Graphic Print Red Tshirt,Tshirts,http://assets.myntassets.com/v1/images/style/properties/538f0661924b6c4dee019957dfc494c5_images.jpg
18931,Levi's Men Graphic Print Blue Tshirt,Tshirts,http://assets.myntassets.com/v1/images/style/properties/3f6a672ebf24c217c919173b084424e7_images.jpg
18932,Levi's Men Graphic Print Black Tshirt,Tshirts,http://assets.myntassets.com/v1/images/style/properties/b94779d107e07c5b4bf5c9538027a227_images.jpg
18933,Levi's Men Embroidery Black Tshirt,Tshirts,http://assets.myntassets.com/v1/images/style/properties/678fca2025ed5136351c9c87a5954316_images.jpg
18934,Levi'si Men Embroidery Purple Tshirt,Tshirts,http://assets.myntassets.com/v1/images/style/properties/ddd7deff03f661cab6fab6679c19a3b1_images.jpg
18935,Levi's Men Graphic Print Blue Tshirt,Tshirts,http://assets.myntassets.com/v1/images/style/properties/0768de775ca65988dbb3722bfcfc91b6_images.jpg
18936,Levi's Men Graphic Print Green Tshirt,Tshirts,http://assets.myntassets.com/v1/images/style/properties/2d7977f5f697d1c4930d1546666ab00e_images.jpg
18937,Levi's Men Graphic Print Purple Tshirt,Tshirts,http://assets.myntassets.com/v1/images/style/properties/750fe8889fa8a2a8c141b9a5fb922071_images.jpg
18938,Levi's Men Graphic Print Purple Tshirt,Tshirts,http://assets.myntassets.com/v1/images/style/properties/e6bc41de56a968fe14b853e89387274d_images.jpg
18939,Levi's Men Graphic Black Tshirt,Tshirts,http://assets.myntassets.com/v1/images/style/properties/b6e5a7087d929cab47f11684517fedfd_images.jpg
18940,Levi's Men Polo Olive Tshirt,Tshirts,http://assets.myntassets.com/v1/images/style/properties/3e3120ea6b14aeb68194d3a3ca0f839b_images.jpg
18941,Levi's Men Polo Blue Tshirt,Tshirts,http://assets.myntassets.com/v1/images/style/properties/59fc689646638bea962bb18e5e10ca85_images.jpg
18942,Levi's Men Polo Blue Tshirt,Tshirts,http://assets.myntassets.com/v1/images/style/properties/ffc39ab29dd18068282e2e0de77c01d4_images.jpg
18943,Levis Men Half Cushion Low Cut Pack of 3 Socks,Socks,http://assets.myntassets.com/v1/images/style/properties/63976104c35c3964725da846e05817e0_images.jpg
18944,Levis Men Scottish Stripes Flat Knit Pack of 3 Socks,Socks,http://assets.myntassets.com/v1/images/style/properties/Levis-Men-Scottish-Stripes-Flat-Knit-Pack-of-3-Socksf331b2876d043bf5847f620f19525660_images.jpg
18945,Levis Men Scottish Stripes Flat Knit Pack of 3 Socks,Socks,http://assets.myntassets.com/v1/images/style/properties/Levis-Men-Scottish-Stripes-Flat-Knit-Pack-of-3-Socks_162c77202bb20c1288a6efa2ba76fd5c_images.jpg
18946,Levis Men Scottish Stripes Flat Knit Pack of 3 Socks,Socks,http://assets.myntassets.com/v1/images/style/properties/Levis-Men-Scottish-Stripes-Flat-Knit-Pack-of-3-Socks_29a0d1aa26e2c77df7569e5ac04e95e5_images.jpg
18947,Levis Men Trainer Liner Flat Knit Pack of 3 Socks,Socks,http://assets.myntassets.com/v1/images/style/properties/Levis-Men-Trainer-Liner-Flat-Knit-Pack-of-3-Socks7947f83537a21c8707e59a0df64cabb8_images.jpg
18948,Levis Men Trainer Liner Flat Knit Pack of 3 Socks,Socks,http://assets.myntassets.com/v1/images/style/properties/f9170030167fc8fdccdeb80c3b6f473b_images.jpg
18949,Levis Men Trainer Liner Flat Knit Pack of 3 Socks,Socks,http://assets.myntassets.com/v1/images/style/properties/a306c2fc57b86ed8114ab06464fd5428_images.jpg
18951,Levis Men Full Cushion Crew Pack of 3 Socks,Socks,http://assets.myntassets.com/v1/images/style/properties/Levis-Men-Full-Cushion-Crew-Pack-of-3-Socks4ccbbd3effd6d640c13cf30ac1e61290_images.jpg
18952,Levis Men Fader Stripes Flat Knit Crew Pack of 3 Socks,Socks,http://assets.myntassets.com/v1/images/style/properties/Levis-Men-Fader-Stripes-Flat-Knit-Crew-Pack-of-3-Socks_ea2b5c1d0a06de79abf263aab44e41c2_images.jpg
18953,Levis Men Fader Stripes Flat Knit Crew Pack of 3 Socks,Socks,http://assets.myntassets.com/v1/images/style/properties/Levis-Men-Fader-Stripes-Flat-Knit-Crew-Pack-of-3-Socks914bc838a57cbc9784d0e357f449e2da_images.jpg
18954,Levis Men Fader Stripes Flat Knit Crew Pack of 3 Socks,Socks,http://assets.myntassets.com/v1/images/style/properties/Levis-Men-Fader-Stripes-Flat-Knit-Crew-Pack-of-3-Socks_d677e4e7e6ad476dca99bdb867c4e029_images.jpg
18955,Levis Men Argyle Flat Knit Crew Pack of 3 Socks,Socks,http://assets.myntassets.com/v1/images/style/properties/Levis-Men-Argyle-Flat-Knit-Crew-Pack-of-3-Socks_5036eb2a9719ed09f956635c1370e03b_images.jpg
18956,Levis Men Argyle Flat Knit Crew Grey Pack of 3 Socks,Socks,http://assets.myntassets.com/v1/images/style/properties/Levis-Men-Argyle-Flat-Knit-Crew-Grey-Pack-of-3-Socks2a0465d187659729af1c374e5018d4d4_images.jpg
1897,FIFA Men Germany Blue Jersey,Tshirts,http://assets.myntassets.com/v1/images/style/properties/e80f3fc54b451cd28bcc223cd3ccf63e_images.jpg
18973,United Colors of Benetton Men Blue Check Shirt,Shirts,http://assets.myntassets.com/v1/images/style/properties/af891e6262254152c0124bb4135e8c7d_images.jpg
18974,United Colors of Benetton Men Stripes Blue Shirt,Shirts,http://assets.myntassets.com/v1/images/style/properties/098628d06a0d719f232f4720979b14cb_images.jpg
18975,ADIDAS Originals Men Red Tshirt,Tshirts,http://assets.myntassets.com/v1/images/style/properties/d906fae88a3e9c4c05f706cd94bf8530_images.jpg
18977,ADIDAS Originals Men Adi Trefoil Orange Tshirt,Tshirts,http://assets.myntassets.com/v1/images/style/properties/772af2debb419b42c06cccdd189bc352_images.jpg
18979,ADIDAS Originals Men Graphic Blue Tshirt,Tshirts,http://assets.myntassets.com/v1/images/style/properties/f8b089c896eb230eb8f77fc8c9825fbe_images.jpg
18980,ADIDAS Originals Men Polo Yellow Tshirt,Tshirts,http://assets.myntassets.com/v1/images/style/properties/385b8aa073a26c3ac639e4051b94e5c2_images.jpg
18981,ADIDAS Originals Men Vespa Graphic Blue Tshirt,Tshirts,http://assets.myntassets.com/v1/images/style/properties/deb41194d6f2f5afeb006de5625a18cc_images.jpg
18982,ADIDAS Originals Men Vespa Graphic T Grey Tshirt,Tshirts,http://assets.myntassets.com/v1/images/style/properties/0e5565de25f950327ffee3bae78c69f3_images.jpg
18983,ADIDAS Originals Men  Polo Navy Blue Tshirt,Tshirts,http://assets.myntassets.com/v1/images/style/properties/2508eb34508e333d53e7dcc48b2e6b33_images.jpg
18984,ADIDAS Originals Men Purple Polo T-shirt,Tshirts,http://assets.myntassets.com/v1/images/style/properties/a5e3a53503cbfe1509b93e99192ac12d_images.jpg
18986,ADIDAS Originals Men St Tee Grp Black Tshirt,Tshirts,http://assets.myntassets.com/v1/images/style/properties/fddabada92ca978942bac208cec32f6d_images.jpg
18987,ADIDAS Originals Men St Grp Blue T-Shirt,Tshirts,http://assets.myntassets.com/v1/images/style/properties/e5ff5cce4977e849b593368bd8ab4617_images.jpg
18988,ADIDAS Originals Men ST Logo White Tshirt,Tshirts,http://assets.myntassets.com/v1/images/style/properties/b8b985d1646ed1c4715d25d645793f54_images.jpg
18989,ADIDAS Originals Men AC Grp Blue Tshirt,Tshirts,http://assets.myntassets.com/v1/images/style/properties/69fffe9e1bc501c800ccf8c9ec016e08_images.jpg
18990,ADIDAS Originals Men Black Tshirt,Tshirts,http://assets.myntassets.com/v1/images/style/properties/9abb9e0a0867a6558980a66ae58cf710_images.jpg
18991,ADIDAS Originals Men Grinball Black Tshirt,Tshirts,http://assets.myntassets.com/v1/images/style/properties/ef2ca706b6c3a7d2519ad2e38295f8c6_images.jpg
18992,ADIDAS Originals Men G Skinpil Grey Tshirt,Tshirts,http://assets.myntassets.com/v1/images/style/properties/63500f19c8c345df79711172db559237_images.jpg
18993,ADIDAS Originals Men Red T-shirt,Tshirts,http://assets.myntassets.com/v1/images/style/properties/73fecea12810bd283398e52e89bf0436_images.jpg
18994,ADIDAS Originals Men G Tag Black Tshirt,Tshirts,http://assets.myntassets.com/v1/images/style/properties/550d4de02a79bcc5266e855a652c6ccc_images.jpg
1902,FIFA Men Blue Jersey,Tshirts,http://assets.myntassets.com/v1/images/style/properties/ce9dfe3092e83828de00b191dedeb5c0_images.jpg
1903,FIFA Men Brazil Yellow Jersey,Tshirts,http://assets.myntassets.com/v1/images/style/properties/d91b32ec5c84d388d3e7c5e72d83ea9e_images.jpg
1904,FIFA Men Brazil Blue & Yellow Jersey,Tshirts,http://assets.myntassets.com/v1/images/style/properties/07f4499a01d3765e06ccddc5cae5ef1e_images.jpg
1905,FIFA Mens 1904 Football Federation T-shirt,Tshirts,http://assets.myntassets.com/v1/images/style/properties/2c50d69f34a68c97e8d46b59b146a04d_images.jpg
1906,FIFA Mens 1905 Football Federation T-shirt,Tshirts,http://assets.myntassets.com/v1/images/style/properties/26e0c2c38468e1c7636335c91425dfd6_images.jpg
1907,Nike Mens Classic Black T-shirt,Tshirts,http://assets.myntassets.com/v1/images/style/properties/01f46b87c9e0d87fa5d0f8544f15f559_images.jpg
1909,Nike Mens Classic Sportswear T-shirt,Tshirts,http://assets.myntassets.com/v1/images/style/properties/54da5346021139d175024278b96d9de0_images.jpg
1910,Nike Men's Classic Patterned T-shirt,Tshirts,http://assets.myntassets.com/v1/images/style/properties/0e5700fc506ff1bb5acb65b3794a0f84_images.jpg
19107,Campbell Men Pack of 3 Solid Tshirts,Tshirts,http://assets.myntassets.com/v1/images/style/properties/0f3eb319aedb3fd0f6fe4dd6c0673904_images.jpg
19108,Campbell Men Pack of 3 Solid Tshirts,Tshirts,http://assets.myntassets.com/v1/images/style/properties/89eb2890fcaeee52a8b71bbcbdf4d468_images.jpg
19109,Campbell Men Pack of 3 Solid T- Shirts,Tshirts,http://assets.myntassets.com/v1/images/style/properties/b22330b2e8a0ab8e69cb1a88a7e9eaef_images.jpg
1911,Nike Mens Manchester United Blues T-shirt,Tshirts,http://assets.myntassets.com/v1/images/style/properties/eb721e9ddb705e9bc26a51309701b925_images.jpg
19110,Campbell Men Pack of 3 Solid Tshirts,Tshirts,http://assets.myntassets.com/v1/images/style/properties/ee8b1cf0a898d220d1756718330fb8db_images.jpg
19111,Campbell Men Pack of 3 Solid Tshirts,Tshirts,http://assets.myntassets.com/v1/images/style/properties/712966ccfddb873d49508fa1fcceac4a_images.jpg
19112,Campbell Men Pack of 3 Solid Tshirts,Tshirts,http://assets.myntassets.com/v1/images/style/properties/8dc1ff8347d5114e89baee9aeebfa68d_images.jpg
19113,Campbell Men Pack of 3 Solid Tshirts,Tshirts,http://assets.myntassets.com/v1/images/style/properties/7fac6b7b6f1f3d7b10cafc475860cdcf_images.jpg
19114,Campbell Men Pack of 3 T-Shirts,Tshirts,http://assets.myntassets.com/v1/images/style/properties/Campbell-Men-Pack-of-3-Solid-Tshirts_600f0c9ef2a94539fc73d12466eca9dd_images.jpg
19115,Campbell Men Pack of 3 Solid Tshirts,Tshirts,http://assets.myntassets.com/v1/images/style/properties/403337702c6d86183a4f4317661cebb2_images.jpg
1912,Nike Mens Running White T-shirt,Tshirts,http://assets.myntassets.com/v1/images/style/properties/b39c6852f51571867b4e09b2cc40df65_images.jpg
1913,Nike Mens Seize Victory Black T-shirt,Tshirts,http://assets.myntassets.com/v1/images/style/properties/5ca0f981ea9003d23c129e19177a0659_images.jpg
19147,United Colors of Benetton Men Solid White Polo Tshirt,Tshirts,http://assets.myntassets.com/v1/images/style/properties/87f3e6ca1a1b71fe341d669e73741557_images.jpg
19148,United Colors of Benetton Men Navy Blue Polo Tshirt,Tshirts,http://assets.myntassets.com/v1/images/style/properties/ee9e58dceb868ace5888a7ee92e220c7_images.jpg
19149,United Colors of Benetton Men Solid White Polo Tshirt,Tshirts,http://assets.myntassets.com/v1/images/style/properties/f9af849cf178b214cc7b6b5b00593344_images.jpg
19150,United Colors of Benetton Men Grey Polo Tshirt,Tshirts,http://assets.myntassets.com/v1/images/style/properties/9c04f6262068d86ed68331e969c2bbe8_images.jpg
19151,United Colors Of Benetton Men White T-shirt,Tshirts,http://assets.myntassets.com/v1/images/style/properties/1995f8a64614bdfd064757a1e9ce2ecc_images.jpg
19152,United Colors of Benetton Men Grey T-shirt,Tshirts,http://assets.myntassets.com/v1/images/style/properties/f765aa27bc52eebc4d8cdbd6baeb940e_images.jpg
19153,United Colors of Benetton Men Red Polo TShirt,Tshirts,http://assets.myntassets.com/v1/images/style/properties/cec1d06bd9d77ebcff17d52a5e04f823_images.jpg
19154,United Colors of Benetton Men Solid Grey Polo Tshirt,Tshirts,http://assets.myntassets.com/v1/images/style/properties/b81e4e633ebfd1ab55c8222831b7d90f_images.jpg
19155,United Colors of Benetton Men Solid Yellow TShirt,Tshirts,http://assets.myntassets.com/v1/images/style/properties/4f864dae80bd4278f8980767ef96697d_images.jpg
19156,United Colors of Benetton Men Printed White TShirt,Tshirts,http://assets.myntassets.com/v1/images/style/properties/916eca7e90caab525699077a636dbbc0_images.jpg
19157,United Colors of Benetton Men Printed White Tshirt,Tshirts,http://assets.myntassets.com/v1/images/style/properties/756241f388b4f13969961c7e36424635_images.jpg
19158,United Colors Of Benetton Men White T-shirt,Tshirts,http://assets.myntassets.com/v1/images/style/properties/e3420b2935da78eddf691b6e269e5041_images.jpg
19159,United Colors of Benetton Men Printed Black Tshirt,Tshirts,http://assets.myntassets.com/v1/images/style/properties/185761706a0d3f936643840c0aad5473_images.jpg
1916,Puma Men's Game Point Shoes,Sports Shoes,http://assets.myntassets.com/v1/images/style/properties/011c036df44ef2ffe436d936475c9df0_images.jpg
19160,United Colors of Benetton Men Yellow T-shirt,Tshirts,http://assets.myntassets.com/v1/images/style/properties/89be82f30992adcad5a3bdbfe6fbba71_images.jpg
19161,United Colors of Benetton Men Solid White Tshirt,Tshirts,http://assets.myntassets.com/v1/images/style/properties/37efc4826dc3a5190b85f4f11fc6912a_images.jpg
19162,United Colors of Benetton Men Solid Blue Tshirt,Tshirts,http://assets.myntassets.com/v1/images/style/properties/d8ff9373a1e7e8765816a9a8680bf152_images.jpg
19163,United Colors of Benetton Men Solid Red TShirt,Tshirts,http://assets.myntassets.com/v1/images/style/properties/f79cce7495d356131d04089804fdec6f_images.jpg
19165,United Colors of Benetton Men Green T-shirt,Tshirts,http://assets.myntassets.com/v1/images/style/properties/ea69bcabcb63724cc2633b1354d2fc11_images.jpg
19166,United Colors of Benetton Men Printed Grey TShirt,Tshirts,http://assets.myntassets.com/v1/images/style/properties/5d5dafc27f3e7e8e884b40d9bd02d8c9_images.jpg
19167,United Colors of Benetton Men Stripes Red Polo Tshirt,Tshirts,http://assets.myntassets.com/v1/images/style/properties/42bfb9f5c2a1d1f8d05f42861e9a1bb1_images.jpg
19168,United Colors of Benetton Men Grey Printed T-shirt,Tshirts,http://assets.myntassets.com/v1/images/style/properties/d21ade25482327c26651e4ceefc4c190_images.jpg
19169,United Colors of Benetton Men Printed Blue TShirt,Tshirts,http://assets.myntassets.com/v1/images/style/properties/26e2ee8a57d5c258697cd7900e9dfadc_images.jpg
1917,Puma Men White Sneakers,Casual Shoes,http://assets.myntassets.com/v1/images/style/properties/6203a6002bee04a6fb12140d4d8ece45_images.jpg
19170,United Colors of Benetton Men Printed Olive TShirt,Tshirts,http://assets.myntassets.com/v1/images/style/properties/0e6787f9851661dcd1b5454d029be6e7_images.jpg
19172,United Colors of Benetton Men Solid Navy Blue TShirt,Tshirts,http://assets.myntassets.com/v1/images/style/properties/ae7316daba63d8140e26c4d1d3c402b5_images.jpg
19174,United Colors of Benetton Men Check White Shirt,Shirts,http://assets.myntassets.com/v1/images/style/properties/40f36ef08f3414a0ba8fdbefa2855f17_images.jpg
19175,United Colors of Benetton Men Check Blue Shirt,Shirts,http://assets.myntassets.com/v1/images/style/properties/f677c96ad1c827822bed49bc37046c24_images.jpg
19176,United Colors of Benetton Men Check Black Shirt,Shirts,http://assets.myntassets.com/v1/images/style/properties/7f5d4a1cf8de9197508d535e31869196_images.jpg
19177,United Colors Of Benetton Men Navy Blue Shirt,Shirts,http://assets.myntassets.com/v1/images/style/properties/b4053ad6c63d828b0e70cd816247f958_images.jpg
19180,United Colors of Benetton Men Check White Shirt,Shirts,http://assets.myntassets.com/v1/images/style/properties/e10f990eaf1e3b82268b4422713d75b2_images.jpg
19181,United Colors of Benetton Men Red Check Shirt,Shirts,http://assets.myntassets.com/v1/images/style/properties/9cb3e362e6c626e324b0e7e05a635b67_images.jpg
19182,United Colors Of Benetton Men Maroon Check Shirt,Shirts,http://assets.myntassets.com/v1/images/style/properties/feb1ab1fd6e042d1ebb3f1d09501d23a_images.jpg
19183,United Colors of Benetton Men Check Grey Shirt,Shirts,http://assets.myntassets.com/v1/images/style/properties/0d887fea51d79a595330ff9105e622f5_images.jpg
19184,United Colors Of Benetton Men Red Check Shirt,Shirts,http://assets.myntassets.com/v1/images/style/properties/07ac24b8f6eaeb18db5db67ed22b7df7_images.jpg
19185,United Colors of Benetton Men Check Blue Shirt,Shirts,http://assets.myntassets.com/v1/images/style/properties/4cd34747dae7087866a38d5fcb7cbf2a_images.jpg
19186,United Colors of Benetton Men Check Green Shirt,Shirts,http://assets.myntassets.com/v1/images/style/properties/a7e285608951c5bca559302467f9989c_images.jpg
19187,United Colors of Benetton Men Check Grey Shirt,Shirts,http://assets.myntassets.com/v1/images/style/properties/2c23f32e2819b3b10d9f73cfa00e1697_images.jpg
19189,United Colors of Benetton Men White Shirt,Shirts,http://assets.myntassets.com/v1/images/style/properties/94f7da3f5503a62b4ff6c7fa99dc7394_images.jpg
1919,Puma Men's Choco Brown Casual Shoes,Casual Shoes,http://assets.myntassets.com/v1/images/style/properties/167b219d923d6fd3cc20af216653b496_images.jpg
19191,United Colors of Benetton Men Charcoal Shirt,Shirts,http://assets.myntassets.com/v1/images/style/properties/5b9f6b91971b5bcf974b28fd240c10eb_images.jpg
19192,United Colors of Benetton Men Check Grey Shirt,Shirts,http://assets.myntassets.com/v1/images/style/properties/99b09b4eed94cbdd9a7aaf410c941256_images.jpg
19193,United Colors of Benetton Men Solid White Shirt,Shirts,http://assets.myntassets.com/v1/images/style/properties/b1b55976ae5aa18e6d9b55848e5d0e04_images.jpg
19194,United Colors of Benetton Men Solid White Shirt,Shirts,http://assets.myntassets.com/v1/images/style/properties/f04e47fc357795999f95db2957d2a0cb_images.jpg
19195,United Colors of Benetton Men Check Red Shirt,Shirts,http://assets.myntassets.com/v1/images/style/properties/ea0840e0464ab638a3dd3d5f14843960_images.jpg
19197,United Colors of Benetton Men Grey Striped Shirt,Shirts,http://assets.myntassets.com/v1/images/style/properties/f38d5311e6547d782d94c526be446b5a_images.jpg
19198,United Colors of Benetton Men Solid White Shirt,Shirts,http://assets.myntassets.com/v1/images/style/properties/393d752e6e1838e5105c1dfa319cd25f_images.jpg
19199,United Colors of Benetton Men White Check Shirt,Shirts,http://assets.myntassets.com/v1/images/style/properties/72642fe859e37fc3788e657c498b8347_images.jpg
1920,Puma Men Graffiti FX Shoes,Casual Shoes,http://assets.myntassets.com/v1/images/style/properties/d01ac8eca6d7d5061a13ecbba3a356f1_images.jpg
19200,United Colors of Benetton Men Check Blue Shirt,Shirts,http://assets.myntassets.com/v1/images/style/properties/199219511b9635bfb80adcc580c9961c_images.jpg
19201,United Colors of Benetton Men Check Black Shirt,Shirts,http://assets.myntassets.com/v1/images/style/properties/a2840311e1172a6a36e86db0fd7a1166_images.jpg
19202,United Colors of Benetton Men Striped White Shirt,Shirts,http://assets.myntassets.com/v1/images/style/properties/d2693ae27a3d44e79f7fe1347c827926_images.jpg
19204,United Colors of Benetton Men Check Green Shirt,Shirts,http://assets.myntassets.com/v1/images/style/properties/51394d2a8d7db4613cb6d430ce28c63c_images.jpg
1922,Puma Mens Slim Fit Black Polo T-shirt,Tshirts,http://assets.myntassets.com/v1/images/style/properties/b0a035d03a79d09b7c55964ff51d40fe_images.jpg
19239,Puma Men Standpunkt Classic Black Casual Shoes,Casual Shoes,http://assets.myntassets.com/v1/images/style/properties/2adcac15399e31752e882950c9dcadc8_images.jpg
1924,Puma Mens Racing White T-shirt,Tshirts,http://assets.myntassets.com/v1/images/style/properties/2f00b85ce2d7d71b62adf5615963b371_images.jpg
19244,Puma Men Printed Green T-shirt,Tshirts,http://assets.myntassets.com/v1/images/style/properties/03df3a43f23aded8a0f18edb7b233a18_images.jpg
1926,Puma Mens Ocean Racing Blues T-shirt,Tshirts,http://assets.myntassets.com/v1/images/style/properties/e557c1b5f9604140c4d06c5ace3ff0a1_images.jpg
1928,Puma Mens One Love T-shirt,Tshirts,http://assets.myntassets.com/v1/images/style/properties/87632c5198b6cca775c2a8f54140b2f7_images.jpg
1929,Quechua Men's Lighweight Black Shoe,Sports Shoes,http://assets.myntassets.com/v1/images/style/properties/4945c337a45f251034a09b0fe6b852ec_images.jpg
19302,Nike Men Waffle Racer II Black Sports Shoes,Sports Shoes,http://assets.myntassets.com/v1/images/style/properties/5e7732c325a98ce31e62b771de059998_images.jpg
19303,Nike Men Waffle Racer II Red Sports Shoes,Sports Shoes,http://assets.myntassets.com/v1/images/style/properties/7d0a40daf4301a21f691b4c2e10c770d_images.jpg
19305,Nike Men Air Force 1 Navy Blue Sports Shoe,Sports Shoes,http://assets.myntassets.com/v1/images/style/properties/abd44691982610eca40c1809430b4e38_images.jpg
19306,Nike Men Dart VII Leather Black Sports Shoe,Sports Shoes,http://assets.myntassets.com/v1/images/style/properties/f45a3452862f171442a0c60c0db38a52_images.jpg
19307,Nike Men Air Citius 2+ MSL White Sports Shoes,Sports Shoes,http://assets.myntassets.com/v1/images/style/properties/5e6d3b3a158303679452ea7191dc24d0_images.jpg
19308,Nike Men Swift FG Grey Sports Shoe,Sports Shoes,http://assets.myntassets.com/v1/images/style/properties/236589e30568e8ab2ea6874f066a4bd6_images.jpg
19309,Nike Men Field Trainer Textile Grey Sports Shoes,Sports Shoes,http://assets.myntassets.com/v1/images/style/properties/e16ccddf836568caf602ae77f60bbe19_images.jpg
1931,Puma Men's Jamaica Jam Navy Blue T-shirt,Tshirts,http://assets.myntassets.com/v1/images/style/properties/7af49db92ebaf6cd23ea5fade44c1b40_images.jpg
19310,Nike Men Lunarglide+ 3 White Sports Shoe,Sports Shoes,http://assets.myntassets.com/v1/images/style/properties/f9224900952588d6eb8c8dbd8bc6410e_images.jpg
19311,Nike Men Air Rift MTR White Casual Shoe,Casual Shoes,http://assets.myntassets.com/v1/images/style/properties/ac5a2fb9462db16f4cf5fc0f3616a9e6_images.jpg
19329,Puma Men Standpunkt Brown Casual Shoes,Casual Shoes,http://assets.myntassets.com/v1/images/style/properties/bcb01252e8d12d743d85d0001586fee0_images.jpg
19348,Numero Uno Men Suede Moccasin Navy Blue Casual Shoes,Casual Shoes,http://assets.myntassets.com/v1/images/style/properties/6bb2028fa010401cf050258f4d7a740b_images.jpg
19349,Numero Uno Men Fashion Black Sports Shoes,Sports Shoes,http://assets.myntassets.com/v1/images/style/properties/58721f511963f380fabc9b951cd8b654_images.jpg
19350,Numero Uno Men White Shoes,Casual Shoes,http://assets.myntassets.com/v1/images/style/properties/1d682d6e551f1e7acafce4aa495e6a7a_images.jpg
19351,Numero Uno Men Navy Blue Shoes,Casual Shoes,http://assets.myntassets.com/v1/images/style/properties/ec60da5c96ee7e2bb7c51475a26d0e09_images.jpg
19352,Numero Uno Men Lifestyle Black Casual Shoes,Casual Shoes,http://assets.myntassets.com/v1/images/style/properties/14e3a4cef7dfdbddb49f8aa96579db68_images.jpg
19353,Numero Uno Men Brown Shoes,Casual Shoes,http://assets.myntassets.com/v1/images/style/properties/3ff8d58d6dc0f11beed56e4b4a1a9ce3_images.jpg
19354,Numero Uno Men White Shoes,Casual Shoes,http://assets.myntassets.com/v1/images/style/properties/698677739004ab6982bd26adbf56b911_images.jpg
19364,Redtape Men Calcullas Black Casual Shoes,Casual Shoes,http://assets.myntassets.com/v1/images/style/properties/722d0d927c268f7ac5bb110ed3447197_images.jpg
19365,Redtape Men Calcullas Tan Casual Shoes,Casual Shoes,http://assets.myntassets.com/v1/images/style/properties/aa03ee80302edc34bc504f102c0947f1_images.jpg
19367,Redtape Men Candy Tan Casual Shoes,Casual Shoes,http://assets.myntassets.com/v1/images/style/properties/8635c5004c65b8cbd67d35b5bb5d0ded_images.jpg
19368,Redtape Men Candy Grey Casual Shoes,Casual Shoes,http://assets.myntassets.com/v1/images/style/properties/1a95bfe1660347d7b8cf6a78d3f7e354_images.jpg
19369,Redtape Men Stone Wall Blue Casual Shoes,Casual Shoes,http://assets.myntassets.com/v1/images/style/properties/8f22aa3819bb832f8789988810abc048_images.jpg
1938,Puma Men's Jamaica Jam Blues T-shirt,Tshirts,http://assets.myntassets.com/v1/images/style/properties/ae4d26f61750a064652ad91fc28ff7ff_images.jpg
19387,ADIDAS Men Dumont Beige Sports Shoes,Sports Shoes,http://assets.myntassets.com/v1/images/style/properties/4667f5416339437dda1dc3510bb0a27d_images.jpg
19388,ADIDAS Men Green South Africa Cricket Jersey,Tshirts,http://assets.myntassets.com/v1/images/style/properties/16a4f1f73001f8b3f12aa3595ed89f9f_images.jpg
19389,ADIDAS Men Printed White Tshirt,Tshirts,http://assets.myntassets.com/v1/images/style/properties/7a062f6dae212c34535b4180d5b31185_images.jpg
19390,ADIDAS Men Printed White Tshirt,Tshirts,http://assets.myntassets.com/v1/images/style/properties/e7548bf61843218bc2acf67c0dcc79b2_images.jpg
19391,ADIDAS Men Printed Blue Tshirt,Tshirts,http://assets.myntassets.com/v1/images/style/properties/490579e7c2906f513639271654d46d04_images.jpg
19392,ADIDAS Men Solid Black Jersey,Tshirts,http://assets.myntassets.com/v1/images/style/properties/c52cbe5a342e72dd297381897f1c0e97_images.jpg
19395,ADIDAS Men Solid Blue Tshirt,Tshirts,http://assets.myntassets.com/v1/images/style/properties/09ab9e54e481d7e8c0fad25aa9e0c555_images.jpg
19396,ADIDAS Men Printed White Tshirt,Tshirts,http://assets.myntassets.com/v1/images/style/properties/fc5840dba8cdca6da35b422a9e7042e8_images.jpg
19397,ADIDAS Men Solid Blue T-Shirt,Tshirts,http://assets.myntassets.com/v1/images/style/properties/057c5bb0986b002d674dae4e596f9984_images.jpg
19398,ADIDAS Men Solid Blue Jersey,Tshirts,http://assets.myntassets.com/v1/images/style/properties/05c4b4b891834b0b7f798d4f8e624b44_images.jpg
19399,ADIDAS Men Solid Black Jersey,Tshirts,http://assets.myntassets.com/v1/images/style/properties/0b39c85e1901ea7e075ed1db0b8fabc7_images.jpg
19400,ADIDAS Men Navy Blue T-shirt,Tshirts,http://assets.myntassets.com/v1/images/style/properties/e2db344bfe5090719cb7055023bbac19_images.jpg
19401,ADIDAS Men Solid Black Jersey,Tshirts,http://assets.myntassets.com/v1/images/style/properties/a75a487cc6ffd6a38fe56f4c74173819_images.jpg
19402,ADIDAS Men Printed Black Tshirt,Tshirts,http://assets.myntassets.com/v1/images/style/properties/32441dab79590d636c8e234f7ba82c26_images.jpg
19403,ADIDAS Men Grey T-shirt,Tshirts,http://assets.myntassets.com/v1/images/style/properties/ecbd614df48dff5861afad623834af9b_images.jpg
19404,ADIDAS Men Solid White Tshirt,Tshirts,http://assets.myntassets.com/v1/images/style/properties/fa6d60db27030362f7749aa8108274b9_images.jpg
19405,ADIDAS Men Blue Jersey,Tshirts,http://assets.myntassets.com/v1/images/style/properties/0fd064d0896236dd4e6d4bf526ec6bea_images.jpg
19406,ADIDAS Men White Twenty2yds Lite IV Sports Shoes,Sports Shoes,http://assets.myntassets.com/v1/images/style/properties/91f4fea55dde39fbdfee7ecce667bf84_images.jpg
19407,ADIDAS Men Solid Black Jersey,Tshirts,http://assets.myntassets.com/v1/images/style/properties/1be610d8cea846bdf13fb49f5e550e4d_images.jpg
19408,ADIDAS Men  Off White Polo Tshirt,Tshirts,http://assets.myntassets.com/v1/images/style/properties/22ea07a6955fcfa096a212e9e1bcd018_images.jpg
19409,ADIDAS Men Striped Grey Tshirt,Tshirts,http://assets.myntassets.com/v1/images/style/properties/9fc7675fb952dc411dfe96bb80b3381e_images.jpg
19410,ADIDAS Men Black Tshirt,Tshirts,http://assets.myntassets.com/v1/images/style/properties/4f6dde1562300cc3247c2228456327cc_images.jpg
1942,Puma Mens Reggae All Night White T-shirt,Tshirts,http://assets.myntassets.com/v1/images/style/properties/8e613d7acde930a39439a349657a67e9_images.jpg
19423,Quiksilver Men White Printed T-shirt,Tshirts,http://assets.myntassets.com/v1/images/style/properties/cc00ef03af3cfed96b6bf95f8cf9fffc_images.jpg
19424,Quiksilver Men Printed Green T-shirt,Tshirts,http://assets.myntassets.com/v1/images/style/properties/8fcf3d67f65c9fcc936ebc6f6a80d348_images.jpg
19425,Quiksilver Men Blue Shirt,Shirts,http://assets.myntassets.com/v1/images/style/properties/e5c2e79401819e5a891fdd94bfc32fb4_images.jpg
19426,Quiksilver Men Tar Pits Black Shirt,Shirts,http://assets.myntassets.com/v1/images/style/properties/5071615caf43e1e4c1dab050cffc5a5b_images.jpg
19427,Quiksilver Men Beige Shirt,Shirts,http://assets.myntassets.com/v1/images/style/properties/c5d0115d01575e9fe2db2b1a8835fed5_images.jpg
19428,Quiksilver Men Rincon Red Shirt,Shirts,http://assets.myntassets.com/v1/images/style/properties/a4478b53aab1959c371a8cec9ffb83cf_images.jpg
19429,Quiksilver Men Red Check Shirt,Shirts,http://assets.myntassets.com/v1/images/style/properties/Quiksilver-Men-Red-Check-Shirt_ca2d6da1881d9e6a494da9de215dbfbf_images.jpg
1944,Puma Mens Reggae All Night Blues T-shirt,Tshirts,http://assets.myntassets.com/v1/images/style/properties/9454d4ed7f4648bb8cf5f6a579a954bb_images.jpg
19445,Quiksilver Men Grey Printed T-shirt,Tshirts,http://assets.myntassets.com/v1/images/style/properties/e280364a7121236e79aab3dc3e0217a4_images.jpg
19448,Quiksilver Men Cream Striped T-shirt,Tshirts,http://assets.myntassets.com/v1/images/style/properties/21bf3783488a728ca217efbeb266029b_images.jpg
19449,Quiksilver Men White Striped T-shirt,Tshirts,http://assets.myntassets.com/v1/images/style/properties/dbc49d145f4f615ad5f51140249ec0d3_images.jpg
1945,Puma Mens Reggae All Night Green T-shirt,Tshirts,http://assets.myntassets.com/v1/images/style/properties/af4824f09b9aca83eaec8a2b3cd17835_images.jpg
19450,Quiksilver Men Black T-shirt,Tshirts,http://assets.myntassets.com/v1/images/style/properties/fc2fbb5cd8331355d0417ba5b3dc1c74_images.jpg
19453,Quiksilver Men Purple Printed T-shirt,Tshirts,http://assets.myntassets.com/v1/images/style/properties/41e2ad0051c71fbc0c7322f17f008395_images.jpg
19455,Quiksilver Men Black T-shirt,Tshirts,http://assets.myntassets.com/v1/images/style/properties/06cc48530a423a99b0261c9d868e5c4c_images.jpg
19456,Quiksilver Men Printed Grey T-shirt,Tshirts,http://assets.myntassets.com/v1/images/style/properties/797bf255f290676addc7ab49b100b011_images.jpg
19457,Quiksilver Men Black T-shirt,Tshirts,http://assets.myntassets.com/v1/images/style/properties/8d3843e5b2309b2a880ab85a49f1c482_images.jpg
19459,Quiksilver Men Basic Grey T-shirt,Tshirts,http://assets.myntassets.com/v1/images/style/properties/b9c03a64f22efc130db46cc7d2888bf6_images.jpg
1946,Puma Mens One Love Reggae Polo T-shirt,Tshirts,http://assets.myntassets.com/v1/images/style/properties/6586cf61be3b1bad5cf469c715ff514b_images.jpg
19465,Quiksilver Men Navy Blue Check Shirt,Shirts,http://assets.myntassets.com/v1/images/style/properties/315927e36a960ea3f43dc4db09caeb0b_images.jpg
19466,Quiksilver Men Red Check Shirt,Shirts,http://assets.myntassets.com/v1/images/style/properties/a3d46d9e97c357a55caa64c29b69c226_images.jpg
19469,Quiksilver Men Black Shirt,Shirts,http://assets.myntassets.com/v1/images/style/properties/0ada8f7325da72fd0f4db54b33419b53_images.jpg
1947,Puma Mens Cricket Way of Life T-shirt,Tshirts,http://assets.myntassets.com/v1/images/style/properties/8a381850a135f0e99fc895c5caba435b_images.jpg
19478,Quiksilver Men High Blue Socks,Socks,http://assets.myntassets.com/v1/images/style/properties/Quiksilver-Men-High-Blue-Socksa0985e07f7a5769f1b787b895d9f8802_images.jpg
19479,Quiksilver Men Blue Socks,Socks,http://assets.myntassets.com/v1/images/style/properties/Quiksilver-Men-Blue-Socksc2b9483043225a755194394bbfea405b_images.jpg
1948,Puma Mens Keyboard Sidebar Black Polo T-shirt,Tshirts,http://assets.myntassets.com/v1/images/style/properties/db0a3334c54814a191217e713398ee1f_images.jpg
19482,Puma Men GP Buddh Logo Polo Navy Blue Tshirts,Tshirts,http://assets.myntassets.com/v1/images/style/properties/e75169ee8e152df6838b6794c45b3205_images.jpg
19483,Puma Men GP Buddh Logo Polo Navy Blue Tshirts,Tshirts,http://assets.myntassets.com/v1/images/style/properties/0b7d23c53800213b8f9ee09fd880e80c_images.jpg
1949,Puma Mens Keyboard Sidebar White Polo T-shirt,Tshirts,http://assets.myntassets.com/v1/images/style/properties/270d460a4f342b59fd6aacb50bf15410_images.jpg
19494,Puma Men Sports Pack of 3 Socks,Socks,http://assets.myntassets.com/v1/images/style/properties/b297303813fe7b097fbb9184f9e6d46b_images.jpg
19495,Puma Men Sport Quarters Pack of 3 White Socks,Socks,http://assets.myntassets.com/v1/images/style/properties/f0c07c4d96475b73da8e7be03f37ca67_images.jpg
19499,Puma Men Foundation Quarters White Socks,Socks,http://assets.myntassets.com/v1/images/style/properties/934aedd5de50133cff8313d0c8b2d93d_images.jpg
1950,Puma Mens Colour Splash T-shirt,Tshirts,http://assets.myntassets.com/v1/images/style/properties/816692daeb4c7d973bffdd8727838f1d_images.jpg
19500,Puma Men Sport Quarters White Socks,Socks,http://assets.myntassets.com/v1/images/style/properties/ce7d1fb5156ae43386b24a449d42331c_images.jpg
19501,Puma Men Ftpa Quarters Navy Blue Socks,Socks,http://assets.myntassets.com/v1/images/style/properties/62b6cacb93592f0e512104c72d8c4c42_images.jpg
19502,Puma Men Ftpa Quarters Grey Melange Socks,Socks,http://assets.myntassets.com/v1/images/style/properties/ea7cb86e484aec5398d44bc418438a5d_images.jpg
19504,Puma Men Sports Pack of 3 Socks,Socks,http://assets.myntassets.com/v1/images/style/properties/d8042a0dd3b66ef4b0e6c0d70518c23d_images.jpg
19529,United Colors of Benetton Men Solid Green TShirt,Tshirts,http://assets.myntassets.com/v1/images/style/properties/5be31b2b51107dad9c4b4aebeb1ac311_images.jpg
19531,United Colors of Benetton Men Solid Blue T-shirts,Tshirts,http://assets.myntassets.com/v1/images/style/properties/d4e2c93f4d87c52972427d21246fd9bf_images.jpg
19553,United Colors of Benetton Men Solid White TShirt,Tshirts,http://assets.myntassets.com/v1/images/style/properties/fe86ebcd77be3a465eb865b4eec019b5_images.jpg
19554,United Colors of Benetton Men Solid Navy Blue TShirt,Tshirts,http://assets.myntassets.com/v1/images/style/properties/673485c269735c6b0dcb57dad1b59645_images.jpg
19558,United Colors Of Benetton Men Black T-shirt,Tshirts,http://assets.myntassets.com/v1/images/style/properties/7b11bf8b979087e628719374ed46d9f4_images.jpg
19559,United Colors Of Benetton Men Blue T-shirt,Tshirts,http://assets.myntassets.com/v1/images/style/properties/73562f2e46940b01497e96afdcaf5a7b_images.jpg
19560,United Colors of Benetton Men Solid Maroon TShirt,Tshirts,http://assets.myntassets.com/v1/images/style/properties/53ff77023d13e96fb261c3e4093621d7_images.jpg
19561,United Colors of Benetton Men Solid Purple TShirt,Tshirts,http://assets.myntassets.com/v1/images/style/properties/5f7774411a8955d091613797d662f288_images.jpg
19563,United Colors of Benetton Men Solid Grey TShirt,Tshirts,http://assets.myntassets.com/v1/images/style/properties/35bb03d26f57364ba596087b1a910d96_images.jpg
19564,United Colors of Benetton Men Green Polo Tshirt,Tshirts,http://assets.myntassets.com/v1/images/style/properties/e02db49d044488f419d29683d7e0a429_images.jpg
19566,United Colors of Benetton Men Printed Blue TShirt,Tshirts,http://assets.myntassets.com/v1/images/style/properties/af114fee1d5f433222c02f81578d9afa_images.jpg
19567,United Colors of Benetton Men Striped White TShirt,Tshirts,http://assets.myntassets.com/v1/images/style/properties/cb10069bb16605edabd1ffd1aec69a60_images.jpg
19568,United Colors of Benetton Men Stripes Navy Blue Polo Tshirt,Tshirts,http://assets.myntassets.com/v1/images/style/properties/0beb8a6b74cd8a6d7cc26a8898cd37fa_images.jpg
19569,United Colors of Benetton Men Printed Grey TShirt,Tshirts,http://assets.myntassets.com/v1/images/style/properties/e2c79517859760405a006088d9898e4f_images.jpg
19570,United Colors of Benetton Men Printed Blue TShirt,Tshirts,http://assets.myntassets.com/v1/images/style/properties/7e71fa597406056a66e48e5a029f29a2_images.jpg
19571,United Colors of Benetton Men Printed Black TShirt,Tshirts,http://assets.myntassets.com/v1/images/style/properties/92642e4d0d368352c694a919e3666336_images.jpg
19572,United Colors of Benetton Men Printed Red T-shirt,Tshirts,http://assets.myntassets.com/v1/images/style/properties/f8430c4a9cdbf79692598d35efb916cc_images.jpg
19580,United Colors of Benetton Men Printed White TShirt,Tshirts,http://assets.myntassets.com/v1/images/style/properties/214dcc12e9d221b3d6b982b9a33d9fa8_images.jpg
19581,United Colors of Benetton Men Printed White Tshirt,Tshirts,http://assets.myntassets.com/v1/images/style/properties/0810496287e9904f9570f64fd11b8035_images.jpg
19582,United Colors of Benetton Men Printed Grey TShirt,Tshirts,http://assets.myntassets.com/v1/images/style/properties/255daaace4d0099d51f7de22e7cedcbd_images.jpg
19583,United Colors of Benetton Men Stripes Black Tshirt,Tshirts,http://assets.myntassets.com/v1/images/style/properties/33f51a70b2bdd9848b92a41c1ebe847a_images.jpg
19584,United Colors of Benetton Men Stripes Grey Tshirt,Tshirts,http://assets.myntassets.com/v1/images/style/properties/2a8c6d377954a9cd75c31e7830b6cfd3_images.jpg
19594,United Colors of Benetton Men Striped Black TShirt,Tshirts,http://assets.myntassets.com/v1/images/style/properties/6571fbe702e612d8fa55d3ed998a8e7f_images.jpg
19595,United Colors of Benetton Men Solid Grey TShirt,Tshirts,http://assets.myntassets.com/v1/images/style/properties/d1190bc64e6b0b982ef9517e3ffda4fa_images.jpg
1962,ADIDAS Men's Duramo Leather Shoe,Sports Shoes,http://assets.myntassets.com/v1/images/style/properties/da7929e144fd718e40369ce878843bce_images.jpg
19626,United Colors of Benetton Men Printed White T-shirt,Tshirts,http://assets.myntassets.com/v1/images/style/properties/United-Colors-of-Benetton-Men-Printed-White-Tshirt_96e4a751677d5279504dee8fb78835d2_images.jpg
19627,United Colors of Benetton Men Printed White Tshirt,Tshirts,http://assets.myntassets.com/v1/images/style/properties/ce7079ec483004d2e5387e2e34cd7e3b_images.jpg
19628,United Colors of Benetton Men Printed Black Tshirt,Tshirts,http://assets.myntassets.com/v1/images/style/properties/a7d4ce85333e34f0020a6fc8dec7ff91_images.jpg
19629,United Colors of Benetton Men Printed White TShirt,Tshirts,http://assets.myntassets.com/v1/images/style/properties/518520409afe2ab3e0882f5ec4535c24_images.jpg
1963,ADIDAS Men's Azaro White Shoe,Sports Shoes,http://assets.myntassets.com/v1/images/style/properties/a3cd6de02e8003915d6f66923ae8ee7d_images.jpg
19630,United Colors of Benetton Men Black T-shirt,Tshirts,http://assets.myntassets.com/v1/images/style/properties/0af4d69664171651e6e5b75e33f2b950_images.jpg
19631,United Colors of Benetton Men Solid Grey T-shirt,Tshirts,http://assets.myntassets.com/v1/images/style/properties/30d80c66e49c2232873ce298aaf546f2_images.jpg
19632,United Colors of Benetton Men Solid Grey Tshirt,Tshirts,http://assets.myntassets.com/v1/images/style/properties/f6d3caa91eacd39e782c864d08ac1a02_images.jpg
19633,United Colors of Benetton Men Solid Grey TShirt,Tshirts,http://assets.myntassets.com/v1/images/style/properties/8a3be05c4ee6723f749c50a4bd3eb1b8_images.jpg
1964,ADIDAS Men's Blue Canvas Shoe,Casual Shoes,http://assets.myntassets.com/v1/images/style/properties/a801eddd0bcac233daafbf02b87a694d_images.jpg
19642,United Colors of Benetton Men Stripes Cream Polo Tshirt,Tshirts,http://assets.myntassets.com/v1/images/style/properties/da77834fe927be6a1b81d19e8d77c378_images.jpg
19651,United Colors of Benetton Men Printed Blue Tshirt,Tshirts,http://assets.myntassets.com/v1/images/style/properties/723d4ab238c4c7c149e091c9e9dd0974_images.jpg
19656,United Colors of Benetton Men Printed Green TShirt,Tshirts,http://assets.myntassets.com/v1/images/style/properties/ee42f3ace945c9705e3c12089bf9d1e0_images.jpg
19657,United Colors of Benetton Men Blue Printed T-shirt,Tshirts,http://assets.myntassets.com/v1/images/style/properties/28c21c43e819645331c650ad9cf59c2d_images.jpg
19658,United Colors of Benetton Men Printed Blue T-shirt,Tshirts,http://assets.myntassets.com/v1/images/style/properties/672ff89d2db345c22976ffcdb15dd321_images.jpg
1966,Domyos Mens Compression Black T-shirt,Tshirts,http://assets.myntassets.com/v1/images/style/properties/fcf3120ad31d59bc3c7d622452298a35_images.jpg
19664,United Colors of Benetton Men Black T-shirt,Tshirts,http://assets.myntassets.com/v1/images/style/properties/670deea354c9136c0316516adde1c2a0_images.jpg
19665,United Colors of Benetton Men Printed Green TShirt,Tshirts,http://assets.myntassets.com/v1/images/style/properties/9ffa2f090147d1a0aef41b8a45d8e1f8_images.jpg
19690,United Colors of Benetton Men Solid Grey Shirt,Shirts,http://assets.myntassets.com/v1/images/style/properties/879183103b9f7484e0d8f523dd1fe939_images.jpg
19692,United Colors of Benetton Men Solid Black Shirt,Shirts,http://assets.myntassets.com/v1/images/style/properties/45db0d0730e04a405e4cba72d2e48abc_images.jpg
19693,United Colors of Benetton Men Stripes White Shirt,Shirts,http://assets.myntassets.com/v1/images/style/properties/b15201c24863f2d4ef08b5f5c7b990a5_images.jpg
19695,United Colors of Benetton Men Check Navy Blue Shirt,Shirts,http://assets.myntassets.com/v1/images/style/properties/73d3d144efbe732409d8a0ca03ff90f5_images.jpg
19696,United Colors of Benetton Men Solid Grey Shirt,Shirts,http://assets.myntassets.com/v1/images/style/properties/0abd99512109e55805e879f0166c388a_images.jpg
19697,United Colors of Benetton Men Solid White Shirt,Shirts,http://assets.myntassets.com/v1/images/style/properties/d76cfd295aac39fb6dc0c3e132750e87_images.jpg
19699,United Colors of Benetton Men White Shirt,Shirts,http://assets.myntassets.com/v1/images/style/properties/b422c9a997f44f9b46537a1de6b68d44_images.jpg
19700,United Colors of Benetton Men White Shirt,Shirts,http://assets.myntassets.com/v1/images/style/properties/08a1c636df32df952d55539881f06eca_images.jpg
19701,United Colors of Benetton Men Striped Blue Shirt,Shirts,http://assets.myntassets.com/v1/images/style/properties/1d6fd30ad542e2f374f34bb057ce5055_images.jpg
19702,United Colors Of Benetton Men Striped Blue Shirts,Shirts,http://assets.myntassets.com/v1/images/style/properties/7d2d66d3924c41c48b983c7f158307a6_images.jpg
19703,United Colors of Benetton Men Stripes Black Shirt,Shirts,http://assets.myntassets.com/v1/images/style/properties/a1e47c2fd58eb25d17cc0db3b20544c3_images.jpg
19705,United Colors of Benetton Men Check Red Shirt,Shirts,http://assets.myntassets.com/v1/images/style/properties/43b3f5bed38b567069b5372d2bb19309_images.jpg
19706,United Colors of Benetton Men Navy Blue Check Shirt,Shirts,http://assets.myntassets.com/v1/images/style/properties/d5c27cc1a30d49c36c3575c77bac6fbc_images.jpg
19707,United Colors of Benetton Men Check Black Shirt,Shirts,http://assets.myntassets.com/v1/images/style/properties/d7fe025d372304983911920e64e2c8b5_images.jpg
19708,United Colors of Benetton Men Check Black Shirt,Shirts,http://assets.myntassets.com/v1/images/style/properties/986a7a9dace8566153df402a9072f5a6_images.jpg
19709,United Colors of Benetton Men Check Maroon Shirt,Shirts,http://assets.myntassets.com/v1/images/style/properties/f466a96297bf52eb88fe4732d52ad94f_images.jpg
19711,United Colors of Benetton Men Check Red Shirt,Shirts,http://assets.myntassets.com/v1/images/style/properties/31f1e139b26daa78cc763e518a6ee146_images.jpg
19712,United Colors of Benetton Men Check Purple Shirt,Shirts,http://assets.myntassets.com/v1/images/style/properties/0915ae419ef9ecc4c152915296946230_images.jpg
19713,United Colors of Benetton Men Navy Blue Check Shirt,Shirts,http://assets.myntassets.com/v1/images/style/properties/6c43b1b40dc866ffb7c1a1e734a9b353_images.jpg
19714,United Colors of Benetton Men Check Purple Shirt,Shirts,http://assets.myntassets.com/v1/images/style/properties/2701228dd682173e454b8ca279e32929_images.jpg
19715,United Colors of Benetton Men Blue Check Shirt,Shirts,http://assets.myntassets.com/v1/images/style/properties/fde1547e9025a2f78dd651c3501a300e_images.jpg
19716,United Colors of Benetton Men Solid Blue Shirt,Shirts,http://assets.myntassets.com/v1/images/style/properties/57d63cd95a6dc396d4e0ab492f8436b2_images.jpg
19717,United Colors of Benetton Men Check Blue Shirt,Shirts,http://assets.myntassets.com/v1/images/style/properties/ba49e9aa77181edbc3ffdeeda6aa9f8e_images.jpg
19718,United Colors of Benetton Men Blue Shirt,Shirts,http://assets.myntassets.com/v1/images/style/properties/58c3e6789485c93dd4e0957301d72382_images.jpg
19719,United Colors of Benetton Men Stripes Grey Shirt,Shirts,http://assets.myntassets.com/v1/images/style/properties/7a783e9ebd2a7dd7e068ab1bd2badf4b_images.jpg
1972,Kalenji Mens White T-shirt,Tshirts,http://assets.myntassets.com/v1/images/style/properties/61538a0a2343938e46e0018c0e0fd3d7_images.jpg
19720,United Colors of Benetton Men Black Striped Shirt,Shirts,http://assets.myntassets.com/v1/images/style/properties/cd4cb0671b2e639a24b567737c628bd4_images.jpg
19721,United Colors Of Benetton Men Grey Shirt,Shirts,http://assets.myntassets.com/v1/images/style/properties/51381b9659f1a9349fcf6a0fee14f031_images.jpg
19723,United Colors of Benetton Men Solid Grey Shirt,Shirts,http://assets.myntassets.com/v1/images/style/properties/722254ef0b37b367b14197f0dd6aa80c_images.jpg
1973,Quechua Mens Brown T-shirt,Tshirts,http://assets.myntassets.com/v1/images/style/properties/175addabefe34dfe09f25798078cdaed_images.jpg
19731,United Colors of Benetton Men Solid Blue Shirt,Shirts,http://assets.myntassets.com/v1/images/style/properties/4686477adb81de3f6d6fe58296af52cb_images.jpg
19732,United Colors of Benetton Men Solid Purple Shirt,Shirts,http://assets.myntassets.com/v1/images/style/properties/b753360fea436da9d09c8d08ffe1e031_images.jpg
19733,United Colors of Benetton Men Solid Green Shirt,Shirts,http://assets.myntassets.com/v1/images/style/properties/c30ff6a4261b2a5de3cc11cc49e2f9e8_images.jpg
19745,ADIDAS Originals Men Red Polo T-shirt,Tshirts,http://assets.myntassets.com/v1/images/style/properties/Adidas-Originals-Men-Solid-Red-Tshirt_cbe66dc2713a93f74e2fe17c623c6c41_images.jpg
19746,ADIDAS Originals Men Solid Black Tshirt,Tshirts,http://assets.myntassets.com/v1/images/style/properties/7fbf7e9e33ac1181a36e92e1bd4b7fa6_images.jpg
19749,Levi's Men Solid Green Tshirt,Tshirts,http://assets.myntassets.com/v1/images/style/properties/159bddcd922aae06a55af2cd5e59b94f_images.jpg
19750,Levi's Men Solid Black Tshirt,Tshirts,http://assets.myntassets.com/v1/images/style/properties/269a7b1e21265fdae8c1475f572c026d_images.jpg
19751,Levi's Men Solid Grey Tshirt,Tshirts,http://assets.myntassets.com/v1/images/style/properties/d81d968256f5887c1a12f563fbf21e58_images.jpg
19752,Levis Men Solid Navy Blue Tshirt,Tshirts,http://assets.myntassets.com/v1/images/style/properties/8cf51d05b154d56625edbac0f5e134b2_images.jpg
19753,Levi's Men Solid Red Tshirt,Tshirts,http://assets.myntassets.com/v1/images/style/properties/71892b4d642f713ce3a3a74de841b482_images.jpg
19772,ADIDAS Men Vigor Blue Casual Shoes,Casual Shoes,http://assets.myntassets.com/v1/images/style/properties/4ce7d857814ce0fec13e120fe55522c9_images.jpg
19783,U.S. Polo Assn. Men Solid Orange Tshirt,Tshirts,http://assets.myntassets.com/v1/images/style/properties/a9d6af5c035b700503d2fefe30e4dc7d_images.jpg
19784,U.S. Polo Assn. Men Solid Green Tshirt,Tshirts,http://assets.myntassets.com/v1/images/style/properties/86c03b3f9b309afb09844ae30a826543_images.jpg
19785,U.S. Polo Assn. Men Solid Red Tshirt,Tshirts,http://assets.myntassets.com/v1/images/style/properties/ec784f78f765599d225c432e019ecd47_images.jpg
19786,U.S. Polo Assn. Men Solid Navy Blue Tshirt,Tshirts,http://assets.myntassets.com/v1/images/style/properties/4dcc3b32e48ebb49502a3384edff6ccf_images.jpg
19787,U.S. Polo Assn. Men Solid White Tshirt,Tshirts,http://assets.myntassets.com/v1/images/style/properties/366c42c882f82d843382e94ed60959b5_images.jpg
19788,U.S. Polo Assn. Men Solid Green Tshirt,Tshirts,http://assets.myntassets.com/v1/images/style/properties/41b8c79966d01c7427527372924fe532_images.jpg
19789,U.S. Polo Assn. Men Solid Orange Tshirt,Tshirts,http://assets.myntassets.com/v1/images/style/properties/39a0b8a5a05689a2fbee2fcf7091e3ea_images.jpg
19790,U.S. Polo Assn. Men Solid Blue Tshirt,Tshirts,http://assets.myntassets.com/v1/images/style/properties/239b82f5f529400adacb3d0daecd561a_images.jpg
19791,U.S. Polo Assn. Men Solid Yellow Tshirt,Tshirts,http://assets.myntassets.com/v1/images/style/properties/8b3fdf1f098ea5c42c8da8bd4277dc8a_images.jpg
19792,U.S. Polo Assn. Men Striped Purple Tshirt,Tshirts,http://assets.myntassets.com/v1/images/style/properties/d0655c33644a7b08ae05757b62302049_images.jpg
19793,U.S. Polo Assn. Men Striped Navy Blue Tshirt,Tshirts,http://assets.myntassets.com/v1/images/style/properties/b77c0d9782e4c40a1e4dd3d916e774ab_images.jpg
19794,U.S. Polo Assn. Men Solid Green T-shirt,Tshirts,http://assets.myntassets.com/v1/images/style/properties/2473f62812de9a2bac6e0e48d30fda13_images.jpg
19795,U.S. Polo Assn. Men Solid Grey T-shirt,Tshirts,http://assets.myntassets.com/v1/images/style/properties/5331a88d49ed1468e0e93b10ddc700be_images.jpg
19796,U.S. Polo Assn. Men Black Striped Polo T-shirt,Tshirts,http://assets.myntassets.com/v1/images/style/properties/US-Polo-Assn-Men-Black-Striped-T-shirt_143da4c27683a55983f30b4e8c33416b_images.jpg
19797,U.S. Polo Assn. Men Striped Grey T-shirt,Tshirts,http://assets.myntassets.com/v1/images/style/properties/a9817dd1427bf05f8a225993ccec4056_images.jpg
19798,U.S. Polo Assn. Men Striped Grey T-shirt,Tshirts,http://assets.myntassets.com/v1/images/style/properties/c03cea462b889a75ed00c687b25d5aaf_images.jpg
19799,U.S. Polo Assn. Men Solid Maroon T-shirt,Tshirts,http://assets.myntassets.com/v1/images/style/properties/c7a261266c46a5ba901fad8904dc8663_images.jpg
19800,U.S. Polo Assn. Men Solid Green Tshirt,Tshirts,http://assets.myntassets.com/v1/images/style/properties/c4d8fa29bdbc580afe0400ae997e6a79_images.jpg
19801,U.S. Polo Assn. Men Solid Blue Tshirt,Tshirts,http://assets.myntassets.com/v1/images/style/properties/bb7391e2a6532c623f2661b8e0c59332_images.jpg
19802,U.S. Polo Assn. Men Printed Grey Tshirt,Tshirts,http://assets.myntassets.com/v1/images/style/properties/34d31f3da7bbe22d12cf8171d8db5ab6_images.jpg
19803,U.S. Polo Assn. Men Printed Grey Tshirt,Tshirts,http://assets.myntassets.com/v1/images/style/properties/83d565e8384cbac1a7bc38f00d9b0684_images.jpg
19804,U.S. Polo Assn. Men Solid Blue Tshirt,Tshirts,http://assets.myntassets.com/v1/images/style/properties/67a635864d137284aed9f7055a7e649a_images.jpg
19805,U.S. Polo Assn. Men Solid Blue Tshirt,Tshirts,http://assets.myntassets.com/v1/images/style/properties/5c84987b5d5f9b2c374d80073bca51e6_images.jpg
19806,U.S. Polo Assn. Men Solid Black Tshirt,Tshirts,http://assets.myntassets.com/v1/images/style/properties/5ebb28309a7daa0675fc16721ae3b5cb_images.jpg
19807,U.S. Polo Assn. Men Solid White Tshirt,Tshirts,http://assets.myntassets.com/v1/images/style/properties/5b06bfc4e1fc821b4713022b27a76545_images.jpg
19823,U.S. Polo Assn. Men Check Grey Shirt,Shirts,http://assets.myntassets.com/v1/images/style/properties/e289cdc3296f6ee764d6c8a28d703291_images.jpg
19824,U.S. Polo Assn. Men Check Navy Blue Shirt,Shirts,http://assets.myntassets.com/v1/images/style/properties/da919e49d8a31ed404ee73e7b0cb8a37_images.jpg
19825,U.S. Polo Assn. Men Check Green Shirt,Shirts,http://assets.myntassets.com/v1/images/style/properties/4c468cfd334b5d6ac1e27094dd0afe37_images.jpg
19826,U.S. Polo Assn. Men Check Yellow Shirt,Shirts,http://assets.myntassets.com/v1/images/style/properties/d713990d55daf28398c039315c661047_images.jpg
19827,U.S. Polo Assn. Men Check Red Shirt,Shirts,http://assets.myntassets.com/v1/images/style/properties/db93cbf8554ab4f15bde4be88bb1ce15_images.jpg
19828,U.S. Polo Assn. Men Check Navy Blue Shirt,Shirts,http://assets.myntassets.com/v1/images/style/properties/09effb1d2390cfcae6430df043d10856_images.jpg
19829,U.S. Polo Assn. Men Check Brown Shirt,Shirts,http://assets.myntassets.com/v1/images/style/properties/d674308836049d2f6364e384029bfa1e_images.jpg
19830,U.S. Polo Assn. Men Check Navy Blue Shirt,Shirts,http://assets.myntassets.com/v1/images/style/properties/39c88f00d2256a204cc450e8e81e92b8_images.jpg
19831,U.S. Polo Assn. Men Check Black Shirt,Shirts,http://assets.myntassets.com/v1/images/style/properties/068c905a91234cef5cfd0c87fa7bea85_images.jpg
19832,U.S. Polo Assn. Men Check Brown Shirt,Shirts,http://assets.myntassets.com/v1/images/style/properties/f4bcf55c4bd74b6e5cb55660549e652c_images.jpg
19833,U.S. Polo Assn. Men Solid Blue Shirt,Shirts,http://assets.myntassets.com/v1/images/style/properties/878466a0ead2053ee3d0593e0168b91b_images.jpg
19834,U.S. Polo Assn. Men Blue Checked Shirt,Shirts,http://assets.myntassets.com/v1/images/style/properties/US-Polo-Assn-Men-Blue-Checked-Shirt_6114a1c61875d1ab29c898687d2ad2c3_images.jpg
19835,U.S. Polo Assn. Men Check Brown Shirt,Shirts,http://assets.myntassets.com/v1/images/style/properties/dd173532729072e58aafbcad2db2288d_images.jpg
19836,U.S. Polo Assn. Men Blue & WIne Check Shirt,Shirts,http://assets.myntassets.com/v1/images/style/properties/US-Polo-Assn-Men-BBlue---WIne-Check-Shirt_597dd85f01b5cb7103979f720666cb66_images.jpg
19837,U.S. Polo Assn. Men Check Green Shirt,Shirts,http://assets.myntassets.com/v1/images/style/properties/746ab16c28b83f79f515cd12a48b518d_images.jpg
19838,U.S. Polo Assn. Men Check Red Shirt,Shirts,http://assets.myntassets.com/v1/images/style/properties/982d5001e3898a7262c581b6d0652f4f_images.jpg
19840,U.S. Polo Assn. Men Check Brown Shirt,Shirts,http://assets.myntassets.com/v1/images/style/properties/5e9c3958bd7050ceb30dd0c1cef33cfe_images.jpg
