id,productDisplayName,brandName,gender,masterCategory,subCategory,articleType,baseColour,usage,season,year,imageURL
10004,Nike Men As 7 Sw Temp Grey Shorts,Nike,Men,Apparel,Bottomwear,Shorts,Grey,Sports,Fall,2011.0,http://assets.myntassets.com/v1/images/style/properties/9556d66f526ab7923d599fdddee1e4b9_images.jpg
10005,Nike Men As Ss Trainin Blue T-Shirts,Nike,Men,Apparel,Topwear,Tshirts,Blue,Sports,Fall,2011.0,http://assets.myntassets.com/v1/images/style/properties/5dc5a3265be8eeefdbd7c06e43ff6cb9_images.jpg
10006,Nike Men AS T90 Black Tshirts,Nike,Men,Apparel,Topwear,Tshirts,Black,Sports,Fall,2011.0,http://assets.myntassets.com/v1/images/style/properties/74f42a1523d450362f6579f96b64b608_images.jpg
10008,Nike Men Town Navy Blue T-Shirts,Nike,Men,Apparel,Topwear,Tshirts,Navy Blue,Sports,Fall,2011.0,http://assets.myntassets.com/v1/images/style/properties/11208e022cee193bc9ce69ae7601d11e_images.jpg
10009,Nike Men Town Round Red Neck T-Shirts,Nike,Men,Apparel,Topwear,Tshirts,Red,Sports,Fall,2011.0,http://assets.myntassets.com/v1/images/style/properties/c683c989cc53d172a8d9b175d75d1294_images.jpg
10010,Nike Men As Showdown F Black T-Shirts,Nike,Men,Apparel,Topwear,Tshirts,Black,Sports,Fall,2011.0,http://assets.myntassets.com/v1/images/style/properties/a062e261b6d3e1349a6d2a6aa7371669_images.jpg
10011,Nike Men Grey Melange Track Pants,Nike,Men,Apparel,Bottomwear,Track Pants,Grey Melange,Sports,Summer,2012.0,http://assets.myntassets.com/v1/images/style/properties/Nike-Men-Grey-Melange-Track-Pants_ec04f71d66884cf587041154b74517c2_images.jpg
10012,Nike Men's Breakli Navy Blue Track Pants,Nike,Men,Apparel,Bottomwear,Track Pants,Navy Blue,Sports,Fall,2011.0,http://assets.myntassets.com/v1/images/style/properties/0ea46424229645fa229d38b0eff4afc5_images.jpg
10013,Nike Men As Ss Cruiser Yellow T-Shirts,Nike,Men,Apparel,Topwear,Tshirts,Yellow,Sports,Fall,2011.0,http://assets.myntassets.com/v1/images/style/properties/8294dba13908524b577b295ca6282838_images.jpg
10015,Locomotive Men American Glory White Tshirts,LOCOMOTIVE,Men,Apparel,Topwear,Tshirts,White,Casual,Fall,2011.0,http://assets.myntassets.com/v1/images/style/properties/4576528b60bdbec05893efe87d2c284b_images.jpg
10018,Nike Men Black Three Quarter Track Pants,Nike,Men,Apparel,Bottomwear,Shorts,Black,Sports,Fall,2012.0,http://assets.myntassets.com/v1/images/style/properties/Nike-Men-Black-Three-Quarter-Track-Pants_38fb020e318c77b678317fe9d16695a0_images.jpg
10020,Nike Men Black & White Reversible Shorts,Nike,Men,Apparel,Bottomwear,Shorts,Black,Sports,Summer,2012.0,http://assets.myntassets.com/v1/images/style/properties/87ae1ed282a5057fafbf1d693b247659_images.jpg
10021,Nike Men As Woven Shor White Shorts,Nike,Men,Apparel,Bottomwear,Shorts,White,Sports,Spring,2013.0,http://assets.myntassets.com/v1/images/style/properties/434ee4b4ee8cc7d9ed0f2e7e975960d8_images.jpg
10022,Nike Men Blue Polo Tshirts,Nike,Men,Apparel,Topwear,Tshirts,Blue,Sports,Fall,2011.0,http://assets.myntassets.com/v1/images/style/properties/dcdf10855cb9709e3ff034e62313a54c_images.jpg
10031,Nike Men As Arsenal Co Navy Blue T-Shirts,Nike,Men,Apparel,Topwear,Tshirts,Navy Blue,Sports,Fall,2011.0,http://assets.myntassets.com/v1/images/style/properties/f891a7ec22ae36e8c14defd61bb0b7f3_images.jpg
10032,Nike Men AS FCB Core T Black T-shirts,Nike,Men,Apparel,Topwear,Tshirts,Black,Sports,Fall,2011.0,http://assets.myntassets.com/v1/images/style/properties/826d8f5d5e64a05b51c0afd3d5adb1ba_images.jpg
10033,Nike Men As Ad Breakli Navy Blue Shorts,Nike,Men,Apparel,Bottomwear,Shorts,Navy Blue,Sports,Fall,2011.0,http://assets.myntassets.com/v1/images/style/properties/894025afc35ba6f9924867af75d608c4_images.jpg
10035,Reebok Men Runtone Action Brown Sports Shoes,Reebok,Men,Footwear,Shoes,Sports Shoes,Brown,Sports,Fall,2011.0,http://assets.myntassets.com/v1/images/style/properties/ca06d73e7eabdfe68bcdee9c3a8739fc_images.jpg
10037,Reebok Men Premier ultra 8 U-form Silver Sports Shoes,Reebok,Men,Footwear,Shoes,Sports Shoes,Silver,Sports,Fall,2011.0,http://assets.myntassets.com/v1/images/style/properties/c876491b1ad3bbece863d5bf29408446_images.jpg
10039,Reebok Men Raceon White Sports Shoes,Reebok,Men,Footwear,Shoes,Sports Shoes,White,Sports,Fall,2011.0,http://assets.myntassets.com/v1/images/style/properties/8c7024fc08196b33759515ff1d542899_images.jpg
10040,Nike Men White Polo Tshirts,Nike,Men,Apparel,Topwear,Tshirts,White,Sports,Fall,2011.0,http://assets.myntassets.com/v1/images/style/properties/c2e91f240ec1503abde9529cdea2e434_images.jpg
10043,Puma Men ferrari Black Polo Tshirts,Puma,Men,Apparel,Topwear,Tshirts,Black,Casual,Fall,2011.0,http://assets.myntassets.com/v1/images/style/properties/7f8898f2b88316fdc4cc970f08b56daf_images.jpg
10044,Puma Men Ferrari Logo Black Tshirts,Puma,Men,Apparel,Topwear,Tshirts,Black,Casual,Fall,2011.0,http://assets.myntassets.com/v1/images/style/properties/feee09d16daa4bd9f01bb6a87693aa84_images.jpg
10045,Puma Men Heroes Party Graphic Blue Tshirts,Puma,Men,Apparel,Topwear,Tshirts,Blue,Casual,Fall,2011.0,http://assets.myntassets.com/v1/images/style/properties/74b69fbb1f5697af585c3ebc18315918_images.jpg
10046,Puma Men Heroes Graphic Green Tshirts,Puma,Men,Apparel,Topwear,Tshirts,Green,Casual,Fall,2011.0,http://assets.myntassets.com/v1/images/style/properties/eb6356e3915780613a7c3533ad3fdab0_images.jpg
10047,Puma Men Heroes Graphic Black Tshirts,Puma,Men,Apparel,Topwear,Tshirts,Black,Casual,Fall,2011.0,http://assets.myntassets.com/v1/images/style/properties/031fdac535f3c5630b6c63a1dbbbb859_images.jpg
10048,Puma Men Social Sport Black Tshirts,Puma,Men,Apparel,Topwear,Tshirts,Black,Casual,Fall,2011.0,http://assets.myntassets.com/v1/images/style/properties/4c4c7f32dcf714a378b5fb818b84a57e_images.jpg
10049,Puma Men Mns Body Train Black Tshirts,Puma,Men,Apparel,Topwear,Tshirts,Black,Casual,Fall,2011.0,http://assets.myntassets.com/v1/images/style/properties/a999c915f8b14dbff2b8d1709061c903_images.jpg
10050,Puma Men Usain Bolt Black Tshirts,Puma,Men,Apparel,Topwear,Tshirts,Black,Casual,Fall,2011.0,http://assets.myntassets.com/v1/images/style/properties/74bc9f69684b61729b7950ff07114d49_images.jpg
10051,Puma Men Motorsport Navy Blue Shirts,Puma,Men,Apparel,Topwear,Shirts,Navy Blue,Casual,Fall,2011.0,http://assets.myntassets.com/v1/images/style/properties/0a8c0bf5d6f680a4b712050a67c63c84_images.jpg
10056,ADIDAS Men Cfc Pes Black Tracksuits,ADIDAS,Men,Apparel,Bottomwear,Tracksuits,Black,Sports,Fall,2011.0,http://assets.myntassets.com/v1/images/style/properties/6988d144f536d572a4a19cbfc3e49f98_images.jpg
10057,Puma Men Tshirt Trning White Polo Tshirts,Puma,Men,Apparel,Topwear,Tshirts,White,Casual,Fall,2011.0,http://assets.myntassets.com/v1/images/style/properties/7e75438fd1d569711ccdc49c3af0a7c8_images.jpg
10058,Puma Men Large logo tee Black Tshirts,Puma,Men,Apparel,Topwear,Tshirts,Black,Casual,Fall,2011.0,http://assets.myntassets.com/v1/images/style/properties/85edd9fe185b64067be2e2aa5f1e7d81_images.jpg
10059,Puma Men Black Polo Tshirts,Puma,Men,Apparel,Topwear,Tshirts,Black,Casual,Fall,2011.0,http://assets.myntassets.com/v1/images/style/properties/506e68ce21f4ee2dbfe8117c63d54aa1_images.jpg
10060,Puma Men motor sport tee White Tshirts,Puma,Men,Apparel,Topwear,Tshirts,White,Casual,Fall,2011.0,http://assets.myntassets.com/v1/images/style/properties/c9ea7b775dd14c52b71b265f4544fd17_images.jpg
10061,Puma Men graphic story tee White Tshirts,Puma,Men,Apparel,Topwear,Tshirts,White,Casual,Fall,2011.0,http://assets.myntassets.com/v1/images/style/properties/9a1511e85d03032420c7dd0481707515_images.jpg
10062,Puma Men Puma runhard tee Grey Tshirts,Puma,Men,Apparel,Topwear,Tshirts,Grey,Casual,Fall,2011.0,http://assets.myntassets.com/v1/images/style/properties/821d377e49f3aa198c1937e9793099a6_images.jpg
10063,Puma Men spine tee Yellow Tshirts,Puma,Men,Apparel,Topwear,Tshirts,Yellow,Casual,Fall,2011.0,http://assets.myntassets.com/v1/images/style/properties/326621cc6459c808536e5229782ea491_images.jpg
10064,Puma Men puma shield tee Yellow Tshirts,Puma,Men,Apparel,Topwear,Tshirts,Yellow,Casual,Fall,2011.0,http://assets.myntassets.com/v1/images/style/properties/473df328352f5cc757a7e6734167c52a_images.jpg
10065,Puma Men ducati logo tee Yellow Tshirts,Puma,Men,Apparel,Topwear,Tshirts,Yellow,Casual,Fall,2011.0,http://assets.myntassets.com/v1/images/style/properties/ef754e63472dece06abfa6d6c1266d91_images.jpg
10066,Puma Men Puma midrange tee Black Tshirts,Puma,Men,Apparel,Topwear,Tshirts,Black,Casual,Fall,2011.0,http://assets.myntassets.com/v1/images/style/properties/b9c52b5667d67014a17e00d31f001530_images.jpg
10067,Puma Men punk logo tee Yellow Tshirts,Puma,Men,Apparel,Topwear,Tshirts,Yellow,Casual,Fall,2011.0,http://assets.myntassets.com/v1/images/style/properties/392f6b2acfb489b56a0e8d62d6f1fdef_images.jpg
10068,Puma Men lifestyle graphitti White Tshirts,Puma,Men,Apparel,Topwear,Tshirts,White,Casual,Fall,2011.0,http://assets.myntassets.com/v1/images/style/properties/69528f3383099e6013052b49ff5f6906_images.jpg
10069,Puma Men Large logo tee Black Tshirts,Puma,Men,Apparel,Topwear,Tshirts,Black,Casual,Fall,2011.0,http://assets.myntassets.com/v1/images/style/properties/a992b89ffa8033dca43f58dd0106033a_images.jpg
10074,Puma Men Puma runhard tee Black Tshirts,Puma,Men,Apparel,Topwear,Tshirts,Black,Casual,Fall,2011.0,http://assets.myntassets.com/v1/images/style/properties/6dabe0a0503cb611e831111a26aedf6e_images.jpg
10075,Puma Men ducati heritage logo tee Red Tshirts,Puma,Men,Apparel,Topwear,Tshirts,Red,Casual,Fall,2011.0,http://assets.myntassets.com/v1/images/style/properties/87684581db1232150a9ffca2b05e16f6_images.jpg
10078,Reebok Men Speed Mode White Sports Shoes,Reebok,Men,Footwear,Shoes,Sports Shoes,White,Sports,Fall,2011.0,http://assets.myntassets.com/v1/images/style/properties/d2aa2e147e9d44851450864dfd05c281_images.jpg
10080,Reebok Men Run Sheer Black Sports Shoes,Reebok,Men,Footwear,Shoes,Sports Shoes,Black,Sports,Fall,2011.0,http://assets.myntassets.com/v1/images/style/properties/15017ddf96926014061a0b06525b554e_images.jpg
10081,Reebok Men Zigdynamic White Sports Shoes,Reebok,Men,Footwear,Shoes,Sports Shoes,White,Sports,Fall,2011.0,http://assets.myntassets.com/v1/images/style/properties/0543c05bce84b0fcbeeabb354a821fea_images.jpg
10083,Reebok Men Hanavi II Green Flip Flops,Reebok,Men,Footwear,Flip Flops,Flip Flops,Green,Casual,Fall,2011.0,http://assets.myntassets.com/v1/images/style/properties/859b90da56eca0b45ca6022f2c6ce9d7_images.jpg
10088,Reebok Men Racehound Silver Sports Shoes,Reebok,Men,Footwear,Shoes,Sports Shoes,Silver,Sports,Fall,2011.0,http://assets.myntassets.com/v1/images/style/properties/4dac018abe2b09b76c465624cb319e6f_images.jpg
10092,Reebok Men Racehound Silver Sports Shoes,Reebok,Men,Footwear,Shoes,Sports Shoes,Silver,Sports,Fall,2011.0,http://assets.myntassets.com/v1/images/style/properties/29bafa503018057b586e376213c8f7a9_images.jpg
10093,Reebok Men Racehound White Sports Shoes,Reebok,Men,Footwear,Shoes,Sports Shoes,White,Sports,Fall,2011.0,http://assets.myntassets.com/v1/images/style/properties/0c09e6d84d5a38033dc6574465a3f5af_images.jpg
10095,Reebok Men Reeflex Run Blue Sports Shoes,Reebok,Men,Footwear,Shoes,Sports Shoes,Blue,Sports,Fall,2011.0,http://assets.myntassets.com/v1/images/style/properties/25f5a65c9c5dbf5f7631cf2d3f0d20f3_images.jpg
10097,Reebok Men Reeflex Run White Sports Shoes,Reebok,Men,Footwear,Shoes,Sports Shoes,White,Sports,Fall,2011.0,http://assets.myntassets.com/v1/images/style/properties/a947ceec9e8c493229417e1a1390417e_images.jpg
10098,Fastrack Men Analogue Plastic White Watch,Fastrack,Men,Accessories,Watches,Watches,White,Casual,Winter,2016.0,http://assets.myntassets.com/v1/images/style/properties/703a4bc156df5eb4719dc0dd2e871d82_images.jpg
10099,Fastrack Men Analogue Grey Watches,Fastrack,Men,Accessories,Watches,Watches,Grey,Casual,Winter,2016.0,http://assets.myntassets.com/v1/images/style/properties/b9087cd7ae406a75259287725e05213b_images.jpg
10101,Reebok Men Island Explorer Black Sports Shoes,Reebok,Men,Footwear,Shoes,Sports Shoes,Black,Sports,Fall,2011.0,http://assets.myntassets.com/v1/images/style/properties/19ec8f66795dfeae910c34973fa9b32f_images.jpg
10102,Reebok Men Premier Verona Supreme 2 Black Sports Shoes,Reebok,Men,Footwear,Shoes,Sports Shoes,Black,Sports,Fall,2011.0,http://assets.myntassets.com/v1/images/style/properties/c6b651c3474dc980106eadf223fc6422_images.jpg
10104,Reebok Men Buckets VI Black Sports Shoes,Reebok,Men,Footwear,Shoes,Sports Shoes,Black,Sports,Fall,2011.0,http://assets.myntassets.com/v1/images/style/properties/119c4e8d603f2504934a74d7cd846b82_images.jpg
10107,Fastrack Men Analogue Leather Steel Watches,Fastrack,Men,Accessories,Watches,Watches,Steel,Casual,Winter,2016.0,http://assets.myntassets.com/v1/images/style/properties/25b345388b1851b384f3a28ae1368f65_images.jpg
10111,Reebok Men Premier road supreme 2 Silver Sports Shoes,Reebok,Men,Footwear,Shoes,Sports Shoes,Silver,Sports,Fall,2011.0,http://assets.myntassets.com/v1/images/style/properties/2564fc4ea392445c307a9b044b049efd_images.jpg
10113,Reebok Men Run Sheer White Sports Shoes,Reebok,Men,Footwear,Shoes,Sports Shoes,White,Sports,Fall,2011.0,http://assets.myntassets.com/v1/images/style/properties/18cb176598526b42bb238839fab11312_images.jpg
10117,Reebok Men Premier Zigfly Silver Sports Shoes,Reebok,Men,Footwear,Shoes,Sports Shoes,Silver,Sports,Fall,2011.0,http://assets.myntassets.com/v1/images/style/properties/8e6ba4d2a8ed5f65521e0e67d1bb2bef_images.jpg
10122,Reebok Men Run Sheer White Sports Shoes,Reebok,Men,Footwear,Shoes,Sports Shoes,White,Sports,Fall,2011.0,http://assets.myntassets.com/v1/images/style/properties/25d332924fd1d7fb7e35c7bb091fa5a6_images.jpg
10126,Reebok Men Runtone Action White Sports Shoes,Reebok,Men,Footwear,Shoes,Sports Shoes,White,Sports,Fall,2011.0,http://assets.myntassets.com/v1/images/style/properties/7c4d882429035abd0bf0ae46b09bb367_images.jpg
10127,Rockport Men Espresso Brown Casual Shoes,Rockport,Men,Footwear,Shoes,Casual Shoes,Brown,Casual,Fall,2011.0,http://assets.myntassets.com/v1/images/style/properties/ce1b064b045d6df9b8bbcb950cb2f3ef_images.jpg
10128,Rockport Men Drsp Wingtip Black Formal Shoes,Rockport,Men,Footwear,Shoes,Formal Shoes,Black,Formal,Fall,2011.0,http://assets.myntassets.com/v1/images/style/properties/253b5bb72db493adf8566e20aa2d944c_images.jpg
10129,Rockport Men Jefford Brown Formal Shoes,Rockport,Men,Footwear,Shoes,Formal Shoes,Brown,Formal,Fall,2011.0,http://assets.myntassets.com/v1/images/style/properties/567603638c9e38f036df9d7c0cce416e_images.jpg
10142,Rockport Men Captoe Brown Casual Shoes,Rockport,Men,Footwear,Shoes,Casual Shoes,Brown,Casual,Fall,2011.0,http://assets.myntassets.com/v1/images/style/properties/09cca0e5cc87f77adaf0ec45e330bc69_images.jpg
10143,Rockport Men Moc Front Brown Formal Shoes,Rockport,Men,Footwear,Shoes,Formal Shoes,Brown,Formal,Fall,2011.0,http://assets.myntassets.com/v1/images/style/properties/a33cc4994484713b9bceb5fac4caf7fc_images.jpg
10144,Rockport Men Drsp Wingtip Brown Casual Shoes,Rockport,Men,Footwear,Shoes,Casual Shoes,Brown,Casual,Fall,2011.0,http://assets.myntassets.com/v1/images/style/properties/ff3bc3d3018bd010ce347ba585225a99_images.jpg
10145,Rockport Men Drsp Wingtip Brown Formal Shoes,Rockport,Men,Footwear,Shoes,Formal Shoes,Brown,Formal,Fall,2011.0,http://assets.myntassets.com/v1/images/style/properties/7d45e92fe52e1e0f85b81dbfd555d547_images.jpg
10146,Rockport Men Drsp Moc Front Black Formal Shoes,Rockport,Men,Footwear,Shoes,Formal Shoes,Black,Formal,Fall,2011.0,http://assets.myntassets.com/v1/images/style/properties/f5dc17b6e6035d293922ca062b8d3641_images.jpg
10147,Rockport Men Ed Plaintoe Black Formal Shoes,Rockport,Men,Footwear,Shoes,Formal Shoes,Black,Formal,Fall,2011.0,http://assets.myntassets.com/v1/images/style/properties/2b801f0f6b385b9b3aaaf5e445bccacf_images.jpg
10148,Rockport Men Sc Slip On Brown Casual Shoes,Rockport,Men,Footwear,Shoes,Casual Shoes,Brown,Casual,Fall,2011.0,http://assets.myntassets.com/v1/images/style/properties/37913cff0e36326b4f964f50ebf9067f_images.jpg
10149,Rockport Men Ed Plaintoe Brown Formal Shoes,Rockport,Men,Footwear,Shoes,Formal Shoes,Brown,Formal,Fall,2011.0,http://assets.myntassets.com/v1/images/style/properties/931d26641e005c64a983c37564998773_images.jpg
10150,Rockport Men Drsp Plaintoe Black Formal Shoes,Rockport,Men,Footwear,Shoes,Formal Shoes,Black,Formal,Fall,2011.0,http://assets.myntassets.com/v1/images/style/properties/9bf6d021ae87e3b576ac4369b47e79c4_images.jpg
10151,Rockport Men Drsp Slip On Black Formal Shoes,Rockport,Men,Footwear,Shoes,Formal Shoes,Black,Formal,Fall,2011.0,http://assets.myntassets.com/v1/images/style/properties/3a6456cffaae2483cf9a8db88860a2be_images.jpg
10152,Rockport Men TR Bal Black Casual Shoes,Rockport,Men,Footwear,Shoes,Casual Shoes,Black,Casual,Fall,2011.0,http://assets.myntassets.com/v1/images/style/properties/912c45f1bcf50721a8b91267ce2a8771_images.jpg
10153,Rockport Men Drsp SLip On Brown Formal Shoes,Rockport,Men,Footwear,Shoes,Formal Shoes,Brown,Formal,Fall,2011.0,http://assets.myntassets.com/v1/images/style/properties/ec12c17eb739a89749e2019c4471b815_images.jpg
10154,Rockport Men Bal Brown Casual Shoes,Rockport,Men,Footwear,Shoes,Casual Shoes,Brown,Casual,Fall,2011.0,http://assets.myntassets.com/v1/images/style/properties/aa4db93c374f1acb099335f866665d26_images.jpg
10155,Rockport Men Tr Bal Brown Casual Shoes,Rockport,Men,Footwear,Shoes,Casual Shoes,Brown,Casual,Fall,2011.0,http://assets.myntassets.com/v1/images/style/properties/3573a259ea08979cca43a51ee8a92f77_images.jpg
10156,Rockport Men Sc Slip On Brown Casual Shoes,Rockport,Men,Footwear,Shoes,Casual Shoes,Brown,Casual,Fall,2011.0,http://assets.myntassets.com/v1/images/style/properties/70e2779975aff0a1013a6818d90ee2e5_images.jpg
10158,Puma Men 917 Lo Feuer Black Casual Shoes,Puma,Men,Footwear,Shoes,Casual Shoes,Black,Casual,Fall,2011.0,http://assets.myntassets.com/v1/images/style/properties/33e9255f5e5f2296524d2485ec3c0275_images.jpg
10159,Puma Men 917 Mid Spill White Casual Shoes,Puma,Men,Footwear,Shoes,Casual Shoes,White,Casual,Fall,2011.0,http://assets.myntassets.com/v1/images/style/properties/710f1d1a11e75bf0dbda21f2abe49ed8_images.jpg
10160,Puma Men 917 Lo Paint Splatter White Casual Shoes,Puma,Men,Footwear,Shoes,Casual Shoes,White,Casual,Fall,2011.0,http://assets.myntassets.com/v1/images/style/properties/8f85a79062799ba1430e2cf3a79c0bde_images.jpg
10161,Puma Men Cabana Racer White Sports Shoes,Puma,Men,Footwear,Shoes,Sports Shoes,White,Sports,Fall,2011.0,http://assets.myntassets.com/v1/images/style/properties/ac2fdc8f7c496c562d9f908bec3dda4e_images.jpg
10162,Puma Men 917 Lo Paint Splatter White Casual Shoes,Puma,Men,Footwear,Shoes,Casual Shoes,White,Casual,Fall,2011.0,http://assets.myntassets.com/v1/images/style/properties/ec3f78e59538b3d07c22285ed951ebeb_images.jpg
10164,Carrera Men Green strap witrh green dial Green Watches,Carrera,Men,Accessories,Watches,Watches,Green,Casual,Winter,2016.0,http://assets.myntassets.com/v1/images/style/properties/3f3e24c34b5139a7a4bc76025cfca17d_images.jpg
10166,United Colors of Benetton Men Carribean Red Flip Flops,United Colors of Benetton,Men,Footwear,Flip Flops,Flip Flops,Red,Casual,Fall,2011.0,http://assets.myntassets.com/v1/images/style/properties/b2375bb794cd90dbbe609a6a3e507ba4_images.jpg
10167,United Colors of Benetton Men Nighthawk Black Casual Shoes,United Colors of Benetton,Men,Footwear,Shoes,Casual Shoes,Black,Casual,Fall,2011.0,http://assets.myntassets.com/v1/images/style/properties/daa74af2c53029588991046e722eb275_images.jpg
10168,United Colors of Benetton Men Punk Black Casual Shoes,United Colors of Benetton,Men,Footwear,Shoes,Casual Shoes,Black,Casual,Fall,2011.0,http://assets.myntassets.com/v1/images/style/properties/7a74c4a6abb89aaba4001f78a4b71535_images.jpg
10169,United Colors of Benetton Men HIghlander Brown Casual Shoes,United Colors of Benetton,Men,Footwear,Shoes,Casual Shoes,Brown,Casual,Fall,2011.0,http://assets.myntassets.com/v1/images/style/properties/ba5b76dbf5ed8166a6890e397c57c7e9_images.jpg
10170,United Colors of Benetton Men Highlander Grey Blue Casual Shoes,United Colors of Benetton,Men,Footwear,Shoes,Casual Shoes,Blue,Casual,Fall,2011.0,http://assets.myntassets.com/v1/images/style/properties/711a5b54a3fefda367023a49ce26678d_images.jpg
10171,United Colors of Benetton Men vertigo Brown Shoes,United Colors of Benetton,Men,Footwear,Shoes,Formal Shoes,Brown,Formal,Fall,2011.0,http://assets.myntassets.com/v1/images/style/properties/5453b88ec904e4d8f01f6182c1763072_images.jpg
10172,United Colors of Benetton Men Iceland Grey Casual Shoes,United Colors of Benetton,Men,Footwear,Shoes,Casual Shoes,Grey,Casual,Fall,2011.0,http://assets.myntassets.com/v1/images/style/properties/c09a37d3bb783f407461cdc9ede81b4a_images.jpg
10173,United Colors of Benetton Men Tango Brown Sandals,United Colors of Benetton,Men,Footwear,Sandal,Sandals,Brown,Casual,Fall,2011.0,http://assets.myntassets.com/v1/images/style/properties/1063e8d1167630e8debcf2343645039c_images.jpg
10174,United Colors Of Benetton Men Latnam Black Casual Shoes,United Colors of Benetton,Men,Footwear,Shoes,Casual Shoes,Black,Casual,Fall,2011.0,http://assets.myntassets.com/v1/images/style/properties/fc4ea7a39f7b828bcf2fc6dfd81a1eb0_images.jpg
10175,United Colors of Benetton Men Wango Black Casual Shoes,United Colors of Benetton,Men,Footwear,Shoes,Casual Shoes,Black,Casual,Fall,2011.0,http://assets.myntassets.com/v1/images/style/properties/9bb4c8d766374626e362652350fc9872_images.jpg
10176,United Colors of Benetton Men Cloud 9 Black Casual Shoes,United Colors of Benetton,Men,Footwear,Shoes,Casual Shoes,Black,Casual,Fall,2011.0,http://assets.myntassets.com/v1/images/style/properties/99239fea24f0845c090f8272d128e83f_images.jpg
10177,United Colors Of Benetton Men Cboar Brown Casual Shoes,United Colors of Benetton,Men,Footwear,Shoes,Casual Shoes,Brown,Casual,Fall,2011.0,http://assets.myntassets.com/v1/images/style/properties/e002f7fdb0f580ecb8092dcb4030e640_images.jpg
10178,United Colors of Benetton Men Bournie Brown Casual Shoes,United Colors of Benetton,Men,Footwear,Shoes,Casual Shoes,Brown,Casual,Fall,2011.0,http://assets.myntassets.com/v1/images/style/properties/8cfa60f1e4a178d057336bcc08ccdc43_images.jpg
10179,United Colors of Benetton Men Speeder Blue Flip Flops,United Colors of Benetton,Men,Footwear,Flip Flops,Flip Flops,Blue,Casual,Fall,2011.0,http://assets.myntassets.com/v1/images/style/properties/91c125b5453d48ec9f0fbab4912b1fa8_images.jpg
10180,United Colors of Benetton Men Speeder Yellow Flip Flops,United Colors of Benetton,Men,Footwear,Flip Flops,Flip Flops,Yellow,Casual,Fall,2011.0,http://assets.myntassets.com/v1/images/style/properties/abf212122486259ba302c810103970e6_images.jpg
10184,Indigo Nation Men  White Stripe Shirt,Indigo Nation,Men,Apparel,Topwear,Shirts,White,Casual,Fall,2011.0,http://assets.myntassets.com/v1/images/style/properties/bfd34f4dd6f1e524ef923436cf220c62_images.jpg
10185,Indigo Nation Men Price catch White Shirts,Indigo Nation,Men,Apparel,Topwear,Shirts,White,Casual,Fall,2011.0,http://assets.myntassets.com/v1/images/style/properties/65309e66582be74faf20cbacb9abb81b_images.jpg
10186,Indigo Nation Men Black & Blue Stripe Shirt,Indigo Nation,Men,Apparel,Topwear,Shirts,Black,Casual,Fall,2011.0,http://assets.myntassets.com/v1/images/style/properties/ad402e6188d3c2cf138844300719afb1_images.jpg
10187,Indigo Nation Men Hot Stepper Black Blue Shirts,Indigo Nation,Men,Apparel,Topwear,Shirts,Black,Casual,Fall,2011.0,http://assets.myntassets.com/v1/images/style/properties/2185c6c3f5d47abcb4bce0f492c9c13d_images.jpg
10188,Indigo Nation Men   Blue & White Stripe Shirt,Indigo Nation,Men,Apparel,Topwear,Shirts,Blue,Casual,Fall,2011.0,http://assets.myntassets.com/v1/images/style/properties/c4f27e2296a69e0c2589a78ca37a44ab_images.jpg
10189,Indigo Nation Men Hot Stepper Blue Shirts,Indigo Nation,Men,Apparel,Topwear,Shirts,Blue,Casual,Fall,2011.0,http://assets.myntassets.com/v1/images/style/properties/b4146cd57f7a1da6ab6fe64cbc108e7b_images.jpg
10190,Indigo Nation Men Club Poplin White Shirts,Indigo Nation,Men,Apparel,Topwear,Shirts,White,Casual,Fall,2011.0,http://assets.myntassets.com/v1/images/style/properties/68b5d902fbc8bb65253901d908fa94db_images.jpg
10192,Esprit Men Avalance Black Steel Watches,ESPRIT,Men,Accessories,Watches,Watches,Steel,Casual,Winter,2016.0,http://assets.myntassets.com/v1/images/style/properties/a4025cc617a1d4dd282961461b9e682a_images.jpg
10193,Carrera Men Dial Green Numbers Black Watch,Carrera,Men,Accessories,Watches,Watches,Black,Casual,Winter,2016.0,http://assets.myntassets.com/v1/images/style/properties/33a5e91f28ed4764e183ff1bcff2a7e0_images.jpg
10194,Carrera Men Sqaure dial leather strap Black Watches,Carrera,Men,Accessories,Watches,Watches,Black,Casual,Winter,2016.0,http://assets.myntassets.com/v1/images/style/properties/c3d33dff0b91fd161e62177df1db02ee_images.jpg
10195,Carrera Men Steel strap dial Blue Watches,Carrera,Men,Accessories,Watches,Watches,Blue,Casual,Winter,2016.0,http://assets.myntassets.com/v1/images/style/properties/bd9b63a2f3ee780ffe10dd71db928805_images.jpg
10219,Carrera Men Strap dial Yellow Watches,Carrera,Men,Accessories,Watches,Watches,Yellow,Casual,Winter,2016.0,http://assets.myntassets.com/v1/images/style/properties/a0e289c3b0a364e68768ad1900e13023_images.jpg
10235,Carrera Men Hexagaon Dial Black Watches,Carrera,Men,Accessories,Watches,Watches,Black,Casual,Winter,2016.0,http://assets.myntassets.com/v1/images/style/properties/8157349922522c4692b446427fa26c2b_images.jpg
10236,Carrera Men Strap dial Orange Watches,Carrera,Men,Accessories,Watches,Watches,Orange,Casual,Winter,2016.0,http://assets.myntassets.com/v1/images/style/properties/55bc5af664a189f81011234dcee041b7_images.jpg
10237,Esprit Men Croso Black Steel Watch,ESPRIT,Men,Accessories,Watches,Watches,Steel,Casual,Winter,2016.0,http://assets.myntassets.com/v1/images/style/properties/cf1675179772f0380d5c44bb797e7df1_images.jpg
10238,Esprit Men Axis Day Steel Watches,ESPRIT,Men,Accessories,Watches,Watches,Steel,Casual,Winter,2016.0,http://assets.myntassets.com/v1/images/style/properties/c0b890ef67e42ea55587d5890e39e47e_images.jpg
10239,Esprit Men Grand Victory White Dial Steel Watches,ESPRIT,Men,Accessories,Watches,Watches,Steel,Casual,Winter,2016.0,http://assets.myntassets.com/v1/images/style/properties/e043255e249f9485db4a4b47470a5669_images.jpg
10240,Esprit Men Gran Orbit Rosegold Copper Watches,ESPRIT,Men,Accessories,Watches,Watches,Copper,Casual,Winter,2016.0,http://assets.myntassets.com/v1/images/style/properties/b6eefeebda2e931c53879bd6c1fb1611_images.jpg
10241,Esprit Men Momentum Black Black Watches,ESPRIT,Men,Accessories,Watches,Watches,Black,Casual,Winter,2016.0,http://assets.myntassets.com/v1/images/style/properties/65a3bb00307b03016814bd453c68d0a9_images.jpg
10255,Locomotive Men Stripes Blue Shirts,LOCOMOTIVE,Men,Apparel,Topwear,Shirts,Blue,Casual,Fall,2011.0,http://assets.myntassets.com/v1/images/style/properties/70f628f6a53693cde9aa631bfb3bb6c2_images.jpg
10256,Locomotive Men Stripes Green Shirts,LOCOMOTIVE,Men,Apparel,Topwear,Shirts,Green,Casual,Fall,2011.0,http://assets.myntassets.com/v1/images/style/properties/6661aca83d105bc5ce07aed7c8944a36_images.jpg
10257,John Miller Men Solid Type Black Trousers,John Miller,Men,Apparel,Bottomwear,Trousers,Black,Formal,Fall,2011.0,http://assets.myntassets.com/v1/images/style/properties/bbddb8510d402639e0a038bde5ec08bb_images.jpg
10258,John Miller Men Line Navy Blue Trousers,John Miller,Men,Apparel,Bottomwear,Trousers,Navy Blue,Formal,Fall,2011.0,http://assets.myntassets.com/v1/images/style/properties/6a213f7bc2389b094a00a988f909bd5d_images.jpg
10259,John Miller Men Reglur Black Trousers,John Miller,Men,Apparel,Bottomwear,Trousers,Black,Formal,Fall,2011.0,http://assets.myntassets.com/v1/images/style/properties/f65d3cb6d44062c1d10bbb1fc6662ad6_images.jpg
10260,John Miller Men Line Grey Trousers,John Miller,Men,Apparel,Bottomwear,Trousers,Grey,Formal,Fall,2011.0,http://assets.myntassets.com/v1/images/style/properties/6d890dd17beee5ef98ddc8ecf5c69201_images.jpg
10261,John Miller Men Slim Brown Trousers,John Miller,Men,Apparel,Bottomwear,Trousers,Brown,Formal,Fall,2011.0,http://assets.myntassets.com/v1/images/style/properties/43689446729c4a4b9f6872f4f31593ce_images.jpg
10262,John Miller Men Black Trousers,John Miller,Men,Apparel,Bottomwear,Trousers,Black,Formal,Fall,2011.0,http://assets.myntassets.com/v1/images/style/properties/275214a96bf2f76e30479ececac22de1_images.jpg
10263,Clarks Men Energise Me Leather Black Formal Shoes,Clarks,Men,Footwear,Shoes,Formal Shoes,Black,Formal,Summer,2013.0,http://assets.myntassets.com/v1/images/style/properties/c649fd783c56e3811fdef61943c620ea_images.jpg
10264,Clarks Men Goya Band Leather Black Formal Shoes,Clarks,Men,Footwear,Shoes,Formal Shoes,Black,Formal,Summer,2013.0,http://assets.myntassets.com/v1/images/style/properties/17dd1001059026321529902ac09adcc8_images.jpg
10265,Clarks Men Goto Eat Tobacco Leather Brown Formal Shoes,Clarks,Men,Footwear,Shoes,Formal Shoes,Brown,Formal,Fall,2012.0,http://assets.myntassets.com/v1/images/style/properties/5ddae9fa9160f2d5fc3508134a5e3ba9_images.jpg
10266,Clarks Men Goto Hi Cola Suede Brown Shoes,Clarks,Men,Footwear,Shoes,Casual Shoes,Brown,Casual,Fall,2011.0,http://assets.myntassets.com/v1/images/style/properties/4269a355e474308b6e0f174cf6a9f6f0_images.jpg
10267,Clarks Men Rocco Fuse Black Leather Black Casual Shoes,Clarks,Men,Footwear,Shoes,Casual Shoes,Black,Casual,Fall,2011.0,http://assets.myntassets.com/v1/images/style/properties/5040e0c7e82dcc67e1c0a42ee04eb519_images.jpg
10268,Clarks Men Hang Work Leather Black Formal Shoes,Clarks,Men,Footwear,Shoes,Formal Shoes,Black,Formal,Fall,2012.0,http://assets.myntassets.com/v1/images/style/properties/2976e4095e7b3ae2de99df54d2adeaaa_images.jpg
10273,Clarks Men Black Leather Closed Sandals,Clarks,Men,Footwear,Sandal,Sandals,Black,Casual,Summer,2016.0,http://assets.myntassets.com/v1/images/style/properties/4b2a590db8aeadc31856127ea3a82853_images.jpg
10274,Clarks Men Dino Limit Leather Black Formal Shoes,Clarks,Men,Footwear,Shoes,Formal Shoes,Black,Formal,Fall,2011.0,http://assets.myntassets.com/v1/images/style/properties/9c18b516a02b851ae897c862b1e5f2c8_images.jpg
10275,Clarks Men Black Leather Derbys,Clarks,Men,Footwear,Shoes,Formal Shoes,Black,Formal,Summer,2013.0,http://assets.myntassets.com/v1/images/style/properties/b4a21779c499bb4dc1a6387750012fad_images.jpg
10276,Clarks Men Leather Black Formal Shoes,Clarks,Men,Footwear,Shoes,Formal Shoes,Black,Formal,Fall,2011.0,http://assets.myntassets.com/v1/images/style/properties/e2678cbaf0b43ae7962e0aae50501132_images.jpg
10277,Clarks Men Black Leather Semiformal Shoes,Clarks,Men,Footwear,Shoes,Formal Shoes,Black,Smart Casual,Spring,2012.0,http://assets.myntassets.com/v1/images/style/properties/874f08549c2c8610600d02a42d3d1fc2_images.jpg
10278,Clarks Men Nature Easy Mahogany Leather Brown Casual Shoes,Clarks,Men,Footwear,Shoes,Casual Shoes,Brown,Casual,Fall,2011.0,http://assets.myntassets.com/v1/images/style/properties/26a9497430cc194dd9d7eb1a0813e716_images.jpg
10279,Clarks Men Nature Easy Leather Black Casual Shoes,Clarks,Men,Footwear,Shoes,Casual Shoes,Black,Casual,Fall,2012.0,http://assets.myntassets.com/v1/images/style/properties/e7d618bc3383ce814f6b0b75519e547c_images.jpg
10281,Clarks Men Hang Spring Leather Black Formal Shoes,Clarks,Men,Footwear,Shoes,Formal Shoes,Black,Formal,Fall,2012.0,http://assets.myntassets.com/v1/images/style/properties/b4353debe2470dd9128000d1818b4b82_images.jpg
10283,Clarks Men Unstructured Leather Black Sandals,Clarks,Men,Footwear,Sandal,Sandals,Black,Casual,Fall,2012.0,http://assets.myntassets.com/v1/images/style/properties/d2b11d7794b8435ed37f9c0845b4d139_images.jpg
10285,Clarks Men Goya Rates Leather Black Formal Shoes,Clarks,Men,Footwear,Shoes,Formal Shoes,Black,Formal,Fall,2012.0,http://assets.myntassets.com/v1/images/style/properties/529042a64528869749c663da6e714a96_images.jpg
10286,Clarks Men Hang Tough Leather Black Formal Shoes,Clarks,Men,Footwear,Shoes,Formal Shoes,Black,Formal,Fall,2012.0,http://assets.myntassets.com/v1/images/style/properties/facb4fa1a6c1eb896b6b3be6f146a3b8_images.jpg
10293,Clarks Men Unstructured Leather Brown Sandals,Clarks,Men,Footwear,Sandal,Sandals,Brown,Casual,Spring,2012.0,http://assets.myntassets.com/v1/images/style/properties/566b15c0f837887c3b42c3e1dae8605a_images.jpg
10294,Clarks Men Feeling Good Leather Brown Formal Shoes,Clarks,Men,Footwear,Shoes,Formal Shoes,Brown,Formal,Fall,2012.0,http://assets.myntassets.com/v1/images/style/properties/91b438e6f6ad7cf63571fdea86dc7f68_images.jpg
10295,Clarks Men Brown Leather Casual Shoes,Clarks,Men,Footwear,Shoes,Casual Shoes,Brown,Casual,Summer,2016.0,http://assets.myntassets.com/v1/images/style/properties/83cd6db4f547e2ec582714b3592ba718_images.jpg
10296,Clarks Men Navy Blue Leather Casual Shoes,Clarks,Men,Footwear,Shoes,Casual Shoes,Navy Blue,Casual,Summer,2016.0,http://assets.myntassets.com/v1/images/style/properties/1c4b0f9c2345f7b43ce255817d8bf74c_images.jpg
10297,Clarks Men Black Leather Loafers,Clarks,Men,Footwear,Shoes,Casual Shoes,Black,Smart Casual,Fall,2012.0,http://assets.myntassets.com/v1/images/style/properties/fcda83167f4e5b6a622f866ae6c26f2a_images.jpg
10300,Clarks Men Brown Wild Vibe Leather Closed Sandals,Clarks,Men,Footwear,Sandal,Sandals,Brown,Casual,Summer,2016.0,http://assets.myntassets.com/v1/images/style/properties/bb51fea7d58c63dfe273929ac6b36144_images.jpg
10301,Clarks Brown Leather Casual Shoes,Clarks,Men,Footwear,Shoes,Casual Shoes,Brown,Casual,Fall,2011.0,http://assets.myntassets.com/v1/images/style/properties/3388973109099718b4ca6699aeb72ce4_images.jpg
10302,Clarks Men Leather Brown Formal Shoes,Clarks,Men,Footwear,Shoes,Formal Shoes,Brown,Formal,Spring,2012.0,http://assets.myntassets.com/v1/images/style/properties/037e86efa86d8f28d504d4e4db770034_images.jpg
10303,Clarks Men Brown Leather Sandals,Clarks,Men,Footwear,Shoes,Sandals,Brown,Casual,Summer,2016.0,http://assets.myntassets.com/v1/images/style/properties/528bf35326bc8a1d63c23fa138f405f9_images.jpg
10304,Clarks Men Vieri Deck Leather Black Sandals,Clarks,Men,Footwear,Sandal,Sandals,Black,Casual,Fall,2011.0,http://assets.myntassets.com/v1/images/style/properties/c1ca6cf66110ff3a31da942022510f2e_images.jpg
10305,Clarks Men Rocco Fuse Brown Casual Shoes,Clarks,Men,Footwear,Shoes,Casual Shoes,Black,Casual,Fall,2011.0,http://assets.myntassets.com/v1/images/style/properties/73727276090d567a3384b52cac6b9f0a_images.jpg
10306,Clarks Men Rocco Fuse Leather Grey Casual Shoes,Clarks,Men,Footwear,Shoes,Casual Shoes,Grey,Casual,Fall,2011.0,http://assets.myntassets.com/v1/images/style/properties/d12cb2bd173aea7e6ab362fb79a13e5e_images.jpg
10308,Clarks Men Brown Leather Boat Shoes,Clarks,Men,Footwear,Shoes,Casual Shoes,Brown,Casual,Fall,2012.0,http://assets.myntassets.com/v1/images/style/properties/9753e8e6ff1bbed472a69fd236a2aa66_images.jpg
10316,Esprit Men Pure Vitality Brown Steel Watches,ESPRIT,Men,Accessories,Watches,Watches,Steel,Casual,Winter,2016.0,http://assets.myntassets.com/v1/images/style/properties/4390621119bfc7d12a79b8adb80a880e_images.jpg
10325,Puma Men Atlantis Black Watches,Puma,Men,Accessories,Watches,Watches,Black,Casual,Winter,2016.0,http://assets.myntassets.com/v1/images/style/properties/dba6ad0cce7c0e1f3e6e85d80b83539c_images.jpg
10326,Puma Men Strom Agitation Gents Black Watches,Puma,Men,Accessories,Watches,Watches,Black,Casual,Winter,2016.0,http://assets.myntassets.com/v1/images/style/properties/c04b22a8627e6acd884bc634f563a1c1_images.jpg
10327,Puma Men Slick Gents 3HD Black Watches,Puma,Men,Accessories,Watches,Watches,Black,Casual,Winter,2016.0,http://assets.myntassets.com/v1/images/style/properties/c8db6ebf5f4c280017184febb34707f6_images.jpg
10328,Puma Men Spin Gents Black Watches,Puma,Men,Accessories,Watches,Watches,Black,Sports,Winter,2016.0,http://assets.myntassets.com/v1/images/style/properties/45ddb9965b0728a18195e657010ff76e_images.jpg
10330,Indigo Nation Men Alnoite Black Belts,Indigo Nation,Men,Accessories,Belts,Belts,Black,Casual,Fall,2011.0,http://assets.myntassets.com/v1/images/style/properties/7d50332d64e095e6336849eee9199ad7_images.jpg
10331,Indigo Nation Men basalt Black Belts,Indigo Nation,Men,Accessories,Belts,Belts,Black,Casual,Fall,2011.0,http://assets.myntassets.com/v1/images/style/properties/16b28abedadfb6670b61440669d31db8_images.jpg
10332,Indigo Nation Men cataclasite Brown Belts,Indigo Nation,Men,Accessories,Belts,Belts,Brown,Casual,Fall,2011.0,http://assets.myntassets.com/v1/images/style/properties/f1152e6f3e5e8efdcfe589adb9db117a_images.jpg
10333,Indigo Nation Men chert Brown Belts,Indigo Nation,Men,Accessories,Belts,Belts,Brown,Casual,Fall,2011.0,http://assets.myntassets.com/v1/images/style/properties/ef7437ba493b004ea315f117da1ae233_images.jpg
10334,Indigo Nation Men diorite Black Belts,Indigo Nation,Men,Accessories,Belts,Belts,Black,Casual,Fall,2011.0,http://assets.myntassets.com/v1/images/style/properties/1933e8b16b2a8b836b8803491b0fc67b_images.jpg
17269,U.S. Polo Assn. Men Stripes White Polo  Tshirt,U.S. Polo Assn.,Men,Apparel,Topwear,Tshirts,White,Casual,Fall,2011.0,http://assets.myntassets.com/v1/images/style/properties/cf97e4659473904efe96d0ee5a010063_images.jpg
17270,U.S. Polo Assn. Men Black Polo Tshirt,U.S. Polo Assn.,Men,Apparel,Topwear,Tshirts,Black,Casual,Fall,2011.0,http://assets.myntassets.com/v1/images/style/properties/65fda63c176278bf847294aa585de736_images.jpg
17271,U.S. Polo Assn. Men Stripes DK.Grey Polo Tshirt,U.S. Polo Assn.,Men,Apparel,Topwear,Tshirts,Grey,Casual,Fall,2011.0,http://assets.myntassets.com/v1/images/style/properties/eaf2af327ae5b0fbd2d32a234201ebc3_images.jpg
17272,U.S. Polo Assn. Men Stripes Green  Polo Tshirt,U.S. Polo Assn.,Men,Apparel,Topwear,Tshirts,Green,Casual,Fall,2011.0,http://assets.myntassets.com/v1/images/style/properties/5942fd10877b67e75573c0328537d698_images.jpg
17273,U.S. Polo Assn. Men Stripes White Polo Tshirt,U.S. Polo Assn.,Men,Apparel,Topwear,Tshirts,White,Casual,Fall,2011.0,http://assets.myntassets.com/v1/images/style/properties/e45fec2853955cde4ff5fead498764e5_images.jpg
17274,U.S. Polo Assn. Men Stripes Green Polo Tshirt,U.S. Polo Assn.,Men,Apparel,Topwear,Tshirts,Green,Casual,Fall,2011.0,http://assets.myntassets.com/v1/images/style/properties/18e3fa6133b0a3cb7da7093ed10ba359_images.jpg
17275,U.S. Polo Assn. Men Stripes Black  Polo Tshirt,U.S. Polo Assn.,Men,Apparel,Topwear,Tshirts,Black,Casual,Fall,2011.0,http://assets.myntassets.com/v1/images/style/properties/0118d691efd4b1fd723cdc6fdc5d1be7_images.jpg
17276,U.S. Polo Assn. Men Printed Mustard Tshirt,U.S. Polo Assn.,Men,Apparel,Topwear,Tshirts,Mustard,Casual,Fall,2011.0,http://assets.myntassets.com/v1/images/style/properties/2c1069672e33545ecf7c3bdcf7c276d8_images.jpg
17277,U.S. Polo Assn. Men Printed Navy Blue Tshirt,U.S. Polo Assn.,Men,Apparel,Topwear,Tshirts,Navy Blue,Casual,Fall,2011.0,http://assets.myntassets.com/v1/images/style/properties/b002a98a220d49eb31f2a486cef27eca_images.jpg
17278,U.S. Polo Assn. Men Printed  Steeple Grey Tshirt,U.S. Polo Assn.,Men,Apparel,Topwear,Tshirts,Grey,Casual,Fall,2011.0,http://assets.myntassets.com/v1/images/style/properties/b6ce9035b4f54b8733940f2f10e2e0d4_images.jpg
17279,U.S. Polo Assn. Men Printed Navy Blue Tshirt,U.S. Polo Assn.,Men,Apparel,Topwear,Tshirts,Navy Blue,Casual,Fall,2011.0,http://assets.myntassets.com/v1/images/style/properties/a56209f17da420020870403014e744c8_images.jpg
17280,U.S. Polo Assn. Men Red T-shirt,U.S. Polo Assn.,Men,Apparel,Topwear,Tshirts,Red,Casual,Fall,2011.0,http://assets.myntassets.com/v1/images/style/properties/f771b21d562e382c17a105a0c232fc0a_images.jpg
17281,U.S. Polo Assn. Men Printed Steeple Grey Tshirt,U.S. Polo Assn.,Men,Apparel,Topwear,Tshirts,Grey,Casual,Fall,2011.0,http://assets.myntassets.com/v1/images/style/properties/0e8485bbd30cd6ff0579ab1b71dd0f94_images.jpg
17282,U.S. Polo Assn. Men Printed Black Tshirt,U.S. Polo Assn.,Men,Apparel,Topwear,Tshirts,Black,Casual,Fall,2011.0,http://assets.myntassets.com/v1/images/style/properties/6d61c93a7b5273145d49ab8a63bcda01_images.jpg
17283,U.S. Polo Assn. Men Stripes Brown Polo Tshirt,U.S. Polo Assn.,Men,Apparel,Topwear,Tshirts,Brown,Casual,Fall,2011.0,http://assets.myntassets.com/v1/images/style/properties/5df570bdc07dd6263f0cc1c2a6b40c20_images.jpg
17284,U.S. Polo Assn. Men Stripes Fedral Blue Polo  Tshirt,U.S. Polo Assn.,Men,Apparel,Topwear,Tshirts,Blue,Casual,Fall,2011.0,http://assets.myntassets.com/v1/images/style/properties/a4c925f852ecc396d4a4f0b9907aaedd_images.jpg
17285,U.S. Polo Assn. Men Solid Black  polo Tshirt,U.S. Polo Assn.,Men,Apparel,Topwear,Tshirts,Black,Casual,Fall,2011.0,http://assets.myntassets.com/v1/images/style/properties/55878488c3dc46bc4407a383fea649ba_images.jpg
17286,U.S. Polo Assn. Men Solid Grey  Melange Polo Tshirt,U.S. Polo Assn.,Men,Apparel,Topwear,Tshirts,Grey Melange,Casual,Fall,2011.0,http://assets.myntassets.com/v1/images/style/properties/d2cd569e3264d68fb1de22c3f222a709_images.jpg
17287,U.S. Polo Assn. Men Solid Navy Blue Polo Tshirt,U.S. Polo Assn.,Men,Apparel,Topwear,Tshirts,Navy Blue,Casual,Fall,2011.0,http://assets.myntassets.com/v1/images/style/properties/72e5a29ddcdae8d0f8bc4db8cb3a6df4_images.jpg
17288,U.S. Polo Assn. Men Solid Red  Polo Tshirt,U.S. Polo Assn.,Men,Apparel,Topwear,Tshirts,Red,Casual,Fall,2011.0,http://assets.myntassets.com/v1/images/style/properties/18043aa0c4e708afa7febbac3e963a54_images.jpg
17289,U.S. Polo Assn. Men Solid Green Polo Tshirt,U.S. Polo Assn.,Men,Apparel,Topwear,Tshirts,Green,Casual,Fall,2011.0,http://assets.myntassets.com/v1/images/style/properties/62bcbed13cfe49e509bbe07858211295_images.jpg
17290,Spykar Men's Solid Sweater,SPYKAR,Men,Apparel,Topwear,Sweaters,Grey,Casual,Fall,2011.0,http://assets.myntassets.com/v1/images/style/properties/736768ef5616225e3bdeb9f8fb1ef3c8_images.jpg
17291,Peter England Elements  Men Trouser,Peter England,Men,Apparel,Bottomwear,Trousers,Khaki,Casual,Fall,2011.0,http://assets.myntassets.com/v1/images/style/properties/638fdcc9cb4be2851a2e93f57c62bd5e_images.jpg
17296,Puma Men Pack of 3 Sports Socks,Puma,Men,Accessories,Socks,Socks,White,Sports,Fall,2011.0,http://assets.myntassets.com/v1/images/style/properties/1e040d8f366a151bac59cfeeab6bd743_images.jpg
17297,Puma Men Pack of 3 Sports Socks,Puma,Men,Accessories,Socks,Socks,Black,Sports,Summer,2015.0,http://assets.myntassets.com/v1/images/style/properties/f20394c3cec4b958e164462e1cc778cf_images.jpg
17298,Puma Men Pack of 3 Sports Socks,Puma,Men,Accessories,Socks,Socks,White,Sports,Winter,2015.0,http://assets.myntassets.com/v1/images/style/properties/b5a38f39641f40423e127f22c1e6b645_images.jpg
17299,Puma Men Pack of 3 Sports Socks,Puma,Men,Accessories,Socks,Socks,Black,Sports,Fall,2011.0,http://assets.myntassets.com/v1/images/style/properties/09226e79a918b7ffddd59aeb30441b66_images.jpg
17300,Puma Men Pack of 3 Sports Socks,Puma,Men,Accessories,Socks,Socks,Navy Blue,Sports,Fall,2011.0,http://assets.myntassets.com/v1/images/style/properties/006b23359c69f495f8810bc50d06f698_images.jpg
17301,Puma Men Sports Black Socks,Puma,Men,Accessories,Socks,Socks,Black,Sports,Fall,2011.0,http://assets.myntassets.com/v1/images/style/properties/6a7b0a6b0dc5f0f07dec613f22a9cb8e_images.jpg
17302,Puma Men Sports Black Socks,Puma,Men,Accessories,Socks,Socks,Black,Sports,Fall,2011.0,http://assets.myntassets.com/v1/images/style/properties/62f3ed7da525ec2b3f9ea930925c0472_images.jpg
17303,Puma Men Pack of 3 Sports Socks,Puma,Men,Accessories,Socks,Socks,White,Sports,Fall,2011.0,http://assets.myntassets.com/v1/images/style/properties/8afac17e24f4a595aeda9caded930c54_images.jpg
17304,Puma Men Sports Grey Socks,Puma,Men,Accessories,Socks,Socks,Grey,Sports,Fall,2011.0,http://assets.myntassets.com/v1/images/style/properties/69188bc2f1373c4e18e87b2a5203c574_images.jpg
17305,Puma Men Sports Grey Socks,Puma,Men,Accessories,Socks,Socks,Grey,Sports,Fall,2011.0,http://assets.myntassets.com/v1/images/style/properties/b3eb9623015904f5593ba2a56f2ae817_images.jpg
17306,Pepe Jeans Men Casual Sunglasses,Pepe Jeans,Men,Accessories,Eyewear,Sunglasses,Brown,Casual,Winter,2016.0,http://assets.myntassets.com/v1/images/style/properties/Pepe-Jeans-Men-Casual-Sunglasses3c5c48226f229fa25331bd11d151f6c5_images.jpg
17307,Pepe Jeans Men Casual Sunglasses,Pepe Jeans,Men,Accessories,Eyewear,Sunglasses,Black,Casual,Winter,2016.0,http://assets.myntassets.com/v1/images/style/properties/eccca090a9cf6d2f5adb6dec6a0d93ee_images.jpg
17308,Pepe Jeans Men Casual Sunglasses,Pepe Jeans,Men,Accessories,Eyewear,Sunglasses,Brown,Casual,Winter,2016.0,http://assets.myntassets.com/v1/images/style/properties/Pepe-Jeans-Men-Casual-Sunglassesf2622af57443c46f3214f479343fd88f_images.jpg
17309,Pepe Jeans Men Casual Sunglasses,Pepe Jeans,Men,Accessories,Eyewear,Sunglasses,Black,Casual,Winter,2016.0,http://assets.myntassets.com/v1/images/style/properties/Pepe-Jeans-Men-Casual-Sunglasses9836df451d4a989b491253a5cda1af9e_images.jpg
17310,Pepe Jeans Men Casual Sunglasses,Pepe Jeans,Men,Accessories,Eyewear,Sunglasses,Black,Casual,Winter,2016.0,http://assets.myntassets.com/v1/images/style/properties/58d8a20e7ba22ff3fdfc26fd094e625f_images.jpg
17311,Pepe Jeans Men Casual Sunglasses,Pepe Jeans,Men,Accessories,Eyewear,Sunglasses,Brown,Casual,Winter,2016.0,http://assets.myntassets.com/v1/images/style/properties/Pepe-Jeans-Men-Casual-Sunglasses49cb60ef231970601db05f26a93c5a90_images.jpg
17314,Pepe Jeans Men Casual Sunglasses,Pepe Jeans,Men,Accessories,Eyewear,Sunglasses,Black,Casual,Winter,2016.0,http://assets.myntassets.com/v1/images/style/properties/d74e2c2096cf5eadec476e46efcbb49f_images.jpg
17316,Pepe Jeans Men Casual Sunglasses,Pepe Jeans,Men,Accessories,Eyewear,Sunglasses,Black,Casual,Winter,2016.0,http://assets.myntassets.com/v1/images/style/properties/b5a4901a2877d285e6db1cafbbb7473d_images.jpg
17317,Pepe Jeans Men Casual Sunglasses,Pepe Jeans,Men,Accessories,Eyewear,Sunglasses,Brown,Casual,Winter,2016.0,http://assets.myntassets.com/v1/images/style/properties/57ae5508043a003dc908e9318074c702_images.jpg
17320,Pepe Jeans Men Casual Sunglasses,Pepe Jeans,Men,Accessories,Eyewear,Sunglasses,Black,Casual,Winter,2016.0,http://assets.myntassets.com/v1/images/style/properties/e2bc6876027e781c0fb22010f492b04b_images.jpg
17322,Pepe Jeans Men Casual Sunglasses,Pepe Jeans,Men,Accessories,Eyewear,Sunglasses,Brown,Casual,Winter,2016.0,http://assets.myntassets.com/v1/images/style/properties/53daeea68622299919c8739ffbf70e58_images.jpg
17323,Pepe Jeans Men Casual Sunglasses,Pepe Jeans,Men,Accessories,Eyewear,Sunglasses,Brown,Casual,Winter,2016.0,http://assets.myntassets.com/v1/images/style/properties/8814f2871b5123a76c0022a2a56ede44_images.jpg
17326,Pepe Jeans Men Casual Sunglasses,Pepe Jeans,Men,Accessories,Eyewear,Sunglasses,Black,Casual,Winter,2016.0,http://assets.myntassets.com/v1/images/style/properties/aa409776196a5255daf48cde9a55f0a2_images.jpg
17331,Pepe Jeans Men Casual Sunglasses,Pepe Jeans,Men,Accessories,Eyewear,Sunglasses,Black,Casual,Winter,2016.0,http://assets.myntassets.com/v1/images/style/properties/Pepe-Jeans-Men-Casual-Sunglasses944ee83f55af57ae08e09ec44b8b9d6f_images.jpg
17332,Pepe Jeans Men Casual Sunglasses,Pepe Jeans,Men,Accessories,Eyewear,Sunglasses,Brown,Casual,Winter,2016.0,http://assets.myntassets.com/v1/images/style/properties/8a0526c7a166bd5b2f118b3ec84c6faf_images.jpg
17333,Pepe Jeans Men Casual Sunglasses,Pepe Jeans,Men,Accessories,Eyewear,Sunglasses,Black,Casual,Winter,2016.0,http://assets.myntassets.com/v1/images/style/properties/e95aab644e876b7553ae3030e5fcf22b_images.jpg
17335,Pepe Jeans Men Casual Sunglasses,Pepe Jeans,Men,Accessories,Eyewear,Sunglasses,Brown,Casual,Winter,2016.0,http://assets.myntassets.com/v1/images/style/properties/78f0c1c312ba0e70894821d7b21fdf4a_images.jpg
17356,Puma Men Arizona Black Flip Flops,Puma,Men,Footwear,Flip Flops,Flip Flops,Black,Casual,Spring,2012.0,http://assets.myntassets.com/v1/images/style/properties/299e9aed4b228054d42027e9c533d06d_images.jpg
17359,Arrow Men Formal Purple Tie+Cufflink+Pocket square - Combo Pack,Arrow,Men,Accessories,Accessories,Accessory Gift Set,Purple,Formal,Fall,2011.0,http://assets.myntassets.com/v1/images/style/properties/028d42c86920525a0139335041205ee4_images.jpg
17360,Arrow Men Formal Red Tie+Cufflink+Pocket square - Combo Pack,Arrow,Men,Accessories,Accessories,Accessory Gift Set,Red,Formal,Fall,2011.0,http://assets.myntassets.com/v1/images/style/properties/409ede1de922b7f7e4ae114d7e53c340_images.jpg
17361,Arrow Men Formal Purple Tie+Cufflink+Pocket square - Combo Pack,Arrow,Men,Accessories,Accessories,Accessory Gift Set,Purple,Formal,Fall,2011.0,http://assets.myntassets.com/v1/images/style/properties/4fd2e06317cc8428cf27a0da19aa286a_images.jpg
17362,Arrow Men Formal Maroon Tie+Cufflink+Pocket square - Combo Pack,Arrow,Men,Accessories,Accessories,Accessory Gift Set,Maroon,Formal,Fall,2011.0,http://assets.myntassets.com/v1/images/style/properties/5e9907be6df66f752aa943cbdc99a54c_images.jpg
17363,Arrow Men Formal Maroon Tie+Cufflink+Pocket square - Combo Pack,Arrow,Men,Accessories,Accessories,Accessory Gift Set,Maroon,Formal,Fall,2011.0,http://assets.myntassets.com/v1/images/style/properties/15ede11f9b42938dd0fa987ae03557eb_images.jpg
17364,Arrow Men Formal Red Tie+Cufflink+Pocket square - Combo Pack,Arrow,Men,Accessories,Accessories,Accessory Gift Set,Red,Formal,Fall,2011.0,http://assets.myntassets.com/v1/images/style/properties/9ec61ec87bae17b37aac71058ecd4e1b_images.jpg
17365,Arrow Men Formal Blue Tie+Cufflink+Pocket square - Combo Pack,Arrow,Men,Accessories,Accessories,Accessory Gift Set,Blue,Formal,Fall,2011.0,http://assets.myntassets.com/v1/images/style/properties/8a7739304f3e64910ff72772826d7b6f_images.jpg
17366,Arrow Men Formal Blue Tie+Cufflink+Pocket square - Combo Pack,Arrow,Men,Accessories,Accessories,Accessory Gift Set,Blue,Formal,Fall,2011.0,http://assets.myntassets.com/v1/images/style/properties/c3f52e0cf2d4f758ce6b7301d0e63fdb_images.jpg
17367,Arrow Men Formal Maroon Tie+Cufflink+Pocket square - Combo Pack,Arrow,Men,Accessories,Accessories,Accessory Gift Set,Maroon,Formal,Fall,2011.0,http://assets.myntassets.com/v1/images/style/properties/cb10b152ee745ee66d998bb1e45cf205_images.jpg
17368,Arrow Men Formal Maroon Tie+Cufflink+Pocket square - Combo Pack,Arrow,Men,Accessories,Accessories,Accessory Gift Set,Maroon,Formal,Fall,2011.0,http://assets.myntassets.com/v1/images/style/properties/a496880dd950edd9a7ed6344521a9f91_images.jpg
17369,Arrow Men Formal Purple Tie+Cufflink+Pocket square - Combo Pack,Arrow,Men,Accessories,Accessories,Accessory Gift Set,Purple,Formal,Fall,2011.0,http://assets.myntassets.com/v1/images/style/properties/83b099656a8a6ff08a3e2a6c3df3faed_images.jpg
17370,Arrow Men Formal Purple Tie+Cufflink+Pocket square - Combo Pack,Arrow,Men,Accessories,Accessories,Accessory Gift Set,Purple,Formal,Fall,2011.0,http://assets.myntassets.com/v1/images/style/properties/c7b3e78dd97b4cee0242feebb257a3bd_images.jpg
17371,Arrow Men Formal Red Tie+Cufflink+Pocket square - Combo Pack,Arrow,Men,Accessories,Accessories,Accessory Gift Set,Red,Formal,Fall,2011.0,http://assets.myntassets.com/v1/images/style/properties/b7a1509a6cc6ad8d0baa61f429bdff65_images.jpg
17372,Arrow Men Formal Maroon Tie+Cufflink+Pocket square - Combo Pack,Arrow,Men,Accessories,Accessories,Accessory Gift Set,Maroon,Formal,Fall,2011.0,http://assets.myntassets.com/v1/images/style/properties/9bd1bdff3cd07a95270ca6433bee504d_images.jpg
17373,Arrow Men Formal Purple Tie+Cufflink+Pocket square - Combo Pack,Arrow,Men,Accessories,Accessories,Accessory Gift Set,Purple,Formal,Fall,2011.0,http://assets.myntassets.com/v1/images/style/properties/6a05657727486ced4bb06e924e63ee59_images.jpg
17374,Arrow Men Formal Purple Tie+Cufflink+Pocket square - Combo Pack,Arrow,Men,Accessories,Accessories,Accessory Gift Set,Purple,Formal,Fall,2011.0,http://assets.myntassets.com/v1/images/style/properties/d4ca8978b01e64da7972c1e49cab00ae_images.jpg
17375,Arrow Men Formal Purple Tie+Cufflink+Pocket square - Combo Pack,Arrow,Men,Accessories,Accessories,Accessory Gift Set,Purple,Formal,Fall,2011.0,http://assets.myntassets.com/v1/images/style/properties/2e277320734da0cea12fafae7e2a24fc_images.jpg
17376,Arrow Men Formal Red Tie+Cufflink+Pocket square - Combo Pack,Arrow,Men,Accessories,Accessories,Accessory Gift Set,Red,Formal,Fall,2011.0,http://assets.myntassets.com/v1/images/style/properties/a4edcb74c310d18cda2fd611ae262bc3_images.jpg
17377,Arrow Men Formal Purple Tie+Cufflink+Pocket square - Combo Pack,Arrow,Men,Accessories,Accessories,Accessory Gift Set,Purple,Formal,Fall,2011.0,http://assets.myntassets.com/v1/images/style/properties/c578a997d79f9a1232f12e1b7fa890f5_images.jpg
17378,Arrow Men Formal Purple Tie+Cufflink+Pocket square - Combo Pack,Arrow,Men,Accessories,Accessories,Accessory Gift Set,Purple,Formal,Fall,2011.0,http://assets.myntassets.com/v1/images/style/properties/bd7f3eb404d5a09c30a017643a549641_images.jpg
17379,Arrow Men Formal Blue Tie+Cufflink+Pocket square - Combo Pack,Arrow,Men,Accessories,Accessories,Accessory Gift Set,Blue,Formal,Fall,2011.0,http://assets.myntassets.com/v1/images/style/properties/e24ce94998fd4c04ea6720159f44f384_images.jpg
17380,Reid & Taylor Men Check Multi Muffler,Reid & Taylor,Men,Accessories,Mufflers,Mufflers,Multi,Casual,Fall,2011.0,http://assets.myntassets.com/v1/images/style/properties/Reid---Taylor-Men-Check-Multi-Muffler1d27632fc722a7860ed65c241dbd996c_images.jpg
17381,Reid & Taylor Men Check Navy Blue Muffler,Reid & Taylor,Men,Accessories,Mufflers,Mufflers,Navy Blue,Casual,Fall,2011.0,http://assets.myntassets.com/v1/images/style/properties/a998145998e684f5def7601c87ed0fae_images.jpg
17382,Reid & Taylor Men Check Multi Muffler,Reid & Taylor,Men,Accessories,Mufflers,Mufflers,Multi,Casual,Fall,2011.0,http://assets.myntassets.com/v1/images/style/properties/Reid---Taylor-Men-Check-Multi-Mufflerb59a62441558c208ba427fa7355d4b7b_images.jpg
17383,Reid & Taylor Men Check Cream Muffler,Reid & Taylor,Men,Accessories,Mufflers,Mufflers,Cream,Casual,Fall,2011.0,http://assets.myntassets.com/v1/images/style/properties/fb748169ae4205a8d92e709cc5fa58f2_images.jpg
17384,Reid & Taylor Men Check Cream Muffler,Reid & Taylor,Men,Accessories,Mufflers,Mufflers,Cream,Casual,Fall,2011.0,http://assets.myntassets.com/v1/images/style/properties/29da503a3bdcc383b509a5eda5f46400_images.jpg
17385,Reid & Taylor Men Check Red Muffler,Reid & Taylor,Men,Accessories,Mufflers,Mufflers,Red,Casual,Fall,2011.0,http://assets.myntassets.com/v1/images/style/properties/35984eedb188412cfb30a2bd90dc0b1e_images.jpg
17386,Reid & Taylor Men Solid Black Muffler,Reid & Taylor,Men,Accessories,Mufflers,Mufflers,Black,Casual,Fall,2011.0,http://assets.myntassets.com/v1/images/style/properties/2c18f060296a149c1c073e980dc199e2_images.jpg
17387,Reid & Taylor Men Solid Blue Muffler,Reid & Taylor,Men,Accessories,Mufflers,Mufflers,Blue,Casual,Fall,2011.0,http://assets.myntassets.com/v1/images/style/properties/22426e419420d9068029ec9117d8170b_images.jpg
17388,Reid & Taylor Men Check Blue Muffler,Reid & Taylor,Men,Accessories,Mufflers,Mufflers,Blue,Casual,Fall,2011.0,http://assets.myntassets.com/v1/images/style/properties/Reid---Taylor-Men-Check-Blue-Muffler2db7a570934fda892159a54fcee6c85a_images.jpg
17389,Reid & Taylor Men Solid Red Socks,Reid & Taylor,Men,Accessories,Socks,Socks,Red,Casual,Summer,2016.0,http://assets.myntassets.com/v1/images/style/properties/9918788f358bbba4fbcb92f05f89d918_images.jpg
17390,Reid & Taylor Men Solid Black Socks,Reid & Taylor,Men,Accessories,Socks,Socks,Black,Casual,Summer,2016.0,http://assets.myntassets.com/v1/images/style/properties/d06f4ed200d78c3ec66fc644f78a2a9b_images.jpg
17391,Reid & Taylor Men Solid Navy Blue Socks,Reid & Taylor,Men,Accessories,Socks,Socks,Navy Blue,Casual,Summer,2016.0,http://assets.myntassets.com/v1/images/style/properties/431914df6cf49fdf71b79cc98ef69005_images.jpg
17392,Reid & Taylor Men Red & Grey Striped Socks,Reid & Taylor,Men,Accessories,Socks,Socks,Red,Casual,Summer,2016.0,http://assets.myntassets.com/v1/images/style/properties/Reid---Taylor-Men-Stripes-Red-Sockscd8ebe1438054f2effdb4454057e12af_images.jpg
17393,Reid & Taylor Men Stripes Black Socks,Reid & Taylor,Men,Accessories,Socks,Socks,Black,Casual,Summer,2016.0,http://assets.myntassets.com/v1/images/style/properties/22e37c14661c7dbb5e7dd7578ee36045_images.jpg
17394,Reid & Taylor Men Solid Brown Socks,Reid & Taylor,Men,Accessories,Socks,Socks,Brown,Casual,Summer,2016.0,http://assets.myntassets.com/v1/images/style/properties/a732e37804666f82174417555a7f3f1b_images.jpg
17395,Reid & Taylor Men Stripes Brown Socks,Reid & Taylor,Men,Accessories,Socks,Socks,Brown,Casual,Summer,2016.0,http://assets.myntassets.com/v1/images/style/properties/675b0452f34ce664ec9b9e880eb173ca_images.jpg
17396,Reid & Taylor Men Stripes Blue Socks,Reid & Taylor,Men,Accessories,Socks,Socks,Blue,Casual,Summer,2016.0,http://assets.myntassets.com/v1/images/style/properties/Reid---Taylor-Men-Stripes-Blue-Socksc5a0b84ad13cfd963394fbe488d702dd_images.jpg
17397,Reid & Taylor Men Stripes Black Socks,Reid & Taylor,Men,Accessories,Socks,Socks,Black,Casual,Summer,2016.0,http://assets.myntassets.com/v1/images/style/properties/7dc412c816ce55e67d791dc1ac5dc8fb_images.jpg
17398,Reid & Taylor Men Stripes Multi Socks,Reid & Taylor,Men,Accessories,Socks,Socks,Multi,Casual,Summer,2016.0,http://assets.myntassets.com/v1/images/style/properties/Reid---Taylor-Men-Stripes-Multi-Socks600c3f74d6dd7392d37157ab76763495_images.jpg
17399,Reid & Taylor Men Stripes Black Socks,Reid & Taylor,Men,Accessories,Socks,Socks,Black,Casual,Summer,2016.0,http://assets.myntassets.com/v1/images/style/properties/996d13049540e236ff1ce2c4bcc24eba_images.jpg
17400,Reid & Taylor Men Stripes Black Socks,Reid & Taylor,Men,Accessories,Socks,Socks,Black,Casual,Summer,2016.0,http://assets.myntassets.com/v1/images/style/properties/Reid---Taylor-Men-Stripes-Black-Socks44dc4d95d0c5fdaaaaf7e76e4a00d0e9_images.jpg
17401,Reid & Taylor Men Stripes Blue Socks,Reid & Taylor,Men,Accessories,Socks,Socks,Blue,Casual,Summer,2016.0,http://assets.myntassets.com/v1/images/style/properties/56cac91c8597a2ccb879b30248580786_images.jpg
17402,Reid & Taylor Men Stripes Multi Socks,Reid & Taylor,Men,Accessories,Socks,Socks,Multi,Casual,Summer,2016.0,http://assets.myntassets.com/v1/images/style/properties/70299c05e64a589318415058aefee11b_images.jpg
17403,Reid & Taylor Men Solid Navy Blue Socks,Reid & Taylor,Men,Accessories,Socks,Socks,Navy Blue,Casual,Summer,2016.0,http://assets.myntassets.com/v1/images/style/properties/19c91c19317cc31183460576ff00eabd_images.jpg
17405,Reid & Taylor Men Stripes Green Socks,Reid & Taylor,Men,Accessories,Socks,Socks,Green,Casual,Summer,2016.0,http://assets.myntassets.com/v1/images/style/properties/511253887f7df460d37aa60282da9820_images.jpg
17406,Reid & Taylor Men Stripes Brown Socks,Reid & Taylor,Men,Accessories,Socks,Socks,Brown,Casual,Summer,2016.0,http://assets.myntassets.com/v1/images/style/properties/Reid---Taylor-Men-Stripes-Brown-Socksd768f15145bc4b53aff4913540c8b3cd_images.jpg
17407,Reid & Taylor Men Brown Socks,Reid & Taylor,Men,Accessories,Socks,Socks,Brown,Casual,Summer,2016.0,http://assets.myntassets.com/v1/images/style/properties/Reid---Taylor-Men-NA-Black-Socks32b7400950987a45e64fccb57d76c32a_images.jpg
17408,Reid & Taylor Men NA Black Socks,Reid & Taylor,Men,Accessories,Socks,Socks,Black,Casual,Summer,2016.0,http://assets.myntassets.com/v1/images/style/properties/4b044ea04ac360d0ee35ed39ef40d061_images.jpg
17409,Lotto Men Basketball Mid Black Sports Shoe,Lotto,Men,Footwear,Shoes,Sports Shoes,Black,Sports,Fall,2011.0,http://assets.myntassets.com/v1/images/style/properties/35a4c6d87a6a14a8fe646ef90b1d6f9d_images.jpg
17410,Lotto Men Atlantica White Sports Shoe,Lotto,Men,Footwear,Shoes,Sports Shoes,White,Sports,Fall,2011.0,http://assets.myntassets.com/v1/images/style/properties/082147936cb571867ca64b0d078f659d_images.jpg
17411,Lotto Men Basketball Mid White Sports Shoe,Lotto,Men,Footwear,Shoes,Sports Shoes,White,Sports,Fall,2011.0,http://assets.myntassets.com/v1/images/style/properties/95dd8b87ceff0247a70579ba850c0164_images.jpg
17412,Lotto Men T-Effect IV White Sports Shoe,Lotto,Men,Footwear,Shoes,Sports Shoes,White,Sports,Fall,2011.0,http://assets.myntassets.com/v1/images/style/properties/f5d37228e4d1ebc02eed276689b54a95_images.jpg
17413,Lotto Men Millennia Black Sports Shoe,Lotto,Men,Footwear,Shoes,Sports Shoes,Black,Sports,Fall,2011.0,http://assets.myntassets.com/v1/images/style/properties/9c3c72557aa86af6d6eb536912f0b65f_images.jpg
17414,Lotto Men Millennia White Sports Shoe,Lotto,Men,Footwear,Shoes,Sports Shoes,White,Sports,Fall,2011.0,http://assets.myntassets.com/v1/images/style/properties/47237dd193565abbfc3daa4073881c78_images.jpg
17415,Lotto Men T-Effect IV White Sports Shoe,Lotto,Men,Footwear,Shoes,Sports Shoes,White,Sports,Fall,2011.0,http://assets.myntassets.com/v1/images/style/properties/161eff48bedafb343856ac335a0547fe_images.jpg
17416,Lotto Men Atlantica Black Sports Shoe,Lotto,Men,Footwear,Shoes,Sports Shoes,Black,Sports,Fall,2011.0,http://assets.myntassets.com/v1/images/style/properties/1279efc8b61fb461a804f0c1f82f276b_images.jpg
17417,CASIO ENTICER Men Black Dial Analogue Watch A416,CASIO,Men,Accessories,Watches,Watches,Black,Casual,Winter,2016.0,http://assets.myntassets.com/v1/image/style/properties/17417/Casio-Men-Analog-Black-Watch_1_f52c04cd233e2af3343ddb9da178cb65.jpg
17418,CASIO ENTICER Men Black Analogue Watch BS112 ,CASIO,Men,Accessories,Watches,Watches,Black,Casual,Winter,2016.0,http://assets.myntassets.com/v1/images/style/properties/d2c51e11e302a66c19404b878b89258d_images.jpg
17420,Casio Enticer Men Black Dial Analogue Watch A479,CASIO,Men,Accessories,Watches,Watches,Black,Casual,Winter,2016.0,http://assets.myntassets.com/assets/images/17420/2018/3/5/11520250125036-Casio-Enticer-Men-Black-Dial-Analogue-Watch-A479-4621520250124895-1.jpg
17421,CASIO ENTICER Men White Dial Analogue Watch A417,CASIO,Men,Accessories,Watches,Watches,Steel,Casual,Winter,2016.0,http://assets.myntassets.com/v1/images/style/properties/Casio-Men-Analog-Steel-Watch_e661731bed60a247f4f5811b378149e3_images.jpg
17423,Casio Enticer Men Silver Analogue Watches (A221) MTP-1247D-9AVDF,CASIO,Men,Accessories,Watches,Watches,Steel,Casual,Winter,2016.0,http://assets.myntassets.com/assets/images/17423/2018/1/23/11516697817048-Casio-Enticer-Men-Silver-Analogue-Watches-A221-MTP-1247D-9AVDF-9621516697816872-1.jpg
17424,CASIO Edifice Men Silver-Toned Analogue Watch ED141,CASIO,Men,Accessories,Watches,Watches,White,Casual,Winter,2016.0,http://assets.myntassets.com/v1/image/style/properties/17424/Casio-Men-Analog-White-Watch_1_3ff6a4186706526970809d3d4db828c9.jpg
17425,Casio Enticer Men White Dial Multi-Dial Analogue Watch MTP-1192E-7ADF(A166),CASIO,Men,Accessories,Watches,Watches,White,Casual,Winter,2016.0,http://assets.myntassets.com/assets/images/17425/2018/3/5/11520250132378-Casio-Enticer-Men-White-Dial-Analogue-Watch-A166-1601520250132151-1.jpg
17426,CASIO Edifice Men White Dial Watch ED309,CASIO,Men,Accessories,Watches,Watches,White,Casual,Winter,2016.0,http://assets.myntassets.com/v1/images/style/properties/Casio-Men-Edifice-White-Watchc14031841494ee862a25bb5a6d78df23_images.jpg
17427,CASIO G-Shock Men White Analogue & Digital Watch G274,CASIO,Men,Accessories,Watches,Watches,White,Casual,Winter,2016.0,http://assets.myntassets.com/assets/images/17427/2018/3/2/11519969599061-CASIO-G-Shock-Men-White-Analogue--Digital-Watch-G274-5091519969598856-1.jpg
17428,CASIO G-Shock Men Black Analogue-Digital Watch GA-100-1A2DR G271,CASIO,Men,Accessories,Watches,Watches,Black,Casual,Summer,2017.0,http://assets.myntassets.com/assets/images/17428/2018/3/5/11520250139213-Casio-G-Shock-Men-Black-Analogue-Digital-Watches-G271-GA-100-1A2DR-5831520250139051-1.jpg
17429,CASIO G-Shock Men Black Digital Watch G-7710-1DR G223,CASIO,Men,Accessories,Watches,Watches,Black,Casual,Winter,2016.0,http://assets.myntassets.com/assets/images/17429/2018/3/5/11520250143953-CASIO-G-Shock-Men-Black-Digital-Watch-G223-8211520250143786-1.jpg
17430,Casio Men Black Dial Watch ED339,CASIO,Men,Accessories,Watches,Watches,Black,Casual,Winter,2016.0,http://assets.myntassets.com/v1/images/style/properties/a271ad1864059181b224d5f5ea87fe56_images.jpg
17432,CASIO Edifice Men Black Dial Chronograph Watch EX044,CASIO,Men,Accessories,Watches,Watches,Black,Casual,Winter,2016.0,http://assets.myntassets.com/v1/images/style/properties/23885b460314cb517d3f62ae305dea63_images.jpg
17436,CASIO ENTICER Men Black Dial Analogue Watch A390,CASIO,Men,Accessories,Watches,Watches,Black,Casual,Summer,2017.0,http://assets.myntassets.com/assets/images/17436/2018/3/2/11519969631874-CASIO-ENTICER-Men-Black-Dial-Analogue-Watch-A390-1701519969631701-1.jpg
17438,Casio Edifice Men Chronograph Watch EF-558D-7AVDF(ED438),CASIO,Men,Accessories,Watches,Watches,Silver,Casual,Winter,2016.0,http://assets.myntassets.com/assets/images/17438/2018/3/5/11520250150374-CASIO-Men-Edifice-Silver-Toned-Dial-Chronograph-Watch-ED438-7401520250150198-1.jpg
17440,Casio Men Steel Watch EX045 EFR-502D-7AVDF,CASIO,Men,Accessories,Watches,Watches,Steel,Casual,Winter,2016.0,http://assets.myntassets.com/v1/images/style/properties/Casio-Men-Edifice-Steel-Watchbdb224d4012ceaa15130c65d353a3d87_images.jpg
17441,CASIO Men White Dial Watch ED153,CASIO,Men,Accessories,Watches,Watches,Steel,Casual,Winter,2016.0,http://assets.myntassets.com/v1/images/style/properties/Casio-Men-Edifice-Steel-Watch_3e66e9d02f0c0fd3b2ab8e1835139b63_images.jpg
17444,Casio Enticer Men Silver-Toned Dial Chronograph Watch BS062,CASIO,Men,Accessories,Watches,Watches,Silver,Casual,Winter,2016.0,http://assets.myntassets.com/assets/images/17444/2017/3/8/11488974025319-Casio-Enticer-Men-Silver-Toned-Dial-Chronograph-Watch-BS062-3021488974025435-1.jpg
17445,Casio Enticer Men Black Analogue Watches (BS063) BEM-501L-1AVDF,CASIO,Men,Accessories,Watches,Watches,Black,Casual,Winter,2016.0,http://assets.myntassets.com/v1/image/style/properties/17445/Casio-Men-Analog-Black-Watch_1_88f9b05ab892166ce893fddf2ccadb0e.jpg
17446,CASIO ENTICER Men Black Dial Analogue Watch BS120 ,CASIO,Men,Accessories,Watches,Watches,Black,Casual,Winter,2016.0,http://assets.myntassets.com/v1/images/style/properties/ad0cd0e9c9ed5ae8cdd42ba796d65e76_images.jpg
17447,CASIO ENTICER Men Black Dial Analogue Watch BS119,CASIO,Men,Accessories,Watches,Watches,Black,Casual,Winter,2016.0,http://assets.myntassets.com/v1/images/style/properties/827650f115fd9369d75ed5740349d9b1_images.jpg
17448,CASIO ENTICER Men Steel-Toned Analogue Watch BS121,CASIO,Men,Accessories,Watches,Watches,Steel,Casual,Winter,2016.0,http://assets.myntassets.com/v1/images/style/properties/454d680dfb7456f465bd3cede59e289f_images.jpg
17450,CASIO Enticer Men Silver-Toned Analogue Watch BS014,CASIO,Men,Accessories,Watches,Watches,Steel,Casual,Winter,2016.0,http://assets.myntassets.com/v1/image/style/properties/17450/Casio-Men-Analog-Black-Watch_1_8950aa472de4d7f2332976efdb1c6086.jpg
17453,Casio Enticer Men Black Multi-Dial Analogue Watch MTP-1191A-1ADF(A170),CASIO,Men,Accessories,Watches,Watches,Black,Casual,Winter,2016.0,http://assets.myntassets.com/assets/images/17453/2018/1/23/11516697852164-CASIO-ENTICER-Men-Black-Dial-Analogue-Watch-A170-5211516697852054-1.jpg
17455,Casio Enticer Men Silver Analogue Watches (A168) MTP-1192A-1ADF,CASIO,Men,Accessories,Watches,Watches,Black,Casual,Winter,2016.0,http://assets.myntassets.com/v1/images/style/properties/Casio-Men-Analog-Black-Watch_64b9d319462b2b21622c00c05456de9e_images.jpg
17458,CASIO G-Shock Men Black Analogue-Digital Watch GA-100-1A4DR G272,CASIO,Men,Accessories,Watches,Watches,Black,Casual,Winter,2016.0,http://assets.myntassets.com/assets/images/17458/2018/3/5/11520250154598-Casio-G-Shock-Men-Black-Analogue-Digital-Watches-G272-GA-100-1A4DR-1561520250154416-1.jpg
17459,CASIO G-Shock Men White Analogue& Digital Watch G303,CASIO,Men,Accessories,Watches,Watches,White,Casual,Winter,2016.0,http://assets.myntassets.com/v1/image/style/properties/17459/Casio-Men-G-shock-White-Analog-Digital-Watch_1_a01af60028b3bc98743d77cf30bb4c85.jpg
17460,CASIO G-Shock Men Black Analogue-Digital Watch GA-110GB-1ADR G339,CASIO,Men,Accessories,Watches,Watches,Black,Casual,Winter,2016.0,http://assets.myntassets.com/assets/images/17460/2018/3/5/11520250160266-Casio-G-Shock-Men-Black-Analogue-Digital-Watches-G339-GA-110GB-1ADR-11520250160058-1.jpg
17461,CASIO G-Shock Men Black Analogue & Digital Watch G185,CASIO,Men,Accessories,Watches,Watches,Black,Casual,Winter,2016.0,http://assets.myntassets.com/v1/images/style/properties/f55d7a3194a4bcff660c57149c2335d9_images.jpg
17462,CASIO G-Shock Men Black Analogue & Digital Watch GA-100-1A1DR G270,CASIO,Men,Accessories,Watches,Watches,Black,Casual,Winter,2016.0,http://assets.myntassets.com/assets/images/17462/2018/3/5/11520250165028-CASIO-G-Shock-Men-Black-Analogue--Digital-Watch-G270-8021520250164745-1.jpg
17481,Enroute Men Formal Black Formal Shoe,Enroute Men,Men,Footwear,Shoes,Formal Shoes,Black,Formal,Fall,2011.0,http://assets.myntassets.com/v1/images/style/properties/6ddbf82251463a258a89eda4a7c411d6_images.jpg
17483,Enroute Men Casual Navy Blue Casual Shoe,Enroute Men,Men,Footwear,Shoes,Casual Shoes,Navy Blue,Casual,Fall,2011.0,http://assets.myntassets.com/v1/images/style/properties/108df3e7a6917d5ea8d389a2d3ff1d5f_images.jpg
17484,Enroute Men Casual Tan Casual Shoe,Enroute Men,Men,Footwear,Shoes,Casual Shoes,Tan,Casual,Fall,2011.0,http://assets.myntassets.com/v1/images/style/properties/ac9d3a445c2d2bced78c09c266890a44_images.jpg
17485,Fila Men DLS Slam White Sports Shoe,FILA,Men,Footwear,Shoes,Sports Shoes,White,Sports,Fall,2011.0,http://assets.myntassets.com/v1/images/style/properties/52863da86a1d16e62abc20268de76ad9_images.jpg
17493,Puma Men Red Winglet II Flip Flops,Puma,Men,Footwear,Flip Flops,Flip Flops,Red,Casual,Fall,2011.0,http://assets.myntassets.com/v1/images/style/properties/516cd16b93c4113ce14530b802c3de8c_images.jpg
17494,Puma Men Navy Blue Drifter Cat II Flip Flops,Puma,Men,Footwear,Flip Flops,Flip Flops,Navy Blue,Casual,Spring,2012.0,http://assets.myntassets.com/v1/images/style/properties/Puma-Men-Navy-Blue-Drifter-Cat-II-Flip-Flops_89146b30ee544769e5ae167a521d1d7a_images.jpg
17495,Puma Men Black Drifter Cat II Flip Flops,Puma,Men,Footwear,Flip Flops,Flip Flops,Black,Casual,Summer,2012.0,http://assets.myntassets.com/v1/images/style/properties/Puma-Men-Black-Drifter-Cat-II-Flip-Flops_2c7fef4ea5e33032a1ab3782f6f5a3b1_images.jpg
17496,Classic Polo Men Stripes Mustard Polo T-Shirt,Classic Polo,Men,Apparel,Topwear,Tshirts,Mustard,Casual,Fall,2011.0,http://assets.myntassets.com/v1/images/style/properties/1c9707bcb052311a780fd94b0c4cd5dc_images.jpg
17497,Classic Polo Men Stripes Grey Polo T-Shirt,Classic Polo,Men,Apparel,Topwear,Tshirts,Grey,Casual,Fall,2011.0,http://assets.myntassets.com/v1/images/style/properties/3942596d71515b9c67315e3a842273d3_images.jpg
17498,Classic Polo Men Stripes Maroon Polo T-Shirt,Classic Polo,Men,Apparel,Topwear,Tshirts,Maroon,Casual,Fall,2011.0,http://assets.myntassets.com/v1/images/style/properties/b3491fba9eebc00512f8aac3dcef79ac_images.jpg
17499,Classic Polo Men Stripes Blue Polo T-Shirt,Classic Polo,Men,Apparel,Topwear,Tshirts,Blue,Casual,Fall,2011.0,http://assets.myntassets.com/v1/images/style/properties/6186af8cca733c74fc0aa02d63e00ae8_images.jpg
17500,Classic Polo Men Stripes Blue Polo T-Shirt,Classic Polo,Men,Apparel,Topwear,Tshirts,Navy Blue,Casual,Fall,2011.0,http://assets.myntassets.com/v1/images/style/properties/953218f643d2c6cbb108fafff2ca0e41_images.jpg
17501,Classic Polo Men Stripes Grey Polo T-Shirt,Classic Polo,Men,Apparel,Topwear,Tshirts,Grey,Casual,Fall,2011.0,http://assets.myntassets.com/v1/images/style/properties/1cb0b90506a5c8f1365c7521459f4cb7_images.jpg
17502,Classic Polo Men Stripes Yellow Polo T-Shirt,Classic Polo,Men,Apparel,Topwear,Tshirts,Mustard,Casual,Fall,2011.0,http://assets.myntassets.com/v1/images/style/properties/28a77d30f29343796f27b646f076df67_images.jpg
17503,Classic Polo Men Stripes Black Polo T-Shirt,Classic Polo,Men,Apparel,Topwear,Tshirts,Black,Casual,Fall,2011.0,http://assets.myntassets.com/v1/images/style/properties/a28f83887b2237a0352400538355fd6c_images.jpg
17504,Classic Polo Men Stripes Grey Polo T-Shirt,Classic Polo,Men,Apparel,Topwear,Tshirts,Grey,Casual,Fall,2011.0,http://assets.myntassets.com/v1/images/style/properties/6d29dc0b08a695c5efead3949680fe8b_images.jpg
17505,Classic Polo Men Stripes White Polo T-Shirt,Classic Polo,Men,Apparel,Topwear,Tshirts,White,Casual,Fall,2011.0,http://assets.myntassets.com/v1/images/style/properties/9c63a4ea651ee99ced9660a096ea3f75_images.jpg
17506,Classic Polo Men Stripes Blue Polo T-Shirt,Classic Polo,Men,Apparel,Topwear,Tshirts,Grey Melange,Casual,Fall,2011.0,http://assets.myntassets.com/v1/images/style/properties/18eed95425de2660d0db5285f81e96c0_images.jpg
17507,Classic Polo Men Stripes Black Polo T-Shirt,Classic Polo,Men,Apparel,Topwear,Tshirts,Black,Casual,Fall,2011.0,http://assets.myntassets.com/v1/images/style/properties/24e0d2b691f1fa5f6b04cda4ee9bd9a6_images.jpg
17508,Classic Polo Men Stripes Grey Polo T-Shirt,Classic Polo,Men,Apparel,Topwear,Tshirts,Grey,Casual,Fall,2011.0,http://assets.myntassets.com/v1/images/style/properties/8758fc3590241baf35c724b5b346a80d_images.jpg
17509,Classic Polo Men Stripes Blue Polo T-Shirt,Classic Polo,Men,Apparel,Topwear,Tshirts,Blue,Casual,Fall,2011.0,http://assets.myntassets.com/v1/images/style/properties/3d26c2ba64b3f979c8190b5e187563d5_images.jpg
17510,Classic Polo Men Stripes White Polo T-Shirt,Classic Polo,Men,Apparel,Topwear,Tshirts,White,Casual,Fall,2011.0,http://assets.myntassets.com/v1/images/style/properties/787a3b5fc3fbc5c6f3763d7c99d9c0ad_images.jpg
17511,Classic Polo Men Stripes Grey Polo T-Shirt,Classic Polo,Men,Apparel,Topwear,Tshirts,Grey,Casual,Fall,2011.0,http://assets.myntassets.com/v1/images/style/properties/f0b96dfe47d7679913bf9f75908e4aa0_images.jpg
17512,Classic Polo Men Stripes Blue Polo T-Shirt,Classic Polo,Men,Apparel,Topwear,Tshirts,Navy Blue,Casual,Fall,2011.0,http://assets.myntassets.com/v1/images/style/properties/da2fc33fa9b40fbd1e0eb50818abdf91_images.jpg
17513,Classic Polo Men Stripes Black Polo T-Shirt,Classic Polo,Men,Apparel,Topwear,Tshirts,Black,Casual,Fall,2011.0,http://assets.myntassets.com/v1/images/style/properties/47e7c38f7715354f5ae6c29592a87612_images.jpg
1752,Lotto Men Red Epic T-shirt,Lotto,Men,Apparel,Topwear,Tshirts,Red,Sports,Fall,2010.0,http://assets.myntassets.com/v1/images/style/properties/3516f4714202e9996c8b39674afdd230_images.jpg
17534,Mark Taylor Men Solid Blue Shirt,Mark Taylor,Men,Apparel,Topwear,Shirts,Blue,Formal,Fall,2011.0,http://assets.myntassets.com/v1/images/style/properties/efb02228844654f999f77a96d45f656b_images.jpg
17535,Mark Taylor Men Red & White Striped Shirt,Mark Taylor,Men,Apparel,Topwear,Shirts,Red,Formal,Fall,2011.0,http://assets.myntassets.com/v1/images/style/properties/56c4d787a91c11ffddc2991df9e5e6a4_images.jpg
17536,Mark Taylor Men Blue & White Striped Shirt,Mark Taylor,Men,Apparel,Topwear,Shirts,Blue,Formal,Fall,2011.0,http://assets.myntassets.com/v1/images/style/properties/28b931c45817cd7ed58e00bf4eca5360_images.jpg
17537,Mark Taylor Men Yellow & Blue Striped Shirt,Mark Taylor,Men,Apparel,Topwear,Shirts,Yellow,Formal,Fall,2011.0,http://assets.myntassets.com/v1/images/style/properties/8a5ba0d1999be58335858255dbde2495_images.jpg
17538,Mark Taylor Men Red & White Striped Shirt,Mark Taylor,Men,Apparel,Topwear,Shirts,Red,Formal,Fall,2011.0,http://assets.myntassets.com/v1/images/style/properties/d39675e0dd92bc9c5c57f32f6e9369e1_images.jpg
17539,Mark Taylor Men Orange & White Striped Shirt,Mark Taylor,Men,Apparel,Topwear,Shirts,Orange,Formal,Fall,2011.0,http://assets.myntassets.com/v1/images/style/properties/9732bd146defb356c886cff408c71022_images.jpg
1754,Lotto Men Marcello Black T-shirt,Lotto,Men,Apparel,Topwear,Tshirts,Black,Sports,Fall,2010.0,http://assets.myntassets.com/v1/images/style/properties/659acdbd8e5a27f5dc2f732c1405436b_images.jpg
17540,Mark Taylor Men Black & White Striped Shirt,Mark Taylor,Men,Apparel,Topwear,Shirts,Black,Formal,Fall,2011.0,http://assets.myntassets.com/v1/images/style/properties/191a66dc8189e8b27cfe40369fcc1e31_images.jpg
17541,Mark Taylor Men Green & White Striped Shirt,Mark Taylor,Men,Apparel,Topwear,Shirts,Green,Formal,Fall,2011.0,http://assets.myntassets.com/v1/images/style/properties/5e5348d5d74065b10d7581ce68b3cc86_images.jpg
17542,Mark Taylor Men White & Black Striped Shirt,Mark Taylor,Men,Apparel,Topwear,Shirts,White,Formal,Fall,2011.0,http://assets.myntassets.com/v1/images/style/properties/59d58107b2022b7bc47467d09dae5e6a_images.jpg
17544,Mark Taylor Men Blue & White Striped Shirt,Mark Taylor,Men,Apparel,Topwear,Shirts,Blue,Formal,Fall,2011.0,http://assets.myntassets.com/v1/images/style/properties/131f034c3d537635674befcdfbfefdd5_images.jpg
17545,Mark Taylor Men Brown & White Striped Shirt,Mark Taylor,Men,Apparel,Topwear,Shirts,Brown,Formal,Fall,2011.0,http://assets.myntassets.com/v1/images/style/properties/76cf77006662ae89c165f18afc1ec9f4_images.jpg
17546,Mark Taylor Men Pink & White Striped Shirt,Mark Taylor,Men,Apparel,Topwear,Shirts,Pink,Formal,Fall,2011.0,http://assets.myntassets.com/v1/images/style/properties/c810af458f23e2ff1135e888a5d81625_images.jpg
17547,Mark Taylor Men Blue & White Striped Shirt,Mark Taylor,Men,Apparel,Topwear,Shirts,Blue,Formal,Fall,2011.0,http://assets.myntassets.com/v1/images/style/properties/afdea32f3c22df48de8ebabda80fa4e1_images.jpg
17548,Mark Taylor Men Grey & White Striped Shirt,Mark Taylor,Men,Apparel,Topwear,Shirts,Grey,Formal,Fall,2011.0,http://assets.myntassets.com/v1/images/style/properties/e2918a48054d55dc9fe012c86a99ed87_images.jpg
17549,Mark Taylor Men Grey & White Striped Shirt,Mark Taylor,Men,Apparel,Topwear,Shirts,Grey,Formal,Fall,2011.0,http://assets.myntassets.com/v1/images/style/properties/85af45c0fdb31ac9c1427328a32a5b06_images.jpg
1755,Lotto Men Jasper Street Red T-shirt,Lotto,Men,Apparel,Topwear,Tshirts,Red,Casual,Fall,2010.0,http://assets.myntassets.com/v1/images/style/properties/312189443466f4c315c1d350dbc2b803_images.jpg
17550,Mark Taylor Men Red & White Striped Shirt,Mark Taylor,Men,Apparel,Topwear,Shirts,Red,Formal,Fall,2011.0,http://assets.myntassets.com/v1/images/style/properties/f4b5983e5022f978edd5223265a50cdd_images.jpg
17551,Mark Taylor Men Purple & White Striped Shirt,Mark Taylor,Men,Apparel,Topwear,Shirts,Purple,Formal,Fall,2011.0,http://assets.myntassets.com/v1/images/style/properties/707757463c3824ad8e93307817809600_images.jpg
17552,Mark Taylor Men Blue & Cream Striped Shirt,Mark Taylor,Men,Apparel,Topwear,Shirts,Blue,Formal,Fall,2011.0,http://assets.myntassets.com/v1/images/style/properties/efa4873ddc7a0df4c80856c9ff756d79_images.jpg
17553,Mark Taylor Men Grey & White Striped Shirt,Mark Taylor,Men,Apparel,Topwear,Shirts,Grey,Formal,Fall,2011.0,http://assets.myntassets.com/v1/images/style/properties/0c3727a87209b5c0ffcea05ec6c51c08_images.jpg
17554,Mark Taylor Men Blue & White Striped Shirt,Mark Taylor,Men,Apparel,Topwear,Shirts,Blue,Formal,Fall,2011.0,http://assets.myntassets.com/v1/images/style/properties/917156b7415c3984d8b8560f69663f41_images.jpg
17555,Mark Taylor Men Blue & White Striped Shirt,Mark Taylor,Men,Apparel,Topwear,Shirts,Blue,Formal,Fall,2011.0,http://assets.myntassets.com/v1/images/style/properties/4a33143f8087d60380e62afa463f9bfa_images.jpg
17556,Mark Taylor Men Green & White Striped Shirt,Mark Taylor,Men,Apparel,Topwear,Shirts,Green,Formal,Fall,2011.0,http://assets.myntassets.com/v1/images/style/properties/e25981ebe165033d9b079633f61e19df_images.jpg
17557,Mark Taylor Men Blue & White Shirt,Mark Taylor,Men,Apparel,Topwear,Shirts,Blue,Formal,Fall,2011.0,http://assets.myntassets.com/v1/images/style/properties/79d5ad871a03dee86e4aafc1eac909bf_images.jpg
17558,Mark Taylor Men Blue & White Striped Shirt,Mark Taylor,Men,Apparel,Topwear,Shirts,Blue,Formal,Fall,2011.0,http://assets.myntassets.com/v1/images/style/properties/a0a6eef171bcab88da4c740d2e89902b_images.jpg
17559,Mark Taylor Men Grey & White Striped Shirt,Mark Taylor,Men,Apparel,Topwear,Shirts,Grey,Formal,Fall,2011.0,http://assets.myntassets.com/v1/images/style/properties/60a06d03b44f362ff106a7a94c326aef_images.jpg
1756,Lotto Men White Polo T-shirt,Lotto,Men,Apparel,Topwear,Tshirts,White,Sports,Fall,2010.0,http://assets.myntassets.com/v1/images/style/properties/17f882ff09ac2689cb7d09df6a25e0a4_images.jpg
17560,Mark Taylor Men Red & Blue Striped Shirt,Mark Taylor,Men,Apparel,Topwear,Shirts,Red,Formal,Fall,2011.0,http://assets.myntassets.com/v1/images/style/properties/9a3be84a4ef72d5cdcf352752e477491_images.jpg
17561,Mark Taylor Men Blue & White Striped Shirt,Mark Taylor,Men,Apparel,Topwear,Shirts,Blue,Formal,Fall,2011.0,http://assets.myntassets.com/v1/images/style/properties/48e2eb1d9464fbc48627156942195de9_images.jpg
17562,Mark Taylor Men Blue & White Striped Shirt,Mark Taylor,Men,Apparel,Topwear,Shirts,Blue,Formal,Fall,2011.0,http://assets.myntassets.com/v1/images/style/properties/c46d1ae121fccc131ab978e10e675a58_images.jpg
17563,Mark Taylor Men Green & Pink Striped Shirt,Mark Taylor,Men,Apparel,Topwear,Shirts,Green,Formal,Fall,2011.0,http://assets.myntassets.com/v1/images/style/properties/1d0fa19769a8590bedf67fd59d6da552_images.jpg
17564,Mark Taylor Men Black & White Striped Shirt,Mark Taylor,Men,Apparel,Topwear,Shirts,Black,Formal,Fall,2011.0,http://assets.myntassets.com/v1/images/style/properties/fb04af0d0280cb161681e819f18bbd04_images.jpg
17565,Mark Taylor Men Blue & White Striped Shirt,Mark Taylor,Men,Apparel,Topwear,Shirts,Blue,Formal,Fall,2011.0,http://assets.myntassets.com/v1/images/style/properties/078595c182fd9244f68d4e4fefe2ec0a_images.jpg
17567,Mark Taylor Men Purple & White Striped Shirt,Mark Taylor,Men,Apparel,Topwear,Shirts,Purple,Formal,Fall,2011.0,http://assets.myntassets.com/v1/images/style/properties/8393ad05dbe82f1b714ab57ed35519cc_images.jpg
17568,Mark Taylor Men Blue & White Striped Shirt,Mark Taylor,Men,Apparel,Topwear,Shirts,Blue,Formal,Fall,2011.0,http://assets.myntassets.com/v1/images/style/properties/9ff4021a56bd994c4f3dfd3910d5dbc5_images.jpg
17569,Mark Taylor Men Blue & White Striped Shirt,Mark Taylor,Men,Apparel,Topwear,Shirts,Blue,Formal,Fall,2011.0,http://assets.myntassets.com/v1/images/style/properties/8aee7bfaa9e0ec332640fab1e28c7a01_images.jpg
1757,Lotto Men Polo Slate Black Rugby T-shirt,Lotto,Men,Apparel,Topwear,Tshirts,Black,Sports,Fall,2010.0,http://assets.myntassets.com/v1/images/style/properties/0c14f7513b7223720fd08a1df287bc54_images.jpg
17570,Mark Taylor Men Green & White Striped Shirt,Mark Taylor,Men,Apparel,Topwear,Shirts,Green,Formal,Fall,2011.0,http://assets.myntassets.com/v1/images/style/properties/09d735f4f80703c39e4c69e8f130099a_images.jpg
17571,Mark Taylor Men Blue & White Striped Shirt,Mark Taylor,Men,Apparel,Topwear,Shirts,Blue,Formal,Fall,2011.0,http://assets.myntassets.com/v1/images/style/properties/1e72af80d3bccfc4e295738fa1ded05b_images.jpg
17572,Mark Taylor Men Red & White Striped Shirt,Mark Taylor,Men,Apparel,Topwear,Shirts,Red,Formal,Fall,2011.0,http://assets.myntassets.com/v1/images/style/properties/b2300497a052cf60d54abe5902a94afb_images.jpg
17573,Mark Taylor Men Blue & White Striped Shirt,Mark Taylor,Men,Apparel,Topwear,Shirts,Blue,Formal,Fall,2011.0,http://assets.myntassets.com/v1/images/style/properties/7b1ec0dde80eb173ae863d0ef6dfc15f_images.jpg
17575,Mark Taylor Men Pink & Black Striped Shirt,Mark Taylor,Men,Apparel,Topwear,Shirts,Black,Formal,Fall,2011.0,http://assets.myntassets.com/v1/images/style/properties/72c718de54204d9bc073851656555fd8_images.jpg
17576,Mark Taylor Men Brown & White Checked Shirt,Mark Taylor,Men,Apparel,Topwear,Shirts,Brown,Formal,Fall,2011.0,http://assets.myntassets.com/v1/images/style/properties/8aa87e265b6c94b0182f748492e1a475_images.jpg
17577,Mark Taylor Men Solid Grey Trouser,Mark Taylor,Men,Apparel,Bottomwear,Trousers,Grey,Casual,Fall,2011.0,http://assets.myntassets.com/v1/images/style/properties/b4dd1c38fbd5b64092c7fa4e9ec0c30c_images.jpg
17579,Mark Taylor Men Solid Grey Trouser,Mark Taylor,Men,Apparel,Bottomwear,Trousers,Grey,Casual,Fall,2011.0,http://assets.myntassets.com/v1/images/style/properties/f5fe3ee9fe45dc698b3f27fb354c3130_images.jpg
1758,Lotto Men White Collared Jacket,Lotto,Men,Apparel,Topwear,Jackets,White,Sports,Fall,2010.0,http://assets.myntassets.com/v1/images/style/properties/739cfc2b8d2072896399e9c6aef18884_images.jpg
17580,Mark Taylor Men Solid Navy Blue Trouser,Mark Taylor,Men,Apparel,Bottomwear,Trousers,Navy Blue,Casual,Fall,2011.0,http://assets.myntassets.com/v1/images/style/properties/0fc276546e89282ca786e8945946d3a8_images.jpg
17585,Speedo Men Funky Eyewear Black Sunglasses,Speedo,Men,Accessories,Eyewear,Sunglasses,Black,Sports,Summer,2017.0,http://assets.myntassets.com/v1/images/style/properties/42f86ec1a98fd0c75f60be01284ad552_images.jpg
17588,Speedo Men Funky Eyewear Black Sunglasses,Speedo,Men,Accessories,Eyewear,Sunglasses,Black,Sports,Summer,2017.0,http://assets.myntassets.com/v1/images/style/properties/e7d6c318172f935a9288fbc464a8989f_images.jpg
17589,Speedo Men Funky Eyewear Black Sunglasses,Speedo,Men,Accessories,Eyewear,Sunglasses,Black,Sports,Summer,2017.0,http://assets.myntassets.com/v1/images/style/properties/a16d793e7feb3ef941dae663d72d327f_images.jpg
1759,Lotto Men Epic Grey T-shirt,Lotto,Men,Apparel,Topwear,Tshirts,Grey,Sports,Fall,2010.0,http://assets.myntassets.com/v1/images/style/properties/c6b55426eb808840aee2671d4144f642_images.jpg
17599,Cat Men Classic Steal Sunglasses,CAT,Men,Accessories,Eyewear,Sunglasses,Silver,Casual,Winter,2016.0,http://assets.myntassets.com/v1/images/style/properties/cb561857a9bfcf5ef627eb82d9befd1d_images.jpg
1760,Lotto Men Marcello White T-shirt,Lotto,Men,Apparel,Topwear,Tshirts,White,Sports,Fall,2010.0,http://assets.myntassets.com/v1/images/style/properties/46313ce238f480764d00b87c6c93a40d_images.jpg
17601,Cat Men Classic Grey Sunglasses,CAT,Men,Accessories,Eyewear,Sunglasses,Grey,Casual,Winter,2016.0,http://assets.myntassets.com/v1/images/style/properties/Cat-Men-Classic-Grey-Sunglassesea027b071edb20c27f2ec2b1c596caf1_images.jpg
17605,Cat Men Classic Black Sunglasses,CAT,Men,Accessories,Eyewear,Sunglasses,Black,Casual,Winter,2016.0,http://assets.myntassets.com/v1/images/style/properties/b052258bde30a071e010b97f7e823a63_images.jpg
17623,ADIDAS Men Solid Grey Track Pant,ADIDAS,Men,Apparel,Bottomwear,Track Pants,Grey,Sports,Fall,2011.0,http://assets.myntassets.com/v1/images/style/properties/94218ed43f33a3f01c61df343a0260f3_images.jpg
17624,ADIDAS Men Solid Navy Blue Track Pant,ADIDAS,Men,Apparel,Bottomwear,Track Pants,Navy Blue,Sports,Fall,2011.0,http://assets.myntassets.com/v1/images/style/properties/98252134c6398e50aeebd873e6eafceb_images.jpg
17625,ADIDAS Men Solid Black Track Pant,ADIDAS,Men,Apparel,Bottomwear,Track Pants,Black,Sports,Fall,2011.0,http://assets.myntassets.com/v1/images/style/properties/b5b0bb0f76110d1f32a45299041c5d9d_images.jpg
17626,ADIDAS Men Solid White Jacket,ADIDAS,Men,Apparel,Topwear,Jackets,White,Sports,Fall,2011.0,http://assets.myntassets.com/v1/images/style/properties/20bc94bec9307d938e513f430c2b4396_images.jpg
17627,ADIDAS Men Printed Blue Jersey,ADIDAS,Men,Apparel,Topwear,Tshirts,Blue,Sports,Fall,2011.0,http://assets.myntassets.com/v1/images/style/properties/3f55bce9669074199f48322cf96f97c0_images.jpg
17628,ADIDAS Men Solid Grey Jacket,ADIDAS,Men,Apparel,Topwear,Jackets,Charcoal,Casual,Fall,2011.0,http://assets.myntassets.com/v1/images/style/properties/356e4893851cb25f6a9fba5b6cb138c1_images.jpg
17629,ADIDAS Men Solid Blue Jacket,ADIDAS,Men,Apparel,Topwear,Jackets,Blue,Casual,Fall,2011.0,http://assets.myntassets.com/v1/images/style/properties/f80689cc3cd0d110daf114cbd23b00a6_images.jpg
17643,Puma Men PowerCat Red Wallet,Puma,Men,Accessories,Wallets,Wallets,Red,Casual,Fall,2011.0,http://assets.myntassets.com/v1/images/style/properties/a8f59f1ca8cc6e46a8282ec2f3a8a43d_images.jpg
17647,Converse Men Red Flip Flops,Converse,Men,Footwear,Flip Flops,Flip Flops,Red,Casual,Spring,2013.0,http://assets.myntassets.com/v1/images/style/properties/Converse-Men-Red-Flip-Flops_e522f6682fc67dad7ee54eee72f94dcc_images.jpg
1766,Inesis Men Blue Polo T-shirt,Inesis,Men,Apparel,Topwear,Tshirts,Blue,Casual,Fall,2010.0,http://assets.myntassets.com/v1/images/style/properties/b351dd0beab9313aa3c9e4b528f3cf38_images.jpg
17690,Vans Men Chukka Low Grey Casual Shoes,Vans,Men,Footwear,Shoes,Casual Shoes,Grey,Casual,Fall,2011.0,http://assets.myntassets.com/v1/images/style/properties/420bc885dbf59a8da7ea26e2c0ccc9e7_images.jpg
17691,Vans Men Chukka Low Navy Blue Casual Shoes,Vans,Men,Footwear,Shoes,Casual Shoes,Navy Blue,Casual,Fall,2011.0,http://assets.myntassets.com/v1/images/style/properties/61d5f7daa1fbc09c0b546460bc8f682a_images.jpg
17692,Vans Men Rowley Style 99 S Red Casual Shoes,Vans,Men,Footwear,Shoes,Casual Shoes,Red,Casual,Spring,2012.0,http://assets.myntassets.com/v1/images/style/properties/0addbc912395fd56b587553f5bcc1f44_images.jpg
17693,Vans Men Classic Slip-On Black Casual Shoes,Vans,Men,Footwear,Shoes,Casual Shoes,Black,Casual,Fall,2011.0,http://assets.myntassets.com/v1/images/style/properties/9611e688f9ea68910f9183d91ececa01_images.jpg
17694,Vans Men Authentic Navy Blue Casual Shoes,Vans,Men,Footwear,Shoes,Casual Shoes,Navy Blue,Casual,Fall,2011.0,http://assets.myntassets.com/v1/images/style/properties/1407635d1342e00ef27bd27e9a892ca4_images.jpg
17695,Vans Men Authentic Maroon Casual Shoes,Vans,Men,Footwear,Shoes,Casual Shoes,Maroon,Casual,Fall,2011.0,http://assets.myntassets.com/v1/images/style/properties/b7ad1466ade805605597dbf4c7ae7f3d_images.jpg
17696,Vans Men Rata Vulc Black Casual Shoes,Vans,Men,Footwear,Shoes,Casual Shoes,Black,Casual,Fall,2011.0,http://assets.myntassets.com/v1/images/style/properties/5a9a2628dbd55f91087954562a0c072b_images.jpg
17697,Vans Men Bali Grey Casual Shoes,Vans,Men,Footwear,Shoes,Casual Shoes,Grey,Casual,Fall,2011.0,http://assets.myntassets.com/v1/images/style/properties/61fc19359d6093df384570f6c3421047_images.jpg
17698,Vans Men Bali Brown Casual Shoes,Vans,Men,Footwear,Shoes,Casual Shoes,Brown,Casual,Fall,2011.0,http://assets.myntassets.com/v1/images/style/properties/20698b069c259af3744e49f81b74b4bc_images.jpg
17699,Vans Men E-Street Brown Casual Shoes,Vans,Men,Footwear,Shoes,Casual Shoes,Brown,Casual,Fall,2011.0,http://assets.myntassets.com/v1/images/style/properties/6fa3b058855c5ca764c06801f921700e_images.jpg
17700,Vans Men E-Street Blue Casual Shoes,Vans,Men,Footwear,Shoes,Casual Shoes,Blue,Casual,Fall,2011.0,http://assets.myntassets.com/v1/images/style/properties/ea05abee5255d8534ad23ccc204cc210_images.jpg
17701,Vans Men Chauffeur Navy Blue Casual Shoes,Vans,Men,Footwear,Shoes,Casual Shoes,Navy Blue,Casual,Fall,2011.0,http://assets.myntassets.com/v1/images/style/properties/024a60af3aac52a92a7c7423aa334e0e_images.jpg
17713,Reid & Taylor Men Check Blue Shirt,Reid & Taylor,Men,Apparel,Topwear,Shirts,Blue,Casual,Fall,2011.0,http://assets.myntassets.com/v1/images/style/properties/bdadc1abcd505076658a882b5f2df51c_images.jpg
17714,Reid & Taylor Men Check Red Shirt,Reid & Taylor,Men,Apparel,Topwear,Shirts,Red,Casual,Fall,2011.0,http://assets.myntassets.com/v1/images/style/properties/2d25f8a6a0c62865e43b4631d59bab5e_images.jpg
17715,Reid & Taylor Men Check Brown Shirt,Reid & Taylor,Men,Apparel,Topwear,Shirts,Brown,Casual,Fall,2011.0,http://assets.myntassets.com/v1/images/style/properties/dd633fb908bdbfa032c572fde2036d05_images.jpg
17717,Reid & Taylor Men Check Navy Blue Shirt,Reid & Taylor,Men,Apparel,Topwear,Shirts,Navy Blue,Casual,Fall,2011.0,http://assets.myntassets.com/v1/images/style/properties/d6771477a24607f230b3f95c6b50eca8_images.jpg
17718,Reid & Taylor Men Check Red Shirt,Reid & Taylor,Men,Apparel,Topwear,Shirts,Red,Casual,Fall,2011.0,http://assets.myntassets.com/v1/images/style/properties/16135b76383b2dddd6d7af08b2cf7a5a_images.jpg
17719,Reid & Taylor Men Check White Shirt,Reid & Taylor,Men,Apparel,Topwear,Shirts,White,Casual,Fall,2011.0,http://assets.myntassets.com/v1/images/style/properties/89c3ad494bdbbfd8add11e17f33956e6_images.jpg
17720,Reid & Taylor Men Check White Shirt,Reid & Taylor,Men,Apparel,Topwear,Shirts,White,Casual,Fall,2011.0,http://assets.myntassets.com/v1/images/style/properties/3d73c6af1589f829f518e6bdda73961a_images.jpg
17721,Reid & Taylor Men Check Burgundy Shirt,Reid & Taylor,Men,Apparel,Topwear,Shirts,Burgundy,Casual,Fall,2011.0,http://assets.myntassets.com/v1/images/style/properties/3b0fd06b323d6003e0d93ebd779576a0_images.jpg
17722,Reid & Taylor Men Stripes Grey Shirt,Reid & Taylor,Men,Apparel,Topwear,Shirts,Grey,Casual,Fall,2011.0,http://assets.myntassets.com/v1/images/style/properties/0e8a02af2c6866d510763b4803a980af_images.jpg
17723,Reid & Taylor Men Check Medium Grey Shirt,Reid & Taylor,Men,Apparel,Topwear,Shirts,Grey,Casual,Fall,2011.0,http://assets.myntassets.com/v1/images/style/properties/a0928c6d7ac0486295df06eac61da639_images.jpg
17724,Reid & Taylor Men Check Grey Shirt,Reid & Taylor,Men,Apparel,Topwear,Shirts,Grey,Casual,Fall,2011.0,http://assets.myntassets.com/v1/images/style/properties/ce92122dacc234b81725537407ef6463_images.jpg
17725,Reid & Taylor Men Solid Maroon Shirt,Reid & Taylor,Men,Apparel,Topwear,Shirts,Maroon,Casual,Fall,2011.0,http://assets.myntassets.com/v1/images/style/properties/174a17c8deabb136ac0e5b889fddd45b_images.jpg
17726,Reid & Taylor Men Stripes Purple Shirt,Reid & Taylor,Men,Apparel,Topwear,Shirts,Purple,Casual,Fall,2011.0,http://assets.myntassets.com/v1/images/style/properties/124a29495a0a91c2eec59f30ba2296c9_images.jpg
17727,Reid & Taylor Men Stripes Navy Blue Shirt,Reid & Taylor,Men,Apparel,Topwear,Shirts,Blue,Casual,Fall,2011.0,http://assets.myntassets.com/v1/images/style/properties/55c1b0fa5605bbf92ce3f1c838704445_images.jpg
17729,Reid & Taylor Men Check Grey Shirt,Reid & Taylor,Men,Apparel,Topwear,Shirts,Grey,Casual,Fall,2011.0,http://assets.myntassets.com/v1/images/style/properties/f0671d2b6aba5bea708b122c36e99d16_images.jpg
17730,Puma Men Black Unlimited Hi Evo Lux Sneakers,Puma,Men,Footwear,Shoes,Casual Shoes,Black,Casual,Fall,2011.0,http://assets.myntassets.com/v1/images/style/properties/Puma-Men-Unlimited-Hi-Evo-Lux-Black-Casual-Shoe_690d91b3a032dc0161a88d0e8712233e_images.jpg
17731,Puma Men 3.0 Mid Black Sports Shoe,Puma,Men,Footwear,Shoes,Sports Shoes,Black,Sports,Fall,2011.0,http://assets.myntassets.com/v1/images/style/properties/60d22abb95b30e377d74c644f8c1cfb3_images.jpg
17732,Puma Men Fox Mid Brown Sports Shoe,Puma,Men,Footwear,Shoes,Sports Shoes,Brown,Sports,Fall,2011.0,http://assets.myntassets.com/v1/images/style/properties/d20b185c7ee79243b24953b5525f5ce9_images.jpg
17733,Puma Men MM III Navy Blue Slipper,Puma,Men,Footwear,Sandal,Sandals,Navy Blue,Casual,Summer,2012.0,http://assets.myntassets.com/v1/images/style/properties/70b388f00660237eda7c54651d179ca7_images.jpg
17734,Puma Men Miami III Black Slipper,Puma,Men,Footwear,Flip Flops,Flip Flops,Black,Casual,Summer,2012.0,http://assets.myntassets.com/v1/images/style/properties/4735be8cad08cc2f6d1ee1f13bf6d342_images.jpg
17738,Puma Men Voltaic WP Black Sports Shoe,Puma,Men,Footwear,Shoes,Sports Shoes,Black,Sports,Fall,2011.0,http://assets.myntassets.com/v1/images/style/properties/39bea338d701c875a61fbbca3e10e074_images.jpg
17740,Puma Men Bolt Fass Yellow Sports Shoes,Puma,Men,Footwear,Shoes,Sports Shoes,Yellow,Sports,Fall,2011.0,http://assets.myntassets.com/v1/images/style/properties/3fd8655407718ca71589530d05274b63_images.jpg
17743,Puma Men Bolt Fass Blue Sports Shoe,Puma,Men,Footwear,Shoes,Sports Shoes,Blue,Sports,Fall,2011.0,http://assets.myntassets.com/v1/images/style/properties/9ea8fcb7db938dfd8c24ac11195477cb_images.jpg
17745,Puma Men Voltaic WP White Sports Shoe,Puma,Men,Footwear,Shoes,Sports Shoes,White,Sports,Fall,2011.0,http://assets.myntassets.com/v1/images/style/properties/a343ce886129988bf5243e0807630b1c_images.jpg
17746,Puma Men Excitmo I FG White Sports Shoe,Puma,Men,Footwear,Shoes,Sports Shoes,White,Sports,Fall,2011.0,http://assets.myntassets.com/v1/images/style/properties/096f83d129a47dd53a6795385d2397b4_images.jpg
17747,Puma Men Track Cat Black Casual Shoe,Puma,Men,Footwear,Shoes,Casual Shoes,Black,Casual,Fall,2011.0,http://assets.myntassets.com/v1/images/style/properties/ab6525389522ec8cb965d55d094a345d_images.jpg
17750,Highlander Men Stripes Navy Blue Shirt,HIGHLANDER,Men,Apparel,Topwear,Shirts,Navy Blue,Casual,Fall,2011.0,http://assets.myntassets.com/v1/images/style/properties/75997352962711006b4a7c9c744c317d_images.jpg
17751,Highlander Men Stripes Navy Blue Shirt,HIGHLANDER,Men,Apparel,Topwear,Shirts,Navy Blue,Casual,Fall,2011.0,http://assets.myntassets.com/v1/images/style/properties/6e03fb7365a228ef94e46ac09d25d1c8_images.jpg
17752,Highlander Men Check Blue Shirt,HIGHLANDER,Men,Apparel,Topwear,Shirts,Blue,Casual,Fall,2011.0,http://assets.myntassets.com/v1/images/style/properties/4cb0469b8f77a0ad094e1205e8a62351_images.jpg
17753,Highlander Men Check Green Shirt,HIGHLANDER,Men,Apparel,Topwear,Shirts,Green,Casual,Fall,2011.0,http://assets.myntassets.com/v1/images/style/properties/1c3c8520246daf327668dd2e2eba0344_images.jpg
17754,Highlander Men Check Purple Shirt,HIGHLANDER,Men,Apparel,Topwear,Shirts,Purple,Casual,Fall,2011.0,http://assets.myntassets.com/v1/images/style/properties/1af0e71a2fac42f765e9009820cf1c11_images.jpg
17755,Highlander Men Check Blue Shirt,HIGHLANDER,Men,Apparel,Topwear,Shirts,Blue,Casual,Fall,2011.0,http://assets.myntassets.com/v1/images/style/properties/a6585dd093a0ae83a5cde928e00b2843_images.jpg
17756,Buckaroo Men Meztli Brown Casual Shoe,Buckaroo,Men,Footwear,Shoes,Casual Shoes,Brown,Casual,Winter,2012.0,http://assets.myntassets.com/v1/images/style/properties/35ebd6a74a5f1b1056df9861ec41a9f5_images.jpg
17757,Buckaroo Men New Gemma Brown Casual Shoe,Buckaroo,Men,Footwear,Shoes,Casual Shoes,Brown,Casual,Winter,2012.0,http://assets.myntassets.com/v1/images/style/properties/bd09c374ad4aad53f5eacb28f3ce1c6d_images.jpg
17758,Buckaroo Men New Gemma Tan Casual Shoe,Buckaroo,Men,Footwear,Shoes,Casual Shoes,Tan,Casual,Winter,2012.0,http://assets.myntassets.com/v1/images/style/properties/b0fa8179d523689f85d0819171e8cfb3_images.jpg
17759,Buckaroo Men Rey charcoal Casual Shoe,Buckaroo,Men,Footwear,Shoes,Casual Shoes,Charcoal,Casual,Winter,2011.0,http://assets.myntassets.com/v1/images/style/properties/87920625f562fe5a7c9bc300a42dc307_images.jpg
17760,Buckaroo Men New Pampa Black Formal Shoe,Buckaroo,Men,Footwear,Shoes,Formal Shoes,Black,Formal,Winter,2011.0,http://assets.myntassets.com/v1/images/style/properties/b26591e1e9a6ccb545c5676fabc79348_images.jpg
17761,Buckaroo Men Ortiz Brown Semi Formal Shoe,Buckaroo,Men,Footwear,Shoes,Formal Shoes,Brown,Formal,Winter,2011.0,http://assets.myntassets.com/v1/images/style/properties/7fd1da5ee93e8d03dc58a863ab1a92f4_images.jpg
17762,Buckaroo Men Ortiz Black Formal Shoe,Buckaroo,Men,Footwear,Shoes,Formal Shoes,Black,Formal,Winter,2011.0,http://assets.myntassets.com/v1/images/style/properties/e1564f281cc9e5ea229ec176cf98d5b1_images.jpg
17763,Buckaroo Men Tos Black Formal Shoe,Buckaroo,Men,Footwear,Shoes,Formal Shoes,Black,Formal,Winter,2011.0,http://assets.myntassets.com/v1/images/style/properties/87e9fb93aff5dcee9ccdaf1a09845320_images.jpg
17764,Buckaroo Men Nieves Black Formal Shoe,Buckaroo,Men,Footwear,Shoes,Formal Shoes,Black,Formal,Winter,2011.0,http://assets.myntassets.com/v1/images/style/properties/203fbde7ebb9a21fb37fe470402dde5f_images.jpg
17765,Buckaroo Men Nieves Brown Formal Shoe,Buckaroo,Men,Footwear,Shoes,Formal Shoes,Brown,Formal,Winter,2011.0,http://assets.myntassets.com/v1/images/style/properties/70dea74bb6c35ba9db90bce42d0a6dca_images.jpg
17766,Buckaroo Jefe Men Olive Casual Shoes,Buckaroo,Men,Footwear,Shoes,Casual Shoes,Olive,Casual,Winter,2012.0,http://assets.myntassets.com/v1/images/style/properties/Buckaroo-Men-Jefe-Olive-Casual-Shoe_b78219dca33977aeb609f1f2ab9a20af_images.jpg
17767,Buckaroo Men Nuevo Black Casual Shoe,Buckaroo,Men,Footwear,Shoes,Casual Shoes,Black,Casual,Winter,2011.0,http://assets.myntassets.com/v1/images/style/properties/fe3ec2c93aec7809977833f1316def4e_images.jpg
17768,Buckaroo Men New Amanda Brown Casual Shoe,Buckaroo,Men,Footwear,Shoes,Casual Shoes,Brown,Casual,Winter,2012.0,http://assets.myntassets.com/v1/images/style/properties/7bce067dcdb4dd56dc7e4a47cdb17149_images.jpg
17769,Buckaroo Men Meztli Brown Casual Shoe,Buckaroo,Men,Footwear,Shoes,Casual Shoes,Brown,Casual,Winter,2012.0,http://assets.myntassets.com/v1/images/style/properties/502f572981c57438a160fc84c2910e53_images.jpg
17770,Buckaroo Men Vez Brown Sandal,Buckaroo,Men,Footwear,Sandal,Sandals,Brown,Casual,Winter,2011.0,http://assets.myntassets.com/v1/images/style/properties/6406633f5e417b00fba7d1385a3ac6cb_images.jpg
17771,Reid & Taylor Men Classic Brown Belt,Reid & Taylor,Men,Accessories,Belts,Belts,Brown,Formal,Fall,2011.0,http://assets.myntassets.com/v1/images/style/properties/0b9e4458fb34f98cd9f727b77ba35991_images.jpg
17772,Reid & Taylor Men Classic Black Belt,Reid & Taylor,Men,Accessories,Belts,Belts,Brown,Formal,Fall,2011.0,http://assets.myntassets.com/v1/images/style/properties/a56dab1fe6474f0c70c254f1c8b825c3_images.jpg
17773,Reid & Taylor Men Brown Belt,Reid & Taylor,Men,Accessories,Belts,Belts,Brown,Formal,Fall,2011.0,http://assets.myntassets.com/v1/images/style/properties/Reid---Taylor-Men-Brown-Belt_7c1e199c50aaa6c95565d15dbf03d70e_images.jpg
17774,Reid & Taylor Men Classic Black Belt,Reid & Taylor,Men,Accessories,Belts,Belts,Black,Formal,Fall,2011.0,http://assets.myntassets.com/v1/images/style/properties/a2d76c0e1c9db1f516bf25964b62d918_images.jpg
17775,Reid & Taylor Men Classic Black Belt,Reid & Taylor,Men,Accessories,Belts,Belts,Brown,Formal,Fall,2011.0,http://assets.myntassets.com/v1/images/style/properties/d91ce4b5102a712a612d094d84fe1cf4_images.jpg
17777,Reid & Taylor Men Classic Black Belt,Reid & Taylor,Men,Accessories,Belts,Belts,Black,Formal,Fall,2011.0,http://assets.myntassets.com/v1/images/style/properties/2736a537412d8bb834d77125f169dd1a_images.jpg
17778,Reid & Taylor Men Classic Black Belt,Reid & Taylor,Men,Accessories,Belts,Belts,Black,Formal,Fall,2011.0,http://assets.myntassets.com/v1/images/style/properties/81f4cce5d0c63f6a6b581a7efab5c880_images.jpg
17779,Reid & Taylor Men Olive Belt,Reid & Taylor,Men,Accessories,Belts,Belts,Olive,Formal,Fall,2011.0,http://assets.myntassets.com/v1/images/style/properties/Reid---Taylor-Men-Classic-Brown-Belt_f5c1278bd2b299acbf14065fc593e750_images.jpg
17780,Reid & Taylor Men Stripes Navy Blue Tie,Reid & Taylor,Men,Accessories,Ties,Ties,Navy Blue,Formal,Fall,2011.0,http://assets.myntassets.com/v1/images/style/properties/8143a97937450f5f4f7ccde42b8bf300_images.jpg
17781,Reid & Taylor Men Stripes Brown Tie,Reid & Taylor,Men,Accessories,Ties,Ties,Brown,Formal,Fall,2011.0,http://assets.myntassets.com/v1/images/style/properties/Reid---Taylor-Men-Stripes-Brown-Tie15e1955ac27f365416dff5c2e424b9d2_images.jpg
17782,Reid & Taylor Men Stripes Yellow Tie,Reid & Taylor,Men,Accessories,Ties,Ties,Yellow,Formal,Fall,2011.0,http://assets.myntassets.com/v1/images/style/properties/bf69725dd708553763a22f2c3a9bba30_images.jpg
17783,Reid & Taylor Men Stripes Blue Tie,Reid & Taylor,Men,Accessories,Ties,Ties,Blue,Formal,Fall,2011.0,http://assets.myntassets.com/v1/images/style/properties/c2ecdbb653eba7c1eb0296b8963982d7_images.jpg
17784,Reid & Taylor Men Printed Brown Tie,Reid & Taylor,Men,Accessories,Ties,Ties,Brown,Formal,Fall,2011.0,http://assets.myntassets.com/v1/images/style/properties/Reid---Taylor-Men-Printed-Brown-Tie9614ed8dbb3f42e0c4e22039f51d2714_images.jpg
17785,Reid & Taylor Men Solid Brown Socks,Reid & Taylor,Men,Accessories,Socks,Socks,Brown,Casual,Summer,2016.0,http://assets.myntassets.com/v1/images/style/properties/25c64e79207293b8be2184d30e76924a_images.jpg
17786,Reid & Taylor Men Solid Grey Socks,Reid & Taylor,Men,Accessories,Socks,Socks,Grey,Casual,Summer,2016.0,http://assets.myntassets.com/v1/images/style/properties/c33585aea807fe1155462ebbd49466a2_images.jpg
17787,Reid & Taylor Men Solid Grey Socks,Reid & Taylor,Men,Accessories,Socks,Socks,Grey,Casual,Summer,2016.0,http://assets.myntassets.com/v1/images/style/properties/4551ad094117195f722d90fc9f001726_images.jpg
17788,Reid & Taylor Men Stripes Black Socks,Reid & Taylor,Men,Accessories,Socks,Socks,Black,Casual,Summer,2016.0,http://assets.myntassets.com/v1/images/style/properties/102ca37dcab6c711c23f385af0e5f2fc_images.jpg
17789,Reid & Taylor Men Solid Olive Socks,Reid & Taylor,Men,Accessories,Socks,Socks,Olive,Casual,Summer,2016.0,http://assets.myntassets.com/v1/images/style/properties/3b8a8ae3aa3181109e19aeae629eb91c_images.jpg
17790,Reid & Taylor Men Solid Cream Socks,Reid & Taylor,Men,Accessories,Socks,Socks,Cream,Casual,Summer,2016.0,http://assets.myntassets.com/v1/images/style/properties/8e65f9ec1cdacf2fa1db99e665e0ae23_images.jpg
17791,Reid & Taylor Men Solid Black Socks,Reid & Taylor,Men,Accessories,Socks,Socks,Black,Casual,Summer,2016.0,http://assets.myntassets.com/v1/images/style/properties/fb6883ae5f339e7f2839da3bbbd66c84_images.jpg
17792,Reid & Taylor Men Solid Grey Socks,Reid & Taylor,Men,Accessories,Socks,Socks,Grey,Casual,Summer,2016.0,http://assets.myntassets.com/v1/images/style/properties/74d332968e9b43a0e2c8e40f86e75db4_images.jpg
17793,Reid & Taylor Men Solid Brown Socks,Reid & Taylor,Men,Accessories,Socks,Socks,Brown,Casual,Summer,2016.0,http://assets.myntassets.com/v1/images/style/properties/53f71e70ed546e67ace4877ebb1c0cda_images.jpg
17794,Reid & Taylor Men Stripes Brown Socks,Reid & Taylor,Men,Accessories,Socks,Socks,Brown,Casual,Summer,2016.0,http://assets.myntassets.com/v1/images/style/properties/03427f2a8c1f2078e2d82101a04fb08f_images.jpg
17795,Puma Men Jive Navy Blue Slippers,Puma,Men,Footwear,Flip Flops,Flip Flops,Navy Blue,Casual,Fall,2011.0,http://assets.myntassets.com/v1/images/style/properties/beff7691ff42e7677fd00317f83c1b9e_images.jpg
17796,Chhota Bheem Kids Boy I Like to be Naughty Green Tshirt,Chhota Bheem,Men,Apparel,Topwear,Tshirts,Green,Casual,Fall,2011.0,http://assets.myntassets.com/v1/images/style/properties/08783797393ef0db2b65f9e3140a422c_images.jpg
17797,Chhota Bheem Kids Boy Laddoo Feast Turquoise Tshirt,Chhota Bheem,Men,Apparel,Topwear,Tshirts,Blue,Casual,Fall,2011.0,http://assets.myntassets.com/v1/images/style/properties/81e02a24cf381bd47ae3dcb775002c3b_images.jpg
17798,Chhota Bheem Kids Boy Men Journey to Petra Orange Tshirt,Chhota Bheem,Men,Apparel,Topwear,Tshirts,Orange,Casual,Fall,2011.0,http://assets.myntassets.com/v1/images/style/properties/e480a974a591f6fd050e5ab5b87ebfab_images.jpg
17799,Chhota Bheem Kids Boy Men Journey to Petra Orange Tshirt,Chhota Bheem,Men,Apparel,Topwear,Tshirts,Orange,Casual,Fall,2011.0,http://assets.myntassets.com/v1/images/style/properties/cb54e8d83dc7df0e7144a69acc8ced46_images.jpg
17801,Chhota Bheem Kids Boy Power Punch White Tshirt,Chhota Bheem,Men,Apparel,Topwear,Tshirts,White,Casual,Fall,2011.0,http://assets.myntassets.com/v1/images/style/properties/295b26d9ff6eb325d005051227687534_images.jpg
17805,Chhota Bheem Kids Boy Dholakpur Meri Jaan Blue Tshirt,Chhota Bheem,Men,Apparel,Topwear,Tshirts,Blue,Casual,Fall,2011.0,http://assets.myntassets.com/v1/images/style/properties/91a16b98f70b6a5905fb1ef9456086b4_images.jpg
17809,Chhota Bheem Kids Boy Chhota Bheem and Krishna Multi Tshirt,Chhota Bheem,Men,Apparel,Topwear,Tshirts,Multi,Casual,Fall,2011.0,http://assets.myntassets.com/v1/images/style/properties/d96704b886fc4809178bedcb49ecfeaa_images.jpg
17810,Chhota Bheem Kids Boy Chhota Bheem and Krishna Multi Tshirt,Chhota Bheem,Men,Apparel,Topwear,Tshirts,Multi,Casual,Fall,2011.0,http://assets.myntassets.com/v1/images/style/properties/9858787db8c41bebfd80eaf9a9798722_images.jpg
17811,Chhota Bheem Kids Boy Krishna Balram Multi Tshirt,Chhota Bheem,Men,Apparel,Topwear,Tshirts,Multi,Casual,Fall,2011.0,http://assets.myntassets.com/v1/images/style/properties/7169a9feba4a7f0f3f7ecdab05cfd091_images.jpg
17812,Chhota Bheem Kids Boy Krishna Balram Multi Tshirt,Chhota Bheem,Men,Apparel,Topwear,Tshirts,Multi,Casual,Fall,2011.0,http://assets.myntassets.com/v1/images/style/properties/9401260bc6f1da314ef28e5502ecab8c_images.jpg
17813,Lee Cooper Men  Brown Casual Shoe,Lee Cooper,Men,Footwear,Shoes,Casual Shoes,Brown,Casual,Fall,2011.0,http://assets.myntassets.com/v1/images/style/properties/489abfd6cc785c67b99041f7217d33c9_images.jpg
17814,Lee Cooper Men  Black Casual Shoe,Lee Cooper,Men,Footwear,Shoes,Casual Shoes,Black,Casual,Fall,2011.0,http://assets.myntassets.com/v1/images/style/properties/66378e03115ef568fb9c485f5314738f_images.jpg
17815,Lee Cooper Men  Black Sandal,Lee Cooper,Men,Footwear,Sandal,Sandals,Black,Casual,Fall,2011.0,http://assets.myntassets.com/v1/images/style/properties/b0303cf0af683b9e314c2046d9b29325_images.jpg
17816,Lee Cooper Men  Brown Sandal,Lee Cooper,Men,Footwear,Sandal,Sandals,Brown,Casual,Fall,2011.0,http://assets.myntassets.com/v1/images/style/properties/35603b8168a611a25252a693924c7916_images.jpg
17817,Lee Cooper Men  Black Sandal,Lee Cooper,Men,Footwear,Sandal,Sandals,Black,Casual,Fall,2011.0,http://assets.myntassets.com/v1/images/style/properties/dc52b46deeb447a96351050271e1968d_images.jpg
17818,Lee Cooper Men  Brown Casual Shoe,Lee Cooper,Men,Footwear,Shoes,Casual Shoes,Brown,Casual,Spring,2012.0,http://assets.myntassets.com/v1/images/style/properties/7a766475a798a004a5c2bc75e155940d_images.jpg
17819,Lee Cooper Men  Black Formal Shoe,Lee Cooper,Men,Footwear,Shoes,Formal Shoes,Black,Formal,Fall,2011.0,http://assets.myntassets.com/v1/images/style/properties/12345118e249c43785297dfc226f242a_images.jpg
1782,Kalenji Men's Kapteren Black Shoe,Decathlon,Men,Footwear,Shoes,Sports Shoes,Black,Sports,Fall,2010.0,http://assets.myntassets.com/v1/images/style/properties/ae8c7191c026437aa3d3eb1627a111f8_images.jpg
17820,Lee Cooper Men  Brown Sandal,Lee Cooper,Men,Footwear,Sandal,Sandals,Brown,Casual,Fall,2011.0,http://assets.myntassets.com/v1/images/style/properties/972f152feaeb355ab46b606f256b5cb4_images.jpg
17821,Lee Cooper Men  Black Casual Shoe,Lee Cooper,Men,Footwear,Shoes,Casual Shoes,Black,Casual,Fall,2011.0,http://assets.myntassets.com/v1/images/style/properties/e7f8d312217beb076b49eff5ba2e440a_images.jpg
17822,Lee Cooper Men  Black Formal Shoe,Lee Cooper,Men,Footwear,Shoes,Formal Shoes,Black,Formal,Fall,2011.0,http://assets.myntassets.com/v1/images/style/properties/a1c9a53125108ea6f659900cfdfe47c5_images.jpg
17823,Nike Men  Court Majestic White Casual Shoe,Nike,Men,Footwear,Shoes,Casual Shoes,White,Casual,Fall,2011.0,http://assets.myntassets.com/v1/images/style/properties/36886df8953c40042cc2e47b380dad55_images.jpg
17827,Nike Men Air Force 1 '07 White Casual Shoe,Nike,Men,Footwear,Shoes,Casual Shoes,White,Casual,Fall,2011.0,http://assets.myntassets.com/v1/images/style/properties/7c25b9c0b52b86ec24344b5debbd80ff_images.jpg
17828,Nike Men Air Max 1 White Casual Shoe,Nike,Men,Footwear,Shoes,Casual Shoes,White,Casual,Fall,2011.0,http://assets.myntassets.com/v1/images/style/properties/13689e64da4dae6df611cad63beddbbd_images.jpg
17829,Nike Men Dual Fusion ST 2 White Sports Shoe,Nike,Men,Footwear,Shoes,Sports Shoes,White,Sports,Fall,2011.0,http://assets.myntassets.com/v1/images/style/properties/d7773718d15efbcdeca89c5581004cd5_images.jpg
1783,Quechua Men Grey Sandal,Quechua,Men,Footwear,Sandal,Sandals,Grey,Sports,Spring,2011.0,http://assets.myntassets.com/v1/images/style/properties/154a2f3e233a7d9a40f336b364d1c0b6_images.jpg
17830,Nike Men Air Max Ultra Black Sports Shoe,Nike,Men,Footwear,Shoes,Sports Shoes,Black,Sports,Fall,2011.0,http://assets.myntassets.com/v1/images/style/properties/fb8ebefb06a8714c89959a14b95fc563_images.jpg
17831,Nike Men Air Max 1 Black Casual Shoe,Nike,Men,Footwear,Shoes,Casual Shoes,Black,Casual,Fall,2011.0,http://assets.myntassets.com/v1/images/style/properties/bc5a810eb1caf91ee0c3d1547e8ade83_images.jpg
17832,Nike Men Dunk High Navy Blue Casual Shoe,Nike,Men,Footwear,Shoes,Casual Shoes,Navy Blue,Casual,Fall,2011.0,http://assets.myntassets.com/v1/images/style/properties/3173c7b2e3eaa0bb248eeaeb68abc964_images.jpg
17833,Nike Men Black Air Endurance Sports Shoes,Nike,Men,Footwear,Shoes,Sports Shoes,Black,Sports,Winter,2015.0,http://assets.myntassets.com/v1/images/style/properties/Nike-Men-Sports-Shoes_7cd3386ce4930185cb3a6c7e35624436_images.jpg
17834,Nike Men Air Max Run Lite+ Grey Sports Shoe,Nike,Men,Footwear,Shoes,Sports Shoes,Grey,Sports,Fall,2011.0,http://assets.myntassets.com/v1/images/style/properties/60d6ba749eeaf97e1d17e7b9abe88e00_images.jpg
17839,Nike Men Air Impel Leather White Sports Shoe,Nike,Men,Footwear,Shoes,Sports Shoes,White,Sports,Fall,2011.0,http://assets.myntassets.com/v1/images/style/properties/f758a85204eefa94fe7fd35a6a5de279_images.jpg
1784,Lotto Men's Melbourne White-Red Shoe,Lotto,Men,Footwear,Shoes,Sports Shoes,White,Sports,Fall,2010.0,http://assets.myntassets.com/v1/images/style/properties/0d2841abb8147b0447945d30f0cb50ad_images.jpg
17840,Nike Men Air Quick Handle Red Sports Shoe,Nike,Men,Footwear,Shoes,Sports Shoes,Red,Sports,Fall,2011.0,http://assets.myntassets.com/v1/images/style/properties/c481346a8ed1ce44ec54b459af7de08a_images.jpg
17843,Nike Men Legend White Casual Shoe,Nike,Men,Footwear,Shoes,Casual Shoes,White,Casual,Fall,2011.0,http://assets.myntassets.com/v1/images/style/properties/ec389bff499da43509c1188fa44ef12b_images.jpg
17844,Nike Men Air Compel White Sports Shoe,Nike,Men,Footwear,Shoes,Sports Shoes,White,Sports,Fall,2011.0,http://assets.myntassets.com/v1/images/style/properties/af5068b7d19a6e2b0c96c717f170171b_images.jpg
17845,Nike Men T90 Shoot I\/ HG-B White Sports Shoe,Nike,Men,Footwear,Shoes,Sports Shoes,White,Sports,Fall,2011.0,http://assets.myntassets.com/v1/images/style/properties/94e4145eec6b3be73043366a9daeb826_images.jpg
17846,Nike Men Supergame Black Sports Shoe,Nike,Men,Footwear,Shoes,Sports Shoes,Black,Sports,Fall,2011.0,http://assets.myntassets.com/v1/images/style/properties/897336e710167034f7e9066114bbb79c_images.jpg
17847,Nike Men Air Impetus II White Sports Shoe,Nike,Men,Footwear,Shoes,Sports Shoes,White,Sports,Summer,2012.0,http://assets.myntassets.com/v1/images/style/properties/d30175afac8812e0b52c4fb7cc8aa0ee_images.jpg
1785,Lotto Men Brighton White-Blue Shoe,Lotto,Men,Footwear,Shoes,Sports Shoes,White,Sports,Fall,2010.0,http://assets.myntassets.com/v1/images/style/properties/402bcddf8ef924cb0d95edde98def6c5_images.jpg
17853,Levis Men Boxer Grey Brief,Levis,Men,Apparel,Innerwear,Briefs,Grey,Casual,Summer,2016.0,http://assets.myntassets.com/v1/images/style/properties/f988cf9129a1974a033ab357bf953144_images.jpg
17854,Levis Men Boxer Green Brief,Levis,Men,Apparel,Innerwear,Briefs,Green,Casual,Summer,2016.0,http://assets.myntassets.com/v1/images/style/properties/8badfa628e03be09ef1dc88bfdf44c0d_images.jpg
17855,Levis Men Boxer Navy Blue Brief,Levis,Men,Apparel,Innerwear,Briefs,Navy Blue,Casual,Summer,2016.0,http://assets.myntassets.com/v1/images/style/properties/7b092bc8d437a4a09069f16b7fe12c36_images.jpg
17856,Levis Men Boxer Navy Blue Brief,Levis,Men,Apparel,Innerwear,Briefs,Navy Blue,Casual,Summer,2016.0,http://assets.myntassets.com/v1/images/style/properties/becf930fbb9f579f1c0c458f623630db_images.jpg
17857,Levis Men Boxer Grey Trunks,Levis,Men,Apparel,Innerwear,Trunk,Grey,Casual,Summer,2016.0,http://assets.myntassets.com/v1/images/style/properties/30a6330e23275f31ed236b33b44bfe32_images.jpg
17858,Levis Men Boxer Maroon Trunks,Levis,Men,Apparel,Innerwear,Trunk,Maroon,Casual,Summer,2016.0,http://assets.myntassets.com/v1/images/style/properties/a938151bc3224c3942dd78276aadcdab_images.jpg
17859,Levis Men Boxer Black Trunks,Levis,Men,Apparel,Innerwear,Trunk,Black,Casual,Summer,2016.0,http://assets.myntassets.com/v1/images/style/properties/0aea073aa0ac717b7eab61cc1b1b417d_images.jpg
1786,Lotto Men's Court Logo White Shoe,Lotto,Men,Footwear,Shoes,Sports Shoes,White,Sports,Fall,2010.0,http://assets.myntassets.com/v1/images/style/properties/b0825063c44f311be3ab28cc80809a48_images.jpg
17860,Levis Men Boxer Green Trunks,Levis,Men,Apparel,Innerwear,Trunk,Green,Casual,Summer,2016.0,http://assets.myntassets.com/v1/images/style/properties/465f417b28f26199a469553189c073f2_images.jpg
17861,Levis Men Boxer Navy Blue Trunks,Levis,Men,Apparel,Innerwear,Trunk,Navy Blue,Casual,Summer,2016.0,http://assets.myntassets.com/v1/images/style/properties/a2fbb4ff353dbcf03488da42e0c8bcd0_images.jpg
17862,Levis Men Boxer Navy Blue Trunks,Levis,Men,Apparel,Innerwear,Trunk,Navy Blue,Casual,Summer,2016.0,http://assets.myntassets.com/v1/images/style/properties/c862ae803df1e811e678e4b81000d11f_images.jpg
17863,Levis Men Maroon Brief,Levis,Men,Apparel,Innerwear,Briefs,Maroon,Casual,Summer,2016.0,http://assets.myntassets.com/v1/images/style/properties/Levis-Men-Maroon-Brief_4a1bc84402bc4863d5024334e961da91_images.jpg
17864,Levis Men Boxer Black Brief,Levis,Men,Apparel,Innerwear,Briefs,Black,Casual,Summer,2016.0,http://assets.myntassets.com/v1/images/style/properties/0510a1d731c446d8c40c7be5a9a359bf_images.jpg
17865,Levis Men Boxer Green Brief,Levis,Men,Apparel,Innerwear,Briefs,Green,Casual,Summer,2016.0,http://assets.myntassets.com/v1/images/style/properties/0436074baefbe31010808c83e5bef7a4_images.jpg
17866,Levis Men Boxer Navy Blue Brief,Levis,Men,Apparel,Innerwear,Briefs,Navy Blue,Casual,Summer,2016.0,http://assets.myntassets.com/v1/images/style/properties/4154fb109917cfb0814a5dc9ff7f04ad_images.jpg
17868,Levis Men Boxer Navy Blue Brief,Levis,Men,Apparel,Innerwear,Briefs,Navy Blue,Casual,Summer,2016.0,http://assets.myntassets.com/v1/images/style/properties/28a43921ba2ec820ac8567d8e88687ee_images.jpg
17869,Levis Men Boxer Grey Brief,Levis,Men,Apparel,Innerwear,Briefs,Grey,Casual,Summer,2016.0,http://assets.myntassets.com/v1/images/style/properties/d136c488308bc5aec19e1e57f1bfe573_images.jpg
1787,Lotto Men Court Logo White-Silver Shoe,Lotto,Men,Footwear,Shoes,Sports Shoes,White,Sports,Fall,2010.0,http://assets.myntassets.com/v1/images/style/properties/e57147ef28336ef367569a98fb2ec3da_images.jpg
17870,Levis Men Boxer Black Brief,Levis,Men,Apparel,Innerwear,Briefs,Black,Casual,Summer,2016.0,http://assets.myntassets.com/v1/images/style/properties/63e0e63953a7c810fe7c975fe9974cd3_images.jpg
17871,Levis Men Boxer Maroon Brief,Levis,Men,Apparel,Innerwear,Briefs,Maroon,Casual,Winter,2016.0,http://assets.myntassets.com/v1/images/style/properties/155353efc674d253e30c213ca07bbb0b_images.jpg
17873,Levis Men Comfort Style Navy Blue Innerwear Vest,Levis,Men,Apparel,Innerwear,Innerwear Vests,Navy Blue,Casual,Summer,2016.0,http://assets.myntassets.com/v1/images/style/properties/7b591de74f874762e79cf0e90abdb259_images.jpg
17874,Levis Men Comfort Style White Innerwear Vest,Levis,Men,Apparel,Innerwear,Innerwear Vests,White,Casual,Summer,2016.0,http://assets.myntassets.com/v1/images/style/properties/b59131089548f84a3ef6a6e1ad2edaf2_images.jpg
17875,Levis Men Comfort Style Black Innerwear Vest,Levis,Men,Apparel,Innerwear,Innerwear Vests,Black,Casual,Summer,2016.0,http://assets.myntassets.com/v1/images/style/properties/f0eb06050edcd523d7c6287da6850f99_images.jpg
17876,Levis Men Comfort Style Grey Innerwear Vest,Levis,Men,Apparel,Innerwear,Innerwear Vests,Grey,Casual,Summer,2016.0,http://assets.myntassets.com/v1/images/style/properties/6ad5930365254d23fcfd8aaabe39d7fd_images.jpg
17877,Levisi Men Comfort Style Beige Innerwear Vest,Levis,Men,Apparel,Innerwear,Innerwear Vests,Beige,Casual,Summer,2016.0,http://assets.myntassets.com/v1/images/style/properties/8cbaa79f065178a9631e7090ce29e299_images.jpg
17878,Levis Men Comfort Style Maroon Innerwear Vest,Levis,Men,Apparel,Innerwear,Innerwear Vests,Maroon,Casual,Summer,2016.0,http://assets.myntassets.com/v1/images/style/properties/4abd6c6968760e525aa70fb474af2056_images.jpg
17879,Levis Men Comfort Style Green Innerwear Vest,Levis,Men,Apparel,Innerwear,Innerwear Vests,Green,Casual,Summer,2016.0,http://assets.myntassets.com/v1/images/style/properties/96022b5c49207ee8a8b89a57834b0416_images.jpg
1788,Lotto Men's Court-White-Blue Shoe,Lotto,Men,Footwear,Shoes,Sports Shoes,White,Sports,Fall,2010.0,http://assets.myntassets.com/v1/images/style/properties/224707d646cbe90605105b4ee9e36b38_images.jpg
17880,Levis Men Comfort Style Grey Innerwear Vest,Levis,Men,Apparel,Innerwear,Innerwear Vests,Grey,Casual,Summer,2016.0,http://assets.myntassets.com/v1/images/style/properties/e48eefda4e74e2ade427f28d40c0516d_images.jpg
17881,Levis Men Comfort Style Black Innerwear Vest,Levis,Men,Apparel,Innerwear,Innerwear Vests,Black,Casual,Summer,2016.0,http://assets.myntassets.com/v1/images/style/properties/b16c4979f1c468bb08ce2b1942523ec9_images.jpg
17882,Levis Men Comfort Style White Innerwear Vest,Levis,Men,Apparel,Innerwear,Innerwear Vests,White,Casual,Summer,2016.0,http://assets.myntassets.com/v1/images/style/properties/1f3bf985f8d74b38a6606f020ea03146_images.jpg
17883,Levis Men Comfort Style Navy Blue Innerwear Vest,Levis,Men,Apparel,Innerwear,Innerwear Vests,Navy Blue,Casual,Summer,2016.0,http://assets.myntassets.com/v1/images/style/properties/cf3fd2271253307a42ce41919d6ae2ac_images.jpg
17885,Levis Men Comfort Style Grey Innerwear Vest,Levis,Men,Apparel,Innerwear,Innerwear Vests,Grey,Casual,Summer,2016.0,http://assets.myntassets.com/v1/images/style/properties/c5c095c0e09eb200aa8d57457c53ec07_images.jpg
17886,Levis Men Comfort Style White Innerwear Vest,Levis,Men,Apparel,Innerwear,Innerwear Vests,White,Casual,Summer,2016.0,http://assets.myntassets.com/v1/images/style/properties/fef4cfa5dfd640d658ce5a6d8c0fdbea_images.jpg
17887,Levis Men Comfort Style Grey Innerwear Vest,Levis,Men,Apparel,Innerwear,Innerwear Vests,Grey,Casual,Summer,2016.0,http://assets.myntassets.com/v1/images/style/properties/431f7fb56cd8bb4338ef71973656bea7_images.jpg
17888,Levis Men Cruiser Green Innerwear Vest,Levis,Men,Apparel,Innerwear,Innerwear Vests,Green,Casual,Summer,2016.0,http://assets.myntassets.com/v1/images/style/properties/b2a3b585f595b4fe614518b6bb7f5649_images.jpg
17889,Levis Men Cruiser Red Innerwear Vest,Levis,Men,Apparel,Innerwear,Innerwear Vests,Red,Casual,Summer,2016.0,http://assets.myntassets.com/v1/images/style/properties/2961cb5b6c7e0521a1aa477a112f94e1_images.jpg
1789,Lotto Men OSLO Grey-Orange Shoe,Lotto,Men,Footwear,Shoes,Sports Shoes,Orange,Sports,Fall,2010.0,http://assets.myntassets.com/v1/images/style/properties/3aac27dcdfae46d959b8a4a0bbc30919_images.jpg
17890,Levis Men Cruiser Maroon Innerwear Vest,Levis,Men,Apparel,Innerwear,Innerwear Vests,Maroon,Casual,Summer,2016.0,http://assets.myntassets.com/v1/images/style/properties/b5e9151c1f1389060ffc9e001dc08117_images.jpg
17891,Levis Men Cruiser Navy Blue Innerwear Vest,Levis,Men,Apparel,Innerwear,Innerwear Vests,Navy Blue,Casual,Summer,2016.0,http://assets.myntassets.com/v1/images/style/properties/f4fcd8618a0ac1bfe093042834ab4c92_images.jpg
17893,Levis Men Cruiser Black Innerwest Vest,Levis,Men,Apparel,Innerwear,Innerwear Vests,Black,Casual,Summer,2016.0,http://assets.myntassets.com/v1/images/style/properties/473173753afb6328121f6de86653e54f_images.jpg
17894,Levis Men Pack of 3 Innerwear Vest,Levis,Men,Apparel,Innerwear,Innerwear Vests,Red,Casual,Summer,2016.0,http://assets.myntassets.com/v1/images/style/properties/f5eabe2727de1b024a770e978953562f_images.jpg
17895,Levis Men Pack of 3 Innerwear Vest,Levis,Men,Apparel,Innerwear,Innerwear Vests,White,Casual,Summer,2016.0,http://assets.myntassets.com/v1/images/style/properties/d758539096f2c617ea6097f99350cd85_images.jpg
17896,Nike Mens Football Red Jersey,Nike,Men,Apparel,Topwear,Tshirts,Red,Sports,Fall,2011.0,http://assets.myntassets.com/v1/images/style/properties/6e7f6bebacd49d7dddba89a66d228b6f_images.jpg
17897,Nike Men Football Soccer Black Jacket,Nike,Men,Apparel,Topwear,Jackets,Black,Sports,Fall,2011.0,http://assets.myntassets.com/v1/images/style/properties/72305be170e0a6bf7edc2e5e3e0f8d21_images.jpg
17898,Nike Men Casual Grey Jacket,Nike,Men,Apparel,Topwear,Jackets,Grey,Casual,Fall,2011.0,http://assets.myntassets.com/v1/images/style/properties/64657e380930cfbd2280c5fb80e6d1b2_images.jpg
17899,Nike Men Casual Black Jacket,Nike,Men,Apparel,Topwear,Jackets,Black,Casual,Fall,2011.0,http://assets.myntassets.com/v1/images/style/properties/c36597788db92619a3e1604f2a8f8925_images.jpg
17900,Nike Men Football Soccer Red Jacket,Nike,Men,Apparel,Topwear,Jackets,Red,Sports,Fall,2011.0,http://assets.myntassets.com/v1/images/style/properties/eac29855bae1a599d7387188f10bb46c_images.jpg
17901,Nike Men Football Soccer Black Jacket,Nike,Men,Apparel,Topwear,Jackets,Black,Sports,Fall,2011.0,http://assets.myntassets.com/v1/images/style/properties/9af433c12471f91dfe49ec1cff81a8d1_images.jpg
17902,Nike Men Trainng Navy Blue Track Pant,Nike,Men,Apparel,Bottomwear,Track Pants,Navy Blue,Sports,Fall,2011.0,http://assets.myntassets.com/v1/images/style/properties/4852b9c488defcba0217a9c7192fce04_images.jpg
17904,Nike Men Football Soccer Navy Blue Jacket,Nike,Men,Apparel,Topwear,Jackets,Navy Blue,Sports,Fall,2011.0,http://assets.myntassets.com/v1/images/style/properties/8475b4cc7443f6311f37c1286a276c69_images.jpg
17905,Nike Men Casual Black Sweatshirt,Nike,Men,Apparel,Topwear,Sweatshirts,Black,Casual,Fall,2011.0,http://assets.myntassets.com/v1/images/style/properties/16b2f0843110596e50ca0b89d460c47b_images.jpg
17906,Nike Men Sptcas Black Sweatshirt,Nike,Men,Apparel,Topwear,Sweatshirts,Black,Casual,Fall,2011.0,http://assets.myntassets.com/v1/images/style/properties/ca212c70386a658e3c3d9d89ca34f29b_images.jpg
17907,Nike Men Sptcas Black Sweatshirt,Nike,Men,Apparel,Topwear,Sweatshirts,Black,Casual,Fall,2011.0,http://assets.myntassets.com/v1/images/style/properties/e0c3afab931052d532e5cff642146c46_images.jpg
17908,Nike Men Sptcas Blue Sweatshirt,Nike,Men,Apparel,Topwear,Sweatshirts,Blue,Casual,Fall,2011.0,http://assets.myntassets.com/v1/images/style/properties/ad769c25fe6755f4d672465d323d6870_images.jpg
17909,Nike Men Sptcas Black Sweatshirt,Nike,Men,Apparel,Topwear,Sweatshirts,Black,Casual,Fall,2011.0,http://assets.myntassets.com/v1/images/style/properties/7d81c1e88056ce0b56610a513b4d88b2_images.jpg
17910,Nike Men Sptcas Black Sweatshirt,Nike,Men,Apparel,Topwear,Sweatshirts,Black,Sports,Fall,2011.0,http://assets.myntassets.com/v1/images/style/properties/7802a79986b3a1f3aac3af2d91c55e4a_images.jpg
17913,Nike Men Casual Grey Sweatshirt,Nike,Men,Apparel,Topwear,Sweatshirts,Grey,Casual,Fall,2011.0,http://assets.myntassets.com/v1/images/style/properties/f2b318a63d8906cbecc645ed1c31d579_images.jpg
17914,Nike Mens Polo Black T-shirt,Nike,Men,Apparel,Topwear,Tshirts,Black,Casual,Spring,2013.0,http://assets.myntassets.com/v1/images/style/properties/174e2879ab8bce4c10554a50718cc01c_images.jpg
17916,Nike Men Grey Sweatshirt,Nike,Men,Apparel,Topwear,Sweatshirts,Grey,Sports,Fall,2011.0,http://assets.myntassets.com/v1/images/style/properties/1e9377933d4cd45821479fb90554e551_images.jpg
17917,Nike Men Purple Sweatshirt,Nike,Men,Apparel,Topwear,Sweatshirts,Purple,Sports,Fall,2011.0,http://assets.myntassets.com/v1/images/style/properties/37c1798122983853158711b8e1b6cfee_images.jpg
17918,Nike Men White Polo Tshirt,Nike,Men,Apparel,Topwear,Tshirts,White,Sports,Summer,2012.0,http://assets.myntassets.com/v1/images/style/properties/226d540854df38391080a778b666bd69_images.jpg
17920,Nike Mens Traning Blue T-shirt,Nike,Men,Apparel,Topwear,Tshirts,Blue,Casual,Summer,2012.0,http://assets.myntassets.com/v1/images/style/properties/258f4d76dec7e5baef4f21ba77edf057_images.jpg
17921,Nike Men Cricket Blue Jersey,Nike,Men,Apparel,Topwear,Tshirts,Blue,Sports,Fall,2011.0,http://assets.myntassets.com/v1/images/style/properties/5d64593431e5e803c34ddafe16f008ff_images.jpg
17922,Nike Mens Polo Dark Brown T-shirt,Nike,Men,Apparel,Topwear,Tshirts,Brown,Casual,Fall,2011.0,http://assets.myntassets.com/v1/images/style/properties/67203324785c5469f023cea61f72a0df_images.jpg
17924,Nike Men Casual Navy Blue Track Pant,Nike,Men,Apparel,Bottomwear,Track Pants,Navy Blue,Sports,Fall,2011.0,http://assets.myntassets.com/v1/images/style/properties/6de3b17baac7ed5a67d2e168add486d5_images.jpg
17927,Nike Men Trainng Black Track Pant,Nike,Men,Apparel,Bottomwear,Track Pants,Black,Sports,Fall,2011.0,http://assets.myntassets.com/v1/images/style/properties/d61ca0a24b01cbcb14c2ac94040dbfa3_images.jpg
17928,Nike Men Casual Black Track Pant,Nike,Men,Apparel,Bottomwear,Track Pants,Black,Sports,Fall,2011.0,http://assets.myntassets.com/v1/images/style/properties/bb95a8f4156b2db93529a9ad67c58661_images.jpg
17931,Nike Men Training Black Tights,Nike,Men,Apparel,Bottomwear,Tights,Black,Sports,Summer,2012.0,http://assets.myntassets.com/v1/images/style/properties/a22155709b180ea261b5ed0632ffadb0_images.jpg
17932,Puma Men Logo Blue Tshirt,Puma,Men,Apparel,Topwear,Tshirts,Blue,Sports,Fall,2011.0,http://assets.myntassets.com/v1/images/style/properties/89415c8cb9d5b43db30694464e6056f4_images.jpg
17933,Puma Men Ferrari Logo Tee II Red Tshirt,Puma,Men,Apparel,Topwear,Tshirts,Red,Casual,Fall,2011.0,http://assets.myntassets.com/v1/images/style/properties/24505e77ca3c09123db1c2deed122acb_images.jpg
17934,Puma Men Solid Black Shorts,Puma,Men,Apparel,Bottomwear,Shorts,Black,Sports,Fall,2011.0,http://assets.myntassets.com/v1/images/style/properties/4400b2047f5209df5cedd853b36637e7_images.jpg
17935,Puma Men Training Tee Black Tshirt,Puma,Men,Apparel,Topwear,Tshirts,Black,Sports,Fall,2011.0,http://assets.myntassets.com/v1/images/style/properties/8d536731f32f805706125cf952e9aff9_images.jpg
17936,Puma Men Ferrari Logo Tee II Black Tshirt,Puma,Men,Apparel,Topwear,Tshirts,Black,Casual,Fall,2011.0,http://assets.myntassets.com/v1/images/style/properties/6d0304b7a9fe1235d56644b774a1eafb_images.jpg
17937,Puma Men Ducati One ups Tee 2 Black Tshirt,Puma,Men,Apparel,Topwear,Tshirts,Black,Casual,Fall,2011.0,http://assets.myntassets.com/v1/images/style/properties/6f80a0c8497560bfcc948c7a88640e02_images.jpg
17939,Puma Men Solid White  Logo 3/4 Pants,Puma,Men,Apparel,Bottomwear,Shorts,White,Sports,Fall,2011.0,http://assets.myntassets.com/v1/images/style/properties/e919ff8a49580d79afa79560361171a3_images.jpg
17940,Puma Men Heroes T7 Green Tshirt,Puma,Men,Apparel,Topwear,Tshirts,Green,Casual,Fall,2011.0,http://assets.myntassets.com/v1/images/style/properties/b21b0e241b6a720bc4c5e04880133885_images.jpg
17941,Puma Men Polo Striped Jersey Red Tshirt,Puma,Men,Apparel,Topwear,Tshirts,Red,Casual,Fall,2011.0,http://assets.myntassets.com/v1/images/style/properties/66fb9e5cb7ed965a20211ae28d6d3ece_images.jpg
17942,Puma Men Polo Striped Jersey Grey Tshirt,Puma,Men,Apparel,Topwear,Tshirts,Grey,Casual,Fall,2011.0,http://assets.myntassets.com/v1/images/style/properties/7d47943d063d0e6ddbab452055975490_images.jpg
17943,Puma Men Yellow Tshirt,Puma,Men,Apparel,Topwear,Tshirts,Yellow,Casual,Fall,2011.0,http://assets.myntassets.com/v1/images/style/properties/11a4491f39ef48990ed488dce5056683_images.jpg
17944,Puma Men Striped  Polo Red Tshirt,Puma,Men,Apparel,Topwear,Tshirts,Red,Casual,Fall,2011.0,http://assets.myntassets.com/v1/images/style/properties/58eae3aa921d6f88d523f2ead3819af7_images.jpg
17945,Puma Men No. 1 logo Black Track Pant,Puma,Men,Apparel,Bottomwear,Track Pants,Black,Sports,Fall,2011.0,http://assets.myntassets.com/v1/images/style/properties/eaf365f981dc3b79061f6d195a76fc2b_images.jpg
17946,Puma Men South Africa  Navy Blue Track Pant,Puma,Men,Apparel,Bottomwear,Track Pants,Navy Blue,Sports,Fall,2011.0,http://assets.myntassets.com/v1/images/style/properties/cb8dd340da8f94cfd7471795659208e9_images.jpg
17947,Puma Men No. 1 logo Blue Track Pant,Puma,Men,Apparel,Bottomwear,Track Pants,Blue,Sports,Fall,2011.0,http://assets.myntassets.com/v1/images/style/properties/e69f874af7897662cdef691a85d0c433_images.jpg
17948,Puma Men South Africa  Grey Track Pant,Puma,Men,Apparel,Bottomwear,Track Pants,Grey,Sports,Fall,2011.0,http://assets.myntassets.com/v1/images/style/properties/4d82050ddf97c1324922f4a2e935d3aa_images.jpg
1795,Newfeel 22L Black Bag,Newfeel,Men,Accessories,Bags,Backpacks,Black,Sports,Fall,2010.0,http://assets.myntassets.com/v1/images/style/properties/d7aa8782f888cd16f76912d9c906daa4_images.jpg
17957,Nike Men Cricket Navy Blue Cap,Nike,Men,Accessories,Headwear,Caps,Navy Blue,Sports,Summer,2012.0,http://assets.myntassets.com/v1/images/style/properties/a6103850700198ed2f8fb8c9a5e99e44_images.jpg
1796,Domyos Men Performance Blue T-shirt,Domyos,Men,Apparel,Topwear,Tshirts,Blue,Sports,Fall,2010.0,http://assets.myntassets.com/v1/images/style/properties/495638bca776bb823d9b75366d3a9eff_images.jpg
17960,Puma Men Hopper Black Sandal,Puma,Men,Footwear,Sandal,Sandals,Black,Casual,Fall,2011.0,http://assets.myntassets.com/v1/images/style/properties/ef372f03e1ba9c6d634b4b1ee17c7cc7_images.jpg
17961,Puma Men Scuba Grey Slipper,Puma,Men,Footwear,Sandal,Sandals,Grey,Casual,Fall,2011.0,http://assets.myntassets.com/v1/images/style/properties/c97d15b0fc89a009cb1008c7296bd91c_images.jpg
17962,Puma Men Tango Black Slipper,Puma,Men,Footwear,Sandal,Sandals,Black,Casual,Fall,2011.0,http://assets.myntassets.com/v1/images/style/properties/2ac5b7d4828ab075a39fc25081605316_images.jpg
17967,Puma Men Girija Black Slipper,Puma,Men,Footwear,Sandal,Sandals,Black,Casual,Fall,2011.0,http://assets.myntassets.com/v1/images/style/properties/08b0d4906d30c66c3e71dc981a2e7430_images.jpg
17968,Puma Men Splash Black Slipper,Puma,Men,Footwear,Flip Flops,Flip Flops,Black,Casual,Fall,2011.0,http://assets.myntassets.com/v1/images/style/properties/b8ba9bf7f29e2dcf15b6fc7ed06eba2a_images.jpg
17969,Puma Men Surf Black Slipper,Puma,Men,Footwear,Flip Flops,Flip Flops,Black,Casual,Fall,2011.0,http://assets.myntassets.com/v1/images/style/properties/0683df13d62103d0f6e0cf4eb93747ad_images.jpg
17970,Puma Men Hopper Black Sandal,Puma,Men,Footwear,Sandal,Sandals,Black,Casual,Fall,2011.0,http://assets.myntassets.com/v1/images/style/properties/f5815548aaed81c8dede2197f659bb6e_images.jpg
17971,Puma Men Rio Black Sandal,Puma,Men,Footwear,Sandal,Sandals,Black,Casual,Fall,2011.0,http://assets.myntassets.com/v1/images/style/properties/46dc3a802b4832bb0f8e2af92fe075ec_images.jpg
17972,Puma Men Wirko White Sports Shoe,Puma,Men,Footwear,Shoes,Sports Shoes,White,Sports,Fall,2011.0,http://assets.myntassets.com/v1/images/style/properties/8c27c9b6384e8cebfdccc2ace8316075_images.jpg
17973,Puma Men Rio Black Sandal,Puma,Men,Footwear,Sandal,Sandals,Black,Casual,Fall,2011.0,http://assets.myntassets.com/v1/images/style/properties/c8d2cd7f57121a84ef0510e67449d45f_images.jpg
17974,Puma Men Rio Black Sandal,Puma,Men,Footwear,Sandal,Sandals,Black,Casual,Fall,2011.0,http://assets.myntassets.com/v1/images/style/properties/6bff5cfcb31f7bd93a01623eb2f2a57d_images.jpg
17976,Puma Men Hopper Black Sandal,Puma,Men,Footwear,Sandal,Sandals,Black,Casual,Fall,2011.0,http://assets.myntassets.com/v1/images/style/properties/683549f50ce3452aa075a5383a1b075d_images.jpg
17977,Puma Men Wirko Black Sports Shoe,Puma,Men,Footwear,Shoes,Sports Shoes,Black,Sports,Fall,2011.0,http://assets.myntassets.com/v1/images/style/properties/8c69f048d878fc27a2da3a5275bc99ea_images.jpg
17978,Puma Men Funpack Red Casual Shoe With Extra Lace,Puma,Men,Footwear,Shoes,Casual Shoes,Red,Casual,Fall,2011.0,http://assets.myntassets.com/v1/images/style/properties/beaebd8188d6b3b9eed1eafd8f2d90f2_images.jpg
1798,Domyos Men Slt Compression T-shirt,Decathlon,Men,Apparel,Topwear,Tshirts,Black,Sports,Fall,2010.0,http://assets.myntassets.com/v1/images/style/properties/81e30590702bd5c1a927067c2d46c931_images.jpg
17982,Puma Men Wirko White Sports Shoes,Puma,Men,Footwear,Shoes,Sports Shoes,White,Sports,Winter,2012.0,http://assets.myntassets.com/v1/images/style/properties/Puma-Men-Casual-Shoes_809832326039e06ba37bc13c7adb6550_images.jpg
17987,Reid & Taylor Men Beige Belt,Reid & Taylor,Men,Accessories,Belts,Belts,Beige,Formal,Fall,2011.0,http://assets.myntassets.com/v1/images/style/properties/Reid---Taylor-Men-Solid-Black-Belt_7ac578d1379711ccfc12be31b610c99e_images.jpg
17988,Reid & Taylor Men Solid Brown Belt,Reid & Taylor,Men,Accessories,Belts,Belts,Brown,Formal,Fall,2011.0,http://assets.myntassets.com/v1/images/style/properties/8c03d4218aaac27948ce3989b821404f_images.jpg
17989,Reid & Taylor Men Solid Brown Belt,Reid & Taylor,Men,Accessories,Belts,Belts,Brown,Formal,Fall,2011.0,http://assets.myntassets.com/v1/images/style/properties/e4681f5d7c1cb52b63ab07f903e03c65_images.jpg
1799,Domyos Men Blue & White Tracksuit,Domyos,Men,Apparel,Bottomwear,Track Pants,White,Sports,Summer,2011.0,http://assets.myntassets.com/v1/images/style/properties/b6f1c20a467c06a97f5ebe98e2afd435_images.jpg
17990,Reid & Taylor Men Stripes Navy Blue Tie,Reid & Taylor,Men,Accessories,Ties,Ties,Navy Blue,Formal,Fall,2011.0,http://assets.myntassets.com/v1/images/style/properties/69be6b0b004b804aa01a4f370a512803_images.jpg
17991,Reid & Taylor Men Printed Maroon Tie,Reid & Taylor,Men,Accessories,Ties,Ties,Maroon,Formal,Fall,2011.0,http://assets.myntassets.com/v1/images/style/properties/f6800eba3f544292baaf63900c573298_images.jpg
17996,Puma Men Wind Navy Blue Track Pant,Puma,Men,Apparel,Bottomwear,Track Pants,Navy Blue,Sports,Summer,2010.0,http://assets.myntassets.com/v1/images/style/properties/152d5ef99f72af9981e2c5cb2ee4a4dd_images.jpg
17997,Puma Men Wind Black Track Pant,Puma,Men,Apparel,Bottomwear,Track Pants,Black,Sports,Summer,2010.0,http://assets.myntassets.com/v1/images/style/properties/609cd0ef76a9c3ad58f71671041b5775_images.jpg
17998,Puma Men Graphic Tee Red Tshirt,Puma,Men,Apparel,Topwear,Tshirts,Red,Sports,Fall,2009.0,http://assets.myntassets.com/v1/images/style/properties/4dba7c2a7388f34d8ba093b4bad26f4b_images.jpg
17999,Puma Men Grey Track Pants,Puma,Men,Apparel,Bottomwear,Track Pants,Grey,Casual,Fall,2010.0,http://assets.myntassets.com/v1/images/style/properties/565e1d5502978e2d9a891dcd35bc1b62_images.jpg
18000,Puma Men Black Track Pants,Puma,Men,Apparel,Bottomwear,Track Pants,Black,Casual,Fall,2010.0,http://assets.myntassets.com/v1/images/style/properties/1f50aa325965b23d6041e1144c71db9d_images.jpg
18003,Puma Men Training Polo Blue Tshirt,Puma,Men,Apparel,Topwear,Tshirts,Blue,Sports,Summer,2011.0,http://assets.myntassets.com/v1/images/style/properties/677db1205de1651afef95a344c29747a_images.jpg
18004,Puma Men Speed Grapic tee Blue Tshirt,Puma,Men,Apparel,Topwear,Tshirts,Blue,Sports,Summer,2011.0,http://assets.myntassets.com/v1/images/style/properties/07134d323ed1ae0a7d3a46d8ddf75874_images.jpg
18005,Puma Men Long Logo Black Bermuda,Puma,Men,Apparel,Bottomwear,Shorts,Black,Sports,Summer,2011.0,http://assets.myntassets.com/v1/images/style/properties/91ca48e3204f23cd376fad7f186875bf_images.jpg
1802,Quechua Men's Arpenaz Flex Yellow Shoe,Quechua,Men,Footwear,Shoes,Sports Shoes,Brown,Sports,Spring,2011.0,http://assets.myntassets.com/v1/images/style/properties/d9324b33b554dff071398e23a1e6c8c4_images.jpg
1804,Kalenji Men Essential Baggy Black Shorts,Kalenji,Men,Apparel,Bottomwear,Shorts,Black,Sports,Fall,2010.0,http://assets.myntassets.com/v1/images/style/properties/0ecb72894f8fe74acae8f2e4d429a9bb_images.jpg
1805,Quechua Men Forclaz 1OO Beige Shoe,Quechua,Men,Footwear,Shoes,Casual Shoes,Beige,Casual,Fall,2010.0,http://assets.myntassets.com/v1/images/style/properties/42dda7381af15edd84215107a878df86_images.jpg
1806,Quechua Men Arpenaz Brown Sandal,Quechua,Men,Footwear,Sandal,Sandals,Brown,Casual,Spring,2011.0,http://assets.myntassets.com/v1/images/style/properties/1e404f8311c96db483657b8ef4113d56_images.jpg
1807,Quechua Men G1 Techfresh Red T-shirt,Quechua,Men,Apparel,Topwear,Tshirts,Red,Casual,Fall,2010.0,http://assets.myntassets.com/v1/images/style/properties/4bd6a8d5d6545a89d7e4662b55efa71f_images.jpg
18079,Crusoe Men Metro Black Brief,Crusoe,Men,Apparel,Innerwear,Briefs,Black,Casual,Summer,2016.0,http://assets.myntassets.com/v1/images/style/properties/43ace9e10eb6b8523a15bd187045bfd0_images.jpg
18092,Crusoe Men Tanga Navy Blue Brief,Crusoe,Men,Apparel,Innerwear,Briefs,Navy Blue,Casual,Summer,2016.0,http://assets.myntassets.com/v1/images/style/properties/3562ef5d125bc8aba9f60be6dda10d47_images.jpg
1810,Tribord Profilter Red Men T-shirt,Decathlon,Men,Apparel,Topwear,Tshirts,Red,Sports,Fall,2010.0,http://assets.myntassets.com/v1/images/style/properties/eb1ebb1395ff28bc724a79811b906041_images.jpg
1811,Solognac Men Orange T-shirt,Decathlon,Men,Apparel,Topwear,Tshirts,Orange,Sports,Fall,2010.0,http://assets.myntassets.com/v1/images/style/properties/df03b8d97241493ee21d478fcfb2021c_images.jpg
18117,Crusoe Men Easy Tee Black Innerwear Vest,Crusoe,Men,Apparel,Innerwear,Innerwear Vests,Black,Casual,Summer,2016.0,http://assets.myntassets.com/v1/images/style/properties/078445cc2821d9e6a3ad3933f7ec8c4f_images.jpg
1812,Solognac Men Green T-shirt,Decathlon,Men,Apparel,Topwear,Tshirts,Green,Sports,Fall,2010.0,http://assets.myntassets.com/v1/images/style/properties/84f9f49ddc0929cba1f5748361e1e54a_images.jpg
18121,Crusoe Men Easy Tee Navy Blue Innerwear Vest,Crusoe,Men,Apparel,Innerwear,Innerwear Vests,Navy Blue,Casual,Summer,2016.0,http://assets.myntassets.com/v1/images/style/properties/1c9f54b5a795d51f2e84b255017eb1a3_images.jpg
1813,Solognac Men Dark Blue T-shirt,Decathlon,Men,Apparel,Topwear,Tshirts,Blue,Sports,Fall,2010.0,http://assets.myntassets.com/v1/images/style/properties/06037b7531dd2e9e13944ab253912ef8_images.jpg
18131,Crusoe Men Square Neck Tee Grey Melange Innerwear Vest,Crusoe,Men,Apparel,Innerwear,Innerwear Vests,Grey Melange,Casual,Summer,2016.0,http://assets.myntassets.com/v1/images/style/properties/fc954fbf720d3d91a93336551dd138cc_images.jpg
18133,Crusoe Men Square Neck Tee White Innerwear Vests,Crusoe,Men,Apparel,Innerwear,Innerwear Vests,White,Casual,Summer,2016.0,http://assets.myntassets.com/v1/images/style/properties/Crusoe-Men-White-and-Red-Innerwear-Vest_483a89ad11939e2f4d55b73db2987d8f_images.jpg
18135,Crusoe Men Sport Dark Grey Shorts,Crusoe,Men,Apparel,Loungewear and Nightwear,Lounge Shorts,Grey,Casual,Summer,2016.0,http://assets.myntassets.com/v1/images/style/properties/35ff73bcd756549f50c14c2e22601d1f_images.jpg
1814,Solognac Men Chocolate Brown  T-shirt,Decathlon,Men,Apparel,Topwear,Tshirts,Brown,Sports,Fall,2010.0,http://assets.myntassets.com/v1/images/style/properties/49e83ae321592864b9e4e2472fd1670c_images.jpg
18145,Crusoe Men Small Biker Brown Brief,Crusoe,Men,Apparel,Innerwear,Briefs,Brown,Casual,Summer,2016.0,http://assets.myntassets.com/v1/images/style/properties/e085711e7b194c55b015b5e4befc3f40_images.jpg
18161,Vans Men Thresher Green Slipper,Vans,Men,Footwear,Sandal,Sandals,Green,Casual,Fall,2011.0,http://assets.myntassets.com/v1/images/style/properties/f3b745815625bf6bba4c2d6e8022ef2e_images.jpg
18185,Deni Yo Men Washed Blue Slim Fit Jeans,DENI YO,Men,Apparel,Bottomwear,Jeans,Blue,Casual,Fall,2011.0,http://assets.myntassets.com/v1/images/style/properties/a1300728a417280445b0b07eec784211_images.jpg
18193,Deni Yo Men Washed Blue Slim Fit Jeans,DENI YO,Men,Apparel,Bottomwear,Jeans,Blue,Casual,Fall,2011.0,http://assets.myntassets.com/v1/images/style/properties/09ab568c77a4fb8aa435aa9e53c56248_images.jpg
18195,Highlander Men Check Blue Shirt,HIGHLANDER,Men,Apparel,Topwear,Shirts,Blue,Casual,Fall,2011.0,http://assets.myntassets.com/v1/images/style/properties/4e72e8ea7527ae6c38e84464300baa27_images.jpg
18196,Highlander Men Solid Brown Trouser,HIGHLANDER,Men,Apparel,Bottomwear,Trousers,Brown,Casual,Fall,2011.0,http://assets.myntassets.com/v1/images/style/properties/79a1735e5daa4a862bd939562c86f6f0_images.jpg
18197,Highlander Men Solid Navy Blue Trouser,HIGHLANDER,Men,Apparel,Bottomwear,Trousers,Navy Blue,Casual,Fall,2011.0,http://assets.myntassets.com/v1/images/style/properties/4a0d7c35c20e3bd00841648eff515064_images.jpg
18198,Highlander Men Solid Blue Trouser,HIGHLANDER,Men,Apparel,Bottomwear,Trousers,Blue,Casual,Fall,2011.0,http://assets.myntassets.com/v1/images/style/properties/5d75bdd3c06b6c7b50267750a3d3cd46_images.jpg
18201,Nike Men Casual Olive Jacket,Nike,Men,Apparel,Topwear,Jackets,Olive,Casual,Fall,2011.0,http://assets.myntassets.com/v1/images/style/properties/d4ee72267b72be5654c32b4893ab210c_images.jpg
18202,Nike Men AS Squad Fleec LS Crew Grey Sweatshirt,Nike,Men,Apparel,Topwear,Sweatshirts,Grey,Casual,Fall,2011.0,http://assets.myntassets.com/v1/images/style/properties/047100bf2586bcf894778810826c14b3_images.jpg
18203,Nike Men AS Squad Fleec LS Crew Black Sweatshirt,Nike,Men,Apparel,Topwear,Sweatshirts,Black,Casual,Fall,2011.0,http://assets.myntassets.com/v1/images/style/properties/5cb6f71aec326ffa53a8ae3ca1ba2040_images.jpg
18205,Probase Men Solid Navy Blue Jacket,Probase,Men,Apparel,Topwear,Jackets,Navy Blue,Casual,Fall,2011.0,http://assets.myntassets.com/v1/images/style/properties/060c0ddcc73df0c451fba57fbffe3b77_images.jpg
18206,Manchester United Men Solid Black Cap,Manchester United,Men,Accessories,Headwear,Caps,Black,Casual,Fall,2011.0,http://assets.myntassets.com/v1/images/style/properties/ea8233bb58cd14966d58903798d6acbc_images.jpg
18207,Manchester United Men Solid Red Cap,Manchester United,Men,Accessories,Headwear,Caps,Red,Casual,Fall,2011.0,http://assets.myntassets.com/v1/images/style/properties/5259385dfd4c5d40d9340d7f5988a99b_images.jpg
18208,Manchester United Men Solid White Cap,Manchester United,Men,Accessories,Headwear,Caps,White,Casual,Fall,2011.0,http://assets.myntassets.com/v1/images/style/properties/4d0de24d6538a8507059625949e34878_images.jpg
18209,Manchester United Men Printed Navy Blue Cap,Manchester United,Men,Accessories,Headwear,Caps,Navy Blue,Casual,Fall,2011.0,http://assets.myntassets.com/v1/images/style/properties/cada991cb828ba80b3b9dcf584d5431c_images.jpg
18210,Manchester United Men Printed Black Cap,Manchester United,Men,Accessories,Headwear,Caps,Black,Casual,Fall,2011.0,http://assets.myntassets.com/v1/images/style/properties/ce2efe6e2d7e4f080818cd3e07df840a_images.jpg
18211,Manchester United Men Printed Red Cap,Manchester United,Men,Accessories,Headwear,Caps,Red,Casual,Fall,2011.0,http://assets.myntassets.com/v1/images/style/properties/ce56f03727d3b93c326dd46c658ffd0b_images.jpg
18212,Manchester United Men Solid White Cap,Manchester United,Men,Accessories,Headwear,Caps,White,Casual,Fall,2011.0,http://assets.myntassets.com/v1/images/style/properties/Manchester-United-Men-Solid-White-Capa3bd33bd35e44bce96776f93dba825f6_images.jpg
18213,Manchester United Men Solid Black Cap,Manchester United,Men,Accessories,Headwear,Caps,Black,Casual,Fall,2011.0,http://assets.myntassets.com/v1/images/style/properties/e02444aa78fe87b09641c2731bde3958_images.jpg
18214,Manchester United Men Solid Navy Blue Cap,Manchester United,Men,Accessories,Headwear,Caps,Navy Blue,Casual,Fall,2011.0,http://assets.myntassets.com/v1/images/style/properties/5fdcef9ac6ce49d07388fe5ccf56fad5_images.jpg
18215,Manchester United Men Solid Black Socks,Manchester United,Men,Accessories,Socks,Socks,Black,Casual,Fall,2011.0,http://assets.myntassets.com/v1/images/style/properties/e294573febd2960d99fc0e28cd036e0a_images.jpg
18216,Manchester United Men Solid Red Socks,Manchester United,Men,Accessories,Socks,Socks,Red,Casual,Fall,2011.0,http://assets.myntassets.com/v1/images/style/properties/649e1679df61178a59ff715c0608694a_images.jpg
18217,Manchester United Men Solid Grey Socks,Manchester United,Men,Accessories,Socks,Socks,Grey,Casual,Fall,2011.0,http://assets.myntassets.com/v1/images/style/properties/95636110c60522f85c75c18ed6057e10_images.jpg
18218,Manchester United Men Black Socks,Manchester United,Men,Accessories,Socks,Socks,Black,Casual,Fall,2011.0,http://assets.myntassets.com/v1/images/style/properties/fe7f2c3b3baf3fac3b49faff75a4ead1_images.jpg
18219,Manchester United Men Grey Socks,Manchester United,Men,Accessories,Socks,Socks,Grey,Casual,Fall,2011.0,http://assets.myntassets.com/v1/images/style/properties/cc2ffe4a0b05a0f1869287a2f9168171_images.jpg
18220,Manchester United Men Red Socks,Manchester United,Men,Accessories,Socks,Socks,Red,Casual,Fall,2011.0,http://assets.myntassets.com/v1/images/style/properties/69b61756ee7bc2a92998256759e7e005_images.jpg
18221,Manchester United Men Stripes Black Socks,Manchester United,Men,Accessories,Socks,Socks,Black,Casual,Fall,2011.0,http://assets.myntassets.com/v1/images/style/properties/145ded55cbe60d07ec2784ae98e7506f_images.jpg
18222,Manchester United Men Stripes White Socks,Manchester United,Men,Accessories,Socks,Socks,White,Casual,Fall,2011.0,http://assets.myntassets.com/v1/images/style/properties/4b2c200fc920a18b33fbbfebb891f056_images.jpg
18223,Manchester United Men Stripes Red Socks,Manchester United,Men,Accessories,Socks,Socks,Red,Casual,Fall,2011.0,http://assets.myntassets.com/v1/images/style/properties/202b6f8cec326e2b306895b6e60fa236_images.jpg
18224,Manchester United Men Printed Red Tshirt,Manchester United,Men,Apparel,Topwear,Tshirts,Red,Casual,Fall,2011.0,http://assets.myntassets.com/v1/images/style/properties/b2222a5c5e5d964a52927b2f87cde3c6_images.jpg
18225,Manchester United Men Printed White Tshirt,Manchester United,Men,Apparel,Topwear,Tshirts,White,Casual,Fall,2011.0,http://assets.myntassets.com/v1/images/style/properties/9156680357da29ac7f5113964457be29_images.jpg
18226,Manchester United Men Printed Grey Tshirt,Manchester United,Men,Apparel,Topwear,Tshirts,Grey,Casual,Fall,2011.0,http://assets.myntassets.com/v1/images/style/properties/beac0e72da48c07682e18afc0b11a0ea_images.jpg
18227,Manchester United Men Printed Black Tshirt,Manchester United,Men,Apparel,Topwear,Tshirts,Black,Casual,Fall,2011.0,http://assets.myntassets.com/v1/images/style/properties/68302460c6220ca73deee0d298e044c7_images.jpg
18229,Manchester United Men Printed Red Tshirt,Manchester United,Men,Apparel,Topwear,Tshirts,Red,Casual,Fall,2011.0,http://assets.myntassets.com/v1/images/style/properties/aaea5c8fb67c129d08f9a4699fe812a6_images.jpg
18230,Manchester United Men Printed White Tshirt,Manchester United,Men,Apparel,Topwear,Tshirts,White,Casual,Fall,2011.0,http://assets.myntassets.com/v1/images/style/properties/4a8e310b6a7184ea58ad3a7dc8590b27_images.jpg
18231,Manchester United Men Printed Navy Blue Tshirt,Manchester United,Men,Apparel,Topwear,Tshirts,Navy Blue,Casual,Fall,2011.0,http://assets.myntassets.com/v1/images/style/properties/2054baf92418543cc53af9d277e51b49_images.jpg
18232,Manchester United Men Printed Black Tshirt,Manchester United,Men,Apparel,Topwear,Tshirts,Black,Casual,Fall,2011.0,http://assets.myntassets.com/v1/images/style/properties/19896fd23f8c7bc7057d4cb7ba91e331_images.jpg
18233,Manchester United Men Printed Red Tshirt,Manchester United,Men,Apparel,Topwear,Tshirts,Red,Casual,Fall,2011.0,http://assets.myntassets.com/v1/images/style/properties/970fe19a321c6151a64c8cc66988c36a_images.jpg
18234,Manchester United Men Printed Grey Tshirt,Manchester United,Men,Apparel,Topwear,Tshirts,Grey,Casual,Fall,2011.0,http://assets.myntassets.com/v1/images/style/properties/b34c0d8c1a95cc49c6774e66b18a6522_images.jpg
18235,Manchester United Men Printed White Tshirt,Manchester United,Men,Apparel,Topwear,Tshirts,White,Casual,Fall,2011.0,http://assets.myntassets.com/v1/images/style/properties/7058eb21166cf86100a3a7ff44098459_images.jpg
18236,Manchester United Men Solid White Tshirt,Manchester United,Men,Apparel,Topwear,Tshirts,White,Casual,Fall,2011.0,http://assets.myntassets.com/v1/images/style/properties/09c5fade4b71b101549e590a44cd05b0_images.jpg
18237,Manchester United Men Solid Red Tshirt,Manchester United,Men,Apparel,Topwear,Tshirts,Red,Casual,Fall,2011.0,http://assets.myntassets.com/v1/images/style/properties/eba1c1b241555d8afa3f7232ed2c6933_images.jpg
18238,Manchester United Men Printed White Tshirt,Manchester United,Men,Apparel,Topwear,Tshirts,White,Casual,Fall,2011.0,http://assets.myntassets.com/v1/images/style/properties/21f8a498ad04f7b36f5d1fef9853a415_images.jpg
18240,Manchester United Men Solid Red Tshirt,Manchester United,Men,Apparel,Topwear,Tshirts,Red,Casual,Fall,2011.0,http://assets.myntassets.com/v1/images/style/properties/297b23abe403c8a80272d7b4d08515f0_images.jpg
18241,Manchester United Men Printed Red Tshirt,Manchester United,Men,Apparel,Topwear,Tshirts,Red,Casual,Fall,2011.0,http://assets.myntassets.com/v1/images/style/properties/35f879bd2f09306f41e87c621f008056_images.jpg
18242,Manchester United Men Printed White Tshirt,Manchester United,Men,Apparel,Topwear,Tshirts,White,Casual,Fall,2011.0,http://assets.myntassets.com/v1/images/style/properties/94990e8b84f594f76c610237f6c6d505_images.jpg
18243,Manchester United Men Printed White Tshirt,Manchester United,Men,Apparel,Topwear,Tshirts,White,Casual,Fall,2011.0,http://assets.myntassets.com/v1/images/style/properties/24a1cc75b6fa1355ef86ab5ee54bf703_images.jpg
18244,Manchester United Men Printed Yellow T-Shirt,Manchester United,Men,Apparel,Topwear,Tshirts,Yellow,Casual,Fall,2011.0,http://assets.myntassets.com/v1/images/style/properties/74d039a0de9ebc43c5603bcf04fc944d_images.jpg
18245,Manchester United Men Printed White Tshirt,Manchester United,Men,Apparel,Topwear,Tshirts,White,Casual,Fall,2011.0,http://assets.myntassets.com/v1/images/style/properties/96ca0347c4d87fdc8e0cb1e71b6de530_images.jpg
18246,Manchester United Men Printed Grey Tshirt,Manchester United,Men,Apparel,Topwear,Tshirts,Grey,Casual,Fall,2011.0,http://assets.myntassets.com/v1/images/style/properties/72cd2fbb32b8b8552d196779855e1454_images.jpg
18248,Manchester United Men Printed Black Tshirt,Manchester United,Men,Apparel,Topwear,Tshirts,Black,Casual,Fall,2011.0,http://assets.myntassets.com/v1/images/style/properties/5f28f1d91879bb301f3308bac8290431_images.jpg
18249,Manchester United Men Printed Red Tshirt,Manchester United,Men,Apparel,Topwear,Tshirts,Red,Casual,Fall,2011.0,http://assets.myntassets.com/v1/images/style/properties/7851bc6d71d0ce964b5ca72a0225942e_images.jpg
1827,Nike Men's Downshifter White/Blue Shoe,Nike,Men,Footwear,Shoes,Sports Shoes,White,Sports,Fall,2010.0,http://assets.myntassets.com/v1/images/style/properties/e9441f875b874c180252e0a7f1a42d8f_images.jpg
1828,Nike Men's Air Afterburner Shoe,Nike,Men,Footwear,Shoes,Sports Shoes,White,Sports,Fall,2010.0,http://assets.myntassets.com/v1/images/style/properties/dc9bbd5e329ffc169a1264225d112d40_images.jpg
18305,Wills Lifestyle Men Striped Pink Shirt,Wills Lifestyle,Men,Apparel,Topwear,Shirts,Pink,Casual,Summer,2011.0,http://assets.myntassets.com/v1/images/style/properties/b6df11d9c445749ee40836360b01561e_images.jpg
18306,Wills Lifestyle Men Check White Shirt,Wills Lifestyle,Men,Apparel,Topwear,Shirts,White,Casual,Summer,2011.0,http://assets.myntassets.com/v1/images/style/properties/6f8dc4bf2488a23f42e738bd2b51342e_images.jpg
18307,Wills Lifestyle Men Check Brown Shirt,Wills Lifestyle,Men,Apparel,Topwear,Shirts,Brown,Casual,Fall,2011.0,http://assets.myntassets.com/v1/images/style/properties/80496cde01a0ee815b32a906f80e6fe4_images.jpg
18308,Wills Lifestyle Men Striped Green T-shirt,Wills Lifestyle,Men,Apparel,Topwear,Tshirts,Green,Casual,Fall,2011.0,http://assets.myntassets.com/v1/images/style/properties/f7ba2041921fd2e6928b85aaf77502f1_images.jpg
18309,Wills Lifestyle Men Striped Navy Blue T-shirt,Wills Lifestyle,Men,Apparel,Topwear,Tshirts,Navy Blue,Casual,Fall,2011.0,http://assets.myntassets.com/v1/images/style/properties/f42dce75cdb40972823c52c53fdcab8a_images.jpg
1831,Nike Men's Air Impetus Shoe,Nike,Men,Footwear,Shoes,Sports Shoes,Black,Sports,Fall,2010.0,http://assets.myntassets.com/v1/images/style/properties/2b7f6813cc0aebb2e517ddee5cf57830_images.jpg
18310,Wills Lifestyle Men Striped Black T-Shirt,Wills Lifestyle,Men,Apparel,Topwear,Tshirts,Black,Casual,Fall,2011.0,http://assets.myntassets.com/v1/images/style/properties/1d6f77161042647e3662abd6f3b521e3_images.jpg
18311,Wills Lifestyle Men Striped Green Sweater,Wills Lifestyle,Men,Apparel,Topwear,Sweaters,Green,Casual,Summer,2011.0,http://assets.myntassets.com/v1/images/style/properties/b0ac8dc147af59f12341700e56329109_images.jpg
18312,Wills Sport Men Grey Striped Sweater,Wills Lifestyle,Men,Apparel,Topwear,Sweaters,Grey,Casual,Summer,2011.0,http://assets.myntassets.com/v1/images/style/properties/9bfab37d21ec4eeed623b72ce6f52092_images.jpg
18313,Wills Lifestyle Men Grey Striped Sweater,Wills Lifestyle,Men,Apparel,Topwear,Sweaters,Grey,Casual,Spring,2013.0,http://assets.myntassets.com/v1/images/style/properties/Wills-Lifestyle-Men-Grey-Striped-Sweater_a5e7f3e5c3c67eb763852899b53f5a3e_images.jpg
18314,Wills Lifestyle Men Check Red Shirt,Wills Lifestyle,Men,Apparel,Topwear,Shirts,Red,Casual,Summer,2011.0,http://assets.myntassets.com/v1/images/style/properties/8058bdab727133c75a5caf1651316058_images.jpg
18316,Wills Lifestyle Men Check Green Shirt,Wills Lifestyle,Men,Apparel,Topwear,Shirts,Green,Casual,Summer,2011.0,http://assets.myntassets.com/v1/images/style/properties/17bee56e9b5d9e2c32e93f6d5464a882_images.jpg
18317,Wills Lifestyle Men Check Maroon Shirt,Wills Lifestyle,Men,Apparel,Topwear,Shirts,Maroon,Casual,Summer,2011.0,http://assets.myntassets.com/v1/images/style/properties/0bc21b20e0476a2d87a0bcd8dac47034_images.jpg
18318,Wills Lifestyle Men Check Purple Shirt,Wills Lifestyle,Men,Apparel,Topwear,Shirts,Purple,Casual,Summer,2011.0,http://assets.myntassets.com/v1/images/style/properties/17fc11180fff4197ba375459dab59693_images.jpg
18319,Wills Lifestyle Men Check Maroon Shirt,Wills Lifestyle,Men,Apparel,Topwear,Shirts,Maroon,Casual,Summer,2011.0,http://assets.myntassets.com/v1/images/style/properties/1fc7fe829f371776a7e89a0af9484dc7_images.jpg
1832,Nike Lunarswift Shoe,Nike,Men,Footwear,Shoes,Sports Shoes,Black,Sports,Fall,2010.0,http://assets.myntassets.com/v1/images/style/properties/7c7537bc15049165f91429931e9142be_images.jpg
18320,Wills Lifestyle Men Check Green Shirt,Wills Lifestyle,Men,Apparel,Topwear,Shirts,Green,Casual,Summer,2011.0,http://assets.myntassets.com/v1/images/style/properties/d2380c3544e77e5ba85dddf4430923f3_images.jpg
18321,Wills Lifestyle Men Check Purple Shirt,Wills Lifestyle,Men,Apparel,Topwear,Shirts,Purple,Casual,Fall,2011.0,http://assets.myntassets.com/v1/images/style/properties/b2babd772790e0e27c19d78df532efe1_images.jpg
18322,Wills Lifestyle Men Check Grey Shirt,Wills Lifestyle,Men,Apparel,Topwear,Shirts,Grey,Casual,Fall,2011.0,http://assets.myntassets.com/v1/images/style/properties/29d4484aa34c082622bef91fa2f06239_images.jpg
18323,Wills Lifestyle Men Check Green Shirt,Wills Lifestyle,Men,Apparel,Topwear,Shirts,Green,Casual,Fall,2011.0,http://assets.myntassets.com/v1/images/style/properties/4dae2d36011a4d18f2e1221f803cc2f8_images.jpg
18324,Wills Lifestyle Men Check Navy Blue Shirt,Wills Lifestyle,Men,Apparel,Topwear,Shirts,Navy Blue,Casual,Fall,2011.0,http://assets.myntassets.com/v1/images/style/properties/69936c1452ebf9aa1a822ebaca3705a1_images.jpg
18326,Wills Lifestyle Men Check Black Shirt,Wills Lifestyle,Men,Apparel,Topwear,Shirts,Black,Casual,Fall,2011.0,http://assets.myntassets.com/v1/images/style/properties/f397cd067ec805afb2f15827237a0c4a_images.jpg
18327,Wills Lifestyle Men Check Black Shirt,Wills Lifestyle,Men,Apparel,Topwear,Shirts,Black,Casual,Fall,2011.0,http://assets.myntassets.com/v1/images/style/properties/80ebc0930e47b2ba2e3fe9c6e1f705da_images.jpg
1833,Nike Men's Ballista Shoe,Nike,Men,Footwear,Shoes,Sports Shoes,Black,Sports,Fall,2010.0,http://assets.myntassets.com/v1/images/style/properties/0cddbb9c06391f382aa2fc6d2eab33a1_images.jpg
18342,Fila Mendos Mens Navy Blue Bag,FILA,Men,Accessories,Bags,Laptop Bag,Navy Blue,Casual,Fall,2011.0,http://assets.myntassets.com/v1/images/style/properties/Fila-Mendos-Mens-Navy-Blue-Bag3fbd30748229472a6e6e9e47c356e9da_images.jpg
18345,Fila Men Ankel White Socks,FILA,Men,Accessories,Socks,Socks,White,Casual,Fall,2011.0,http://assets.myntassets.com/v1/images/style/properties/Fila-Men-Ankel-White-Socks08d32ff962b29c0c6545a7eba2180379_images.jpg
18346,Fila Men Crew White Socks,FILA,Men,Accessories,Socks,Socks,White,Casual,Fall,2011.0,http://assets.myntassets.com/v1/images/style/properties/46844c866d9f57116176f83a01dad401_images.jpg
18350,Fila Mens Ankel Logo White Socks,FILA,Men,Accessories,Socks,Socks,White,Casual,Summer,2013.0,http://assets.myntassets.com/v1/images/style/properties/Fila-Mens-Ankel-Logo-White-Socks325b77359c4db4681e0ec6ef400b17ba_images.jpg
18352,Fila Men Grey Socks,FILA,Men,Accessories,Socks,Socks,Grey,Casual,Summer,2013.0,http://assets.myntassets.com/v1/images/style/properties/b2c5c22e77410d64a7f4398a965bb819_images.jpg
18353,Fila Men Ankel Black Socks,FILA,Men,Accessories,Socks,Socks,Black,Casual,Fall,2012.0,http://assets.myntassets.com/v1/images/style/properties/Fila-Men-Ankel-Black-Socksfede286874dd42e3877b621cc1a934a9_images.jpg
18354,Fila Men Performance Ankel  White Socks,FILA,Men,Accessories,Socks,Socks,White,Casual,Fall,2012.0,http://assets.myntassets.com/v1/images/style/properties/Fila-Men-Performance-Ankel-White-Socks38b273d71afeedf97e2c10bacda271b8_images.jpg
18355,Fila Men Ankel White Socks,FILA,Men,Accessories,Socks,Socks,White,Casual,Fall,2011.0,http://assets.myntassets.com/v1/images/style/properties/Fila-Men-Ankel-White-Socksc0ea883da7715ddeb46b3852457cdcc8_images.jpg
18356,Fila Men Ankel Logo Black Socks,FILA,Men,Accessories,Socks,Socks,Black,Casual,Fall,2011.0,http://assets.myntassets.com/v1/images/style/properties/1709f8f692552a3ebb59bc3f64b14618_images.jpg
18357,Fila Men Ankel Grey Socks,FILA,Men,Accessories,Socks,Socks,Grey,Casual,Fall,2011.0,http://assets.myntassets.com/v1/images/style/properties/4fed3d0d9138f5a65ad4949abfeede76_images.jpg
18358,Fila Men Ankel Black Socks,FILA,Men,Accessories,Socks,Socks,Black,Casual,Fall,2011.0,http://assets.myntassets.com/v1/images/style/properties/7c6eb47e06879564b2c358205852642c_images.jpg
18359,Fila Men No Show White Socks,FILA,Men,Accessories,Socks,Socks,White,Casual,Fall,2011.0,http://assets.myntassets.com/v1/images/style/properties/2d7d143faf35e692d601f316592cfa39_images.jpg
1836,Nike Air Visi Sleek Shoes,Nike,Men,Footwear,Shoes,Sports Shoes,Silver,Sports,Fall,2010.0,http://assets.myntassets.com/v1/images/style/properties/cae015b083e7581db36c6df436b7ef80_images.jpg
18360,Fila  Men Crew Black Socks,FILA,Men,Accessories,Socks,Socks,Black,Casual,Fall,2010.0,http://assets.myntassets.com/v1/images/style/properties/ff130ccc279f2a801d3a8e6e2db22c2e_images.jpg
18361,Fila Men Black And White Socks,FILA,Men,Accessories,Socks,Socks,White,Sports,Fall,2012.0,http://assets.myntassets.com/v1/images/style/properties/FILA-Men-Socks_6f31b2b3255e52ca24d16168f325f31e_images.jpg
18363,Fila Men Deckers White Shoes,FILA,Men,Footwear,Shoes,Casual Shoes,White,Casual,Fall,2012.0,http://assets.myntassets.com/v1/images/style/properties/81cbf250a5c912f343c4da8f117f73b2_images.jpg
18364,Undercolors of Benetton Men White V-Brief,Undercolors of Benetton,Men,Apparel,Innerwear,Briefs,White,Casual,Summer,2016.0,http://assets.myntassets.com/v1/images/style/properties/249448bf7384f81d0523fce2e30c7ccb_images.jpg
18366,Undercolors of Benetton Men White Pack of 3 V-Briefs,Undercolors of Benetton,Men,Apparel,Innerwear,Briefs,White,Casual,Summer,2016.0,http://assets.myntassets.com/v1/images/style/properties/a5a222fa883d89336f14479b0fd23fd3_images.jpg
18367,Undercolors of Benetton Men Pack of 2 Vests,Undercolors of Benetton,Men,Apparel,Innerwear,Innerwear Vests,Grey,Casual,Summer,2016.0,http://assets.myntassets.com/v1/images/style/properties/c341f98ab9f50b83ea4f0a568e6b5189_images.jpg
18368,Undercolors of Benetton Men Basic Pack of 2 Innerwear Vests,Undercolors of Benetton,Men,Apparel,Innerwear,Innerwear Vests,White,Casual,Summer,2016.0,http://assets.myntassets.com/v1/images/style/properties/0add46e233f24a072c3429078d4d3e4d_images.jpg
18369,Undercolors of Benetton Men Pack of 2 Innerwear Vests,Undercolors of Benetton,Men,Apparel,Innerwear,Innerwear Vests,White,Casual,Summer,2016.0,http://assets.myntassets.com/v1/images/style/properties/7e776dc94be3988fedb697dbd6398547_images.jpg
18370,Undercolors of Benetton Men Pack Of 3 Innerwear T-Shirts,Undercolors of Benetton,Men,Apparel,Innerwear,Innerwear Vests,Black,Casual,Summer,2016.0,http://assets.myntassets.com/v1/images/style/properties/10565b549beed2e6b121386e3ce43de5_images.jpg
18371,Undercolors of Benetton Men T-Shirts Red Innerwear T-shirt,Undercolors of Benetton,Men,Apparel,Innerwear,Innerwear Vests,Red,Casual,Summer,2016.0,http://assets.myntassets.com/v1/images/style/properties/f3e08232009beeabd96f77236631aff2_images.jpg
18372,Undercolors of Benetton Men Pack of 2 Black Boxer Trunks,Undercolors of Benetton,Men,Apparel,Innerwear,Trunk,Black,Casual,Summer,2016.0,http://assets.myntassets.com/v1/images/style/properties/29a87f48ca65966ca3ba1125f48c7e6e_images.jpg
18374,Undercolors of Benetton Men Pack of 2 White Boxer Trunks,Undercolors of Benetton,Men,Apparel,Innerwear,Trunk,White,Casual,Summer,2016.0,http://assets.myntassets.com/v1/images/style/properties/f2c1603c79e2b634558da5df753c30d9_images.jpg
18375,Undercolors of Benetton Men White Boxer Trunks,Undercolors of Benetton,Men,Apparel,Innerwear,Trunk,White,Casual,Summer,2016.0,http://assets.myntassets.com/v1/images/style/properties/b69a326c9e2857abf917ebdb18c404b7_images.jpg
18376,Under Colors of Benetton Men Black Boxer Trunks,Undercolors of Benetton,Men,Apparel,Innerwear,Trunk,Black,Casual,Summer,2016.0,http://assets.myntassets.com/v1/images/style/properties/Undercolors-of-Benetton-Men-Blue-Boxer-Briefs_5d9aa58ac8be0f80997d28a9f51245d1_images.jpg
18377,Undercolors of Benetton Men Red Boxer Trunks,Undercolors of Benetton,Men,Apparel,Innerwear,Trunk,Red,Casual,Summer,2016.0,http://assets.myntassets.com/v1/images/style/properties/f343f74b610966ab8125eb0d629810b3_images.jpg
18378,Undercolors of Benetton Men Blue Boxer Trunks,Undercolors of Benetton,Men,Apparel,Innerwear,Trunk,Blue,Casual,Summer,2016.0,http://assets.myntassets.com/v1/images/style/properties/00feae5b34cc05eeab5545cbfa7d39b9_images.jpg
18383,Undercolors of Benetton Men Racer White Innerwear Vest,Undercolors of Benetton,Men,Apparel,Innerwear,Innerwear Vests,White,Casual,Summer,2016.0,http://assets.myntassets.com/v1/images/style/properties/1bf0f27608d7e56d77c9dae82812f466_images.jpg
18384,Undercolors of Benetton Men Racer Black Innerwear Vest,Undercolors of Benetton,Men,Apparel,Innerwear,Innerwear Vests,Black,Casual,Summer,2016.0,http://assets.myntassets.com/v1/images/style/properties/30a83172f91779dc931ba0148823b563_images.jpg
18385,Undercolors of Benetton Men Red Tanga Brief,Undercolors of Benetton,Men,Apparel,Innerwear,Briefs,Red,Casual,Summer,2016.0,http://assets.myntassets.com/v1/images/style/properties/2be2b3dc17adc17cec94ecb4c5ae122f_images.jpg
18386,Undercolors of Benetton Men Blue Tanga Brief,Undercolors of Benetton,Men,Apparel,Innerwear,Briefs,Blue,Casual,Summer,2016.0,http://assets.myntassets.com/v1/images/style/properties/7fd32fc7fef967ac7fabf4b628e487a3_images.jpg
18387,Undercolors of Benetton Men Red Tanga Brief,Undercolors of Benetton,Men,Apparel,Innerwear,Briefs,Red,Casual,Summer,2016.0,http://assets.myntassets.com/v1/images/style/properties/0791e13b92e779b523bf67b0e28709c0_images.jpg
18388,Undercolors of Benetton Men White Tanga Brief,Undercolors of Benetton,Men,Apparel,Innerwear,Briefs,White,Casual,Summer,2016.0,http://assets.myntassets.com/v1/images/style/properties/c16e747b3577a9698b5ef20e4fd82572_images.jpg
18389,Undercolors of Benetton Men Black Pack of 2 Brief,Undercolors of Benetton,Men,Apparel,Innerwear,Briefs,Black,Casual,Summer,2016.0,http://assets.myntassets.com/v1/images/style/properties/d9a50cff8dcc95557ab250daca886cce_images.jpg
18391,Undercolors of Benetton Men Pack of 2 White V-Briefs,Undercolors of Benetton,Men,Apparel,Innerwear,Briefs,White,Casual,Summer,2016.0,http://assets.myntassets.com/v1/images/style/properties/bb052d18f41476ff96a51e7449af5b6b_images.jpg
18392,Undercolors of Benetton Men Black V-Brief,Undercolors of Benetton,Men,Apparel,Innerwear,Briefs,Black,Casual,Summer,2016.0,http://assets.myntassets.com/v1/images/style/properties/b3fdb42062697e1859a653766da1dc13_images.jpg
18393,Undercolors of Benetton Men Blue V-Brief,Undercolors of Benetton,Men,Apparel,Innerwear,Briefs,Blue,Casual,Summer,2016.0,http://assets.myntassets.com/v1/images/style/properties/8561fe447f1e8b97e6679ca0984ce818_images.jpg
18394,Undercolors of Benetton Men Red V-Brief,Undercolors of Benetton,Men,Apparel,Innerwear,Briefs,Red,Casual,Summer,2016.0,http://assets.myntassets.com/v1/images/style/properties/01f91fea90f79c66d56949a28f33d0bd_images.jpg
18395,Undercolors of Benetton Men White V-Brief,Undercolors of Benetton,Men,Apparel,Innerwear,Briefs,White,Casual,Summer,2016.0,http://assets.myntassets.com/v1/images/style/properties/b412497f4176894893cfefe467cb5077_images.jpg
18400,Skechers Men Fusion Grey Shoe,Skechers,Men,Footwear,Shoes,Casual Shoes,Grey,Casual,Fall,2011.0,http://assets.myntassets.com/v1/images/style/properties/66f89165b6125dd67bcaf9dc059050f4_images.jpg
18401,Skechers Men USA Brown Sandals,Skechers,Men,Footwear,Sandal,Sandals,Brown,Casual,Fall,2011.0,http://assets.myntassets.com/v1/images/style/properties/8e84d8895879ab41f815edfbf12d4cf3_images.jpg
18402,Skechers Men USA Black Shoe,Skechers,Men,Footwear,Shoes,Casual Shoes,Black,Casual,Fall,2011.0,http://assets.myntassets.com/v1/images/style/properties/865391bfae0dcdf364ce8c996804f2e8_images.jpg
18403,Skechers Men Tone-Ups Black Shoe,Skechers,Men,Footwear,Shoes,Casual Shoes,Black,Casual,Fall,2011.0,http://assets.myntassets.com/v1/images/style/properties/87cd7b092091609ac02f152cb50960f2_images.jpg
18404,Skechers Men USA Brown Shoe,Skechers,Men,Footwear,Shoes,Casual Shoes,Brown,Casual,Fall,2011.0,http://assets.myntassets.com/v1/images/style/properties/d954c9d70790069ca29f9346d28c1a94_images.jpg
18405,Skechers Men USA Brown Shoe,Skechers,Men,Footwear,Shoes,Casual Shoes,Brown,Casual,Summer,2012.0,http://assets.myntassets.com/v1/images/style/properties/0864f725df98a182b763bcc00eadecac_images.jpg
18406,Skechers Men USA Black Shoe,Skechers,Men,Footwear,Shoes,Casual Shoes,Black,Casual,Fall,2011.0,http://assets.myntassets.com/v1/images/style/properties/86617f1b765545c807c73f9596d37e44_images.jpg
1841,Puma Men's Calibre Convertible Spike Shoe,Puma,Men,Footwear,Shoes,Sports Shoes,White,Sports,Fall,2010.0,http://assets.myntassets.com/v1/images/style/properties/4dc04075155e631f7b26cffd521b5837_images.jpg
18412,Skechers MenShape-Ups White Shoe,Skechers,Men,Footwear,Shoes,Sports Shoes,White,Sports,Fall,2011.0,http://assets.myntassets.com/v1/images/style/properties/6d7c3949ad6f784c45e179ea26d5995e_images.jpg
18413,Skechers Men Shape-Ups Black Shoe,Skechers,Men,Footwear,Shoes,Sports Shoes,Black,Sports,Fall,2011.0,http://assets.myntassets.com/v1/images/style/properties/88daaeb76ab35bb0ea2b9be84da33a9f_images.jpg
18415,Skechers Men USA Brown Shoe,Skechers,Men,Footwear,Shoes,Casual Shoes,Brown,Casual,Fall,2011.0,http://assets.myntassets.com/v1/images/style/properties/5575194913f2605db22527d0f708c8c4_images.jpg
18416,Skechers Men USA White Shoe,Skechers,Men,Footwear,Shoes,Casual Shoes,White,Casual,Fall,2011.0,http://assets.myntassets.com/v1/images/style/properties/71a7d7b9f553528cde3234a7e14a9437_images.jpg
18419,Skechers Men Shape-Ups Black Shoe,Skechers,Men,Footwear,Shoes,Sports Shoes,Black,Sports,Fall,2011.0,http://assets.myntassets.com/v1/images/style/properties/cfa78c1f006328a17eeeeca8b5f9926f_images.jpg
1842,Puma Men's Calibre Rubber Shoe,Puma,Men,Footwear,Shoes,Sports Shoes,White,Sports,Fall,2010.0,http://assets.myntassets.com/v1/images/style/properties/69ddc3b701364ea543ddd5bbd8a30056_images.jpg
1844,Inkfruit Mens D day T-shirt,Inkfruit,Men,Apparel,Topwear,Tshirts,Blue,Casual,Summer,2011.0,http://assets.myntassets.com/v1/images/style/properties/4277255ed42045be583bb47e71fec36a_images.jpg
18443,Ed Hardy Love & Luck  Men Fragrance Gift Set,Ed Hardy,Men,Personal Care,Fragrance,Fragrance Gift Set,White,Casual,Spring,2017.0,http://assets.myntassets.com/v1/images/style/properties/6fcadfd5dc01272362125a7177b091ac_images.jpg
18444,Ed Hardy Men Fragrance Gift Set,Ed Hardy,Men,Personal Care,Fragrance,Fragrance Gift Set,White,Casual,Spring,2017.0,http://assets.myntassets.com/v1/images/style/properties/85fdc317dc1e70721b5c611e1edef028_images.jpg
18446,Ed Hardy Natural Men Perfumes,Ed Hardy,Men,Personal Care,Fragrance,Perfume and Body Mist,White,Casual,Spring,2017.0,http://assets.myntassets.com/v1/images/style/properties/8a1168c13d937288f9382626fe532b41_images.jpg
18447,Ed Hardy Love & Luck Men Perfumes,Ed Hardy,Men,Personal Care,Fragrance,Perfume and Body Mist,White,Casual,Spring,2017.0,http://assets.myntassets.com/v1/images/style/properties/fbfdffd70797ca5e38d4792540fc30cc_images.jpg
18449,Ed Hardy Love & Luck Men Perfumes,Ed Hardy,Men,Personal Care,Fragrance,Perfume and Body Mist,White,Casual,Spring,2017.0,http://assets.myntassets.com/v1/images/style/properties/e7732c89a4a183d952fec10d33eed8f7_images.jpg
1845,Inkfruit Mens Surfer T-shirt,Inkfruit,Men,Apparel,Topwear,Tshirts,Blue,Casual,Summer,2011.0,http://assets.myntassets.com/v1/images/style/properties/b69d7089aa9100274594830179b9dd21_images.jpg
18455,Nautica Voyage Men Fragrance Gift Set,Nautica,Men,Personal Care,Fragrance,Fragrance Gift Set,White,Casual,Spring,2017.0,http://assets.myntassets.com/v1/images/style/properties/447e7f936efe369480a89fb6cc74d960_images.jpg
18456,Nautica White Sail Men Perfumes,Nautica,Men,Personal Care,Fragrance,Perfume and Body Mist,White,Casual,Spring,2017.0,http://assets.myntassets.com/v1/images/style/properties/d931d1e817bcf1aef873e58e1c93643f_images.jpg
18457,Nautica Blue Men Perfumes,Nautica,Men,Personal Care,Fragrance,Perfume and Body Mist,White,Casual,Spring,2017.0,http://assets.myntassets.com/v1/images/style/properties/77d649bca8804059c4d86a5e6cc9458d_images.jpg
18458,David Beckham Instinct Men Deos,DAVID BECKHAM,Men,Personal Care,Fragrance,Deodorant,White,Casual,Spring,2017.0,http://assets.myntassets.com/v1/images/style/properties/99ce134e00a45737611cac9767455fa7_images.jpg
18459,David Beckham Intimately Men Deos,DAVID BECKHAM,Men,Personal Care,Fragrance,Deodorant,White,Casual,Spring,2017.0,http://assets.myntassets.com/v1/images/style/properties/e8b9dff957e93239e3dc85fbb4711eea_images.jpg
1846,Inkfruit Men Buddha Bless You T-shirt,Inkfruit,Men,Apparel,Topwear,Tshirts,Blue,Casual,Summer,2011.0,http://assets.myntassets.com/v1/images/style/properties/6536b9192cfd97f3a9e78b71e9d77688_images.jpg
18461,David Beckham Signature Men Deos,DAVID BECKHAM,Men,Personal Care,Fragrance,Deodorant,White,Casual,Spring,2017.0,http://assets.myntassets.com/v1/images/style/properties/3295fc148576955745c0b259d7968727_images.jpg
18462,David Beckham Intense Instinct Men Perfumes,DAVID BECKHAM,Men,Personal Care,Fragrance,Perfume and Body Mist,White,Casual,Spring,2017.0,http://assets.myntassets.com/v1/images/style/properties/db2609912a69e540cbac4f53e778b445_images.jpg
18463,David Beckham Instinct Men Perfumes,DAVID BECKHAM,Men,Personal Care,Fragrance,Perfume and Body Mist,White,Casual,Spring,2017.0,http://assets.myntassets.com/v1/images/style/properties/7fc898413b0055b67c7279870e80ee7d_images.jpg
18464,David Beckham Intimately Men Perfumes,DAVID BECKHAM,Men,Personal Care,Fragrance,Perfume and Body Mist,White,Casual,Spring,2017.0,http://assets.myntassets.com/v1/images/style/properties/8bdab69136fca85e2a6af7fac9c639b8_images.jpg
18467,Reebok Reegame Men Perfumes,Reebok,Men,Personal Care,Fragrance,Perfume and Body Mist,White,Casual,Spring,2017.0,http://assets.myntassets.com/v1/images/style/properties/fb524c4aa3a23cf55dc079fe68830ecd_images.jpg
18469,Reebok Reeplay Men Perfumes,Reebok,Men,Personal Care,Fragrance,Perfume and Body Mist,White,Casual,Spring,2017.0,http://assets.myntassets.com/v1/images/style/properties/472bb561c9d7ccb3a4428f5e5e651fa5_images.jpg
1847,Inkfruit Mens Messy T-shirt,Inkfruit,Men,Apparel,Topwear,Tshirts,Blue,Casual,Summer,2011.0,http://assets.myntassets.com/v1/images/style/properties/1d283082973fef3a9bdfb239900347ce_images.jpg
18470,Reebok Reenergize Men Perfumes,Reebok,Men,Personal Care,Fragrance,Perfume and Body Mist,White,Casual,Spring,2017.0,http://assets.myntassets.com/v1/images/style/properties/9661ecba7110226d54340d4be39fd929_images.jpg
18471,Reebok Reeload Men Perfumes,Reebok,Men,Personal Care,Fragrance,Perfume and Body Mist,White,Casual,Spring,2017.0,http://assets.myntassets.com/v1/images/style/properties/40a544b2b3fc58d05faa1eb55f3d5cf1_images.jpg
18472,Reebok Reecharge Men Perfumes,Reebok,Men,Personal Care,Fragrance,Perfume and Body Mist,White,Casual,Spring,2017.0,http://assets.myntassets.com/v1/images/style/properties/38dc2ac3705076287717d85e48110ef4_images.jpg
18473,Puma Men Calcetto Black Casual Shoes,Puma,Men,Footwear,Shoes,Casual Shoes,Black,Casual,Summer,2011.0,http://assets.myntassets.com/v1/images/style/properties/859faa9ac9168f875e3ecd8d064633fb_images.jpg
18474,Puma Men Calcetto White Casual Shoes,Puma,Men,Footwear,Shoes,Casual Shoes,White,Casual,Summer,2011.0,http://assets.myntassets.com/v1/images/style/properties/da6d2c63fa9687276ddac56f05a27590_images.jpg
18475,Puma Men Racer Bright Green Sports Shoes,Puma,Men,Footwear,Shoes,Sports Shoes,Black,Sports,Fall,2011.0,http://assets.myntassets.com/v1/images/style/properties/11352802f3f6edaeb74f3ff285d8d199_images.jpg
18476,Puma Men Yacht Lifevest Yellow Casual Shoes,Puma,Men,Footwear,Shoes,Casual Shoes,Yellow,Casual,Fall,2011.0,http://assets.myntassets.com/v1/images/style/properties/8082beec818988913878c19ff1010f9d_images.jpg
18477,Puma Men Yacht Lifevest Red Casual Shoes,Puma,Men,Footwear,Shoes,Casual Shoes,Red,Casual,Fall,2011.0,http://assets.myntassets.com/v1/images/style/properties/1b57fb176323ada08fd14e33ff725916_images.jpg
18478,Puma Men Yacht Lifevest Navy Casual Shoes,Puma,Men,Footwear,Shoes,Casual Shoes,Navy Blue,Casual,Fall,2011.0,http://assets.myntassets.com/v1/images/style/properties/2ac43b18c3bd6361f4cfcd56d4f1ed53_images.jpg
18479,Puma Men Super Elevate White Casual Shoes,Puma,Men,Footwear,Shoes,Casual Shoes,White,Casual,Fall,2011.0,http://assets.myntassets.com/v1/images/style/properties/29525d0eecf1c143501046ee6a3bc467_images.jpg
1848,Inkfruit Men Wolf,Inkfruit,Men,Apparel,Topwear,Tshirts,Black,Casual,Summer,2011.0,http://assets.myntassets.com/v1/images/style/properties/8ad3a75645a0c8e7efa86630cbfcfddc_images.jpg
18480,Puma Men Super Elevate Black Casual Shoes,Puma,Men,Footwear,Shoes,Casual Shoes,Black,Casual,Fall,2011.0,http://assets.myntassets.com/v1/images/style/properties/30036736c75e328f7bf19ba660770241_images.jpg
18481,Puma Men Future Cat Blue Casual Shoes,Puma,Men,Footwear,Shoes,Casual Shoes,Blue,Casual,Fall,2011.0,http://assets.myntassets.com/v1/images/style/properties/1504be257162b311f5e0d77481399dd7_images.jpg
18482,Puma Men Future Cat White Casual Shoes,Puma,Men,Footwear,Shoes,Casual Shoes,White,Casual,Fall,2011.0,http://assets.myntassets.com/v1/images/style/properties/451e050cbeb020e845c805f0a4fdf0ca_images.jpg
18484,Puma Men Evo Black Casual Shoes,Puma,Men,Footwear,Shoes,Casual Shoes,Black,Casual,Fall,2011.0,http://assets.myntassets.com/v1/images/style/properties/245a815199dc7af971b7aec3f94bd57a_images.jpg
18485,Puma Men Contest HI Navy Blue Sports Shoes,Puma,Men,Footwear,Shoes,Sports Shoes,Navy Blue,Sports,Fall,2011.0,http://assets.myntassets.com/v1/images/style/properties/45713379b4b40b7ba1a8dd13274c9912_images.jpg
18487,Puma Men Washed Blue Jeans,Puma,Men,Apparel,Bottomwear,Jeans,Blue,Casual,Fall,2011.0,http://assets.myntassets.com/v1/images/style/properties/79b03ea2a9ff575251fffe024a83cde3_images.jpg
18488,Puma Men Stetchable Blue Jeans,Puma,Men,Apparel,Bottomwear,Jeans,Blue,Casual,Fall,2011.0,http://assets.myntassets.com/v1/images/style/properties/db50cbf20f3abf16c17bd8246b3cd782_images.jpg
18489,Puma Men Coupe Black Sandals,Puma,Men,Footwear,Sandal,Sandals,Black,Casual,Fall,2011.0,http://assets.myntassets.com/v1/images/style/properties/0e61380e85c397aff78e430dc5392439_images.jpg
1849,Inkfruit Mens Unbreakable Mumbai T-shirt,Inkfruit,Men,Apparel,Topwear,Tshirts,White,Casual,Summer,2011.0,http://assets.myntassets.com/v1/images/style/properties/dad94da4a4bd8b362a5606b1170bd13d_images.jpg
18491,Nike Men Sideline Black Jacket,Nike,Men,Apparel,Topwear,Jackets,Black,Sports,Fall,2011.0,http://assets.myntassets.com/v1/images/style/properties/b64372445eaa7fbeef2fa9d03de84249_images.jpg
18492,Puma Men Danny Blue Slipper,Puma,Men,Footwear,Flip Flops,Flip Flops,Blue,Casual,Fall,2011.0,http://assets.myntassets.com/v1/images/style/properties/b5df5f57f0feda7a42510b6ebedf4f4d_images.jpg
18493,Puma Men Duncan Multi Slipper,Puma,Men,Footwear,Sandal,Sandals,Multi,Casual,Fall,2011.0,http://assets.myntassets.com/v1/images/style/properties/59adcc25bc20fb817f5917d74fed0aca_images.jpg
18494,Puma Men Daemon White Sports Shoes,Puma,Men,Footwear,Shoes,Sports Shoes,White,Sports,Fall,2011.0,http://assets.myntassets.com/v1/images/style/properties/cbd54b9ca8c62d49c2c2cb8152777864_images.jpg
18495,Puma Men Fashion Cat White Slipper,Puma,Men,Footwear,Sandal,Sandals,White,Casual,Fall,2011.0,http://assets.myntassets.com/v1/images/style/properties/c78acc78b83e4f2e014215d2a302f04b_images.jpg
18496,Puma Men Fashion Cat Navy Blue Slipper,Puma,Men,Footwear,Sandal,Sandals,Navy Blue,Casual,Fall,2011.0,http://assets.myntassets.com/v1/images/style/properties/bbac71f8f5aa26f1f006353ed5060f89_images.jpg
18497,Puma Men Future Cat Black Slipper,Puma,Men,Footwear,Sandal,Sandals,Black,Casual,Fall,2011.0,http://assets.myntassets.com/v1/images/style/properties/73ab543055dd0a053e5754b8604c602e_images.jpg
18498,Puma Men Gypse-II Black Sandals,Puma,Men,Footwear,Sandal,Sandals,Black,Casual,Fall,2011.0,http://assets.myntassets.com/v1/images/style/properties/da716046ee5a5a6c7d79c0800b794a1e_images.jpg
18499,Puma Men Striped Navy Blue Sweater,Puma,Men,Apparel,Topwear,Sweaters,Navy Blue,Casual,Fall,2011.0,http://assets.myntassets.com/v1/images/style/properties/a65a83916ffd110fb39478999371606b_images.jpg
18500,Puma Men V.11 Cat White Tshirts,Puma,Men,Apparel,Topwear,Tshirts,White,Sports,Fall,2011.0,http://assets.myntassets.com/v1/images/style/properties/4a6111c5c12e7720259af43d5a57e593_images.jpg
18501,Puma Men V.11 Cat  Blue Tshirts,Puma,Men,Apparel,Topwear,Tshirts,Blue,Sports,Fall,2011.0,http://assets.myntassets.com/v1/images/style/properties/5e1947abade63b9b5007a9fa00e7010a_images.jpg
18508,Puma Men Ftpa Quarters Black Socks,Puma,Men,Accessories,Socks,Socks,Black,Casual,Summer,2010.0,http://assets.myntassets.com/v1/images/style/properties/15e4a440e392be1a2a838331c7e54cc0_images.jpg
18509,C Vox Men Bubble 1344 Black Jacket,C Vox,Men,Apparel,Topwear,Jackets,Black,Casual,Fall,2011.0,http://assets.myntassets.com/v1/images/style/properties/066a118a682316a791ebe7d8fc4187a7_images.jpg
18512,C Vox Men Red Jacket,C Vox,Men,Apparel,Topwear,Jackets,Red,Casual,Fall,2011.0,http://assets.myntassets.com/v1/images/style/properties/94169af2c535896d85e729ff4951d5a4_images.jpg
18517,C Vox Men Ribstop 1348 Black Jacket,C Vox,Men,Apparel,Topwear,Jackets,Black,Casual,Fall,2011.0,http://assets.myntassets.com/v1/images/style/properties/3a124cafdfe6677dd6e16693a5053ef9_images.jpg
18518,C Vox Men Delirious Disclosure Navy Blue Jacket,C Vox,Men,Apparel,Topwear,Jackets,Navy Blue,Casual,Fall,2011.0,http://assets.myntassets.com/v1/images/style/properties/660d9aec62b749bce5a14a5854f22716_images.jpg
1852,Inkfruit Men Ride It Or Die T-shirt,Inkfruit,Men,Apparel,Topwear,Tshirts,Blue,Casual,Summer,2011.0,http://assets.myntassets.com/v1/images/style/properties/2e95da933ac14a9c46b2629146a5ad51_images.jpg
18522,C Vox Men Solid 1349 Black Jacket,C Vox,Men,Apparel,Topwear,Jackets,Black,Casual,Summer,2015.0,http://assets.myntassets.com/v1/images/style/properties/eaa802c64889f113b5fa5ef310de1cdb_images.jpg
18523,C Vox Men Control Freak Black Jacket,C Vox,Men,Apparel,Topwear,Jackets,Black,Casual,Fall,2011.0,http://assets.myntassets.com/v1/images/style/properties/c3970e73383bccea6cfd82c0093333cf_images.jpg
1853,Inkfruit Mens Little Bit More T-shirt,Inkfruit,Men,Apparel,Topwear,Tshirts,Yellow,Casual,Summer,2011.0,http://assets.myntassets.com/v1/images/style/properties/d45e7b919a13c9c2e8b2f78eb275bd9d_images.jpg
18536,Puma Men Commander White Sports Shoes,Puma,Men,Footwear,Shoes,Sports Shoes,White,Sports,Fall,2011.0,http://assets.myntassets.com/v1/images/style/properties/85286299934477f29b8e12ed8594a08d_images.jpg
1854,Inkfruit Mens Pencho T-shirt,Inkfruit,Men,Apparel,Topwear,Tshirts,Purple,Casual,Summer,2011.0,http://assets.myntassets.com/v1/images/style/properties/cbe90e5a3f0b44e58bb4978cc91e71f8_images.jpg
1855,Inkfruit Mens Chain Reaction T-shirt,Inkfruit,Men,Apparel,Topwear,Tshirts,Grey,Casual,Summer,2011.0,http://assets.myntassets.com/v1/images/style/properties/9c1b19682ecf926c296f520d5d6e0972_images.jpg
1856,Inkfruit Men Rebel Without a Clue T-shirt,Inkfruit,Men,Apparel,Topwear,Tshirts,Red,Casual,Summer,2011.0,http://assets.myntassets.com/v1/images/style/properties/230668add2b7dd31eb37e3b254ff9087_images.jpg
18565,Puma Men Bolt LS Black Belt,Puma,Men,Accessories,Belts,Belts,Black,Casual,Summer,2011.0,http://assets.myntassets.com/v1/images/style/properties/c38cfaf0151e7ada4fc46f28e8ac68d2_images.jpg
18567,Puma Men Faas 300 Yellow Sports Shoes,Puma,Men,Footwear,Shoes,Sports Shoes,Yellow,Sports,Fall,2011.0,http://assets.myntassets.com/v1/images/style/properties/7fb03b8a350eb8a5f2845e2f61cd64b4_images.jpg
18568,Puma Men Benecio Canvas White Casual Shoes,Puma,Men,Footwear,Shoes,Casual Shoes,White,Casual,Fall,2011.0,http://assets.myntassets.com/v1/images/style/properties/c4877de35398f9ade0c144deaae55911_images.jpg
18569,Puma Men Solid Red Sweater,Puma,Men,Apparel,Topwear,Sweaters,Red,Casual,Fall,2011.0,http://assets.myntassets.com/v1/images/style/properties/85895b4551f6ed630aebc3b8d2c8ddd0_images.jpg
1857,Inkfruit Mens Life After Midnight T-shirt,Inkfruit,Men,Apparel,Topwear,Tshirts,Black,Casual,Summer,2011.0,http://assets.myntassets.com/v1/images/style/properties/cac97b0cf8968ee97bf0e11d7a20cafe_images.jpg
18570,Puma Men Boot Red T-shirt,Puma,Men,Apparel,Topwear,Tshirts,Red,Casual,Fall,2011.0,http://assets.myntassets.com/v1/images/style/properties/2ae308610a5893f2e9b4b171a24fab3c_images.jpg
18571,Puma Men Solid Grey Sweater,Puma,Men,Apparel,Topwear,Sweaters,Grey,Casual,Fall,2011.0,http://assets.myntassets.com/v1/images/style/properties/df6533cec702c3817a3e7fa9166c7abc_images.jpg
18572,Puma Men Solid Blue Sweater,Puma,Men,Apparel,Topwear,Sweaters,Blue,Casual,Fall,2011.0,http://assets.myntassets.com/v1/images/style/properties/b38a6480f6330a476e99fbfe0f0bfbcd_images.jpg
18573,Puma Men Striped Full Zip Blue Sweater,Puma,Men,Apparel,Topwear,Sweaters,Blue,Casual,Fall,2011.0,http://assets.myntassets.com/v1/images/style/properties/26a3acaada47b42fbea4987f526bd7fa_images.jpg
18574,Puma Men Ghetto Halftone Black T-shirt,Puma,Men,Apparel,Topwear,Tshirts,Black,Casual,Fall,2011.0,http://assets.myntassets.com/v1/images/style/properties/493ed578cc6bcdbf52cab93361f2a560_images.jpg
18575,Puma Men Ghetto Halftone White T-shirt,Puma,Men,Apparel,Topwear,Tshirts,White,Casual,Fall,2011.0,http://assets.myntassets.com/v1/images/style/properties/b4c7041551ed93a66e1b457c5503e623_images.jpg
18576,Puma Men Riddim Red Tshirt,Puma,Men,Apparel,Topwear,Tshirts,Red,Casual,Fall,2011.0,http://assets.myntassets.com/v1/images/style/properties/5a52a52ca9df6a30b57b3535f9e62f8d_images.jpg
18579,Puma Men Sport Quarters Navy Blue Socks,Puma,Men,Accessories,Socks,Socks,Navy Blue,Sports,Summer,2011.0,http://assets.myntassets.com/v1/images/style/properties/1a88c063d44007a6dc2c18572a154a57_images.jpg
18580,Puma Men Sport Quarters Pack of 3 Socks,Puma,Men,Accessories,Socks,Socks,White,Sports,Summer,2010.0,http://assets.myntassets.com/v1/images/style/properties/dc0ced47fb8555888ef9f05db14aba44_images.jpg
18581,Puma Men Formstripe Short Black Socks,Puma,Men,Accessories,Socks,Socks,Black,Casual,Summer,2011.0,http://assets.myntassets.com/v1/images/style/properties/38f307114252bc744bfc38a119b7d51e_images.jpg
18585,Puma Men Ftpa Quarters Navy Blue Socks,Puma,Men,Accessories,Socks,Socks,Navy Blue,Casual,Summer,2010.0,http://assets.myntassets.com/v1/images/style/properties/8c3d68f4d15c22506424da205fe98151_images.jpg
18586,Puma Men Fundamental Sneakers Olive Socks,Puma,Men,Accessories,Socks,Socks,Olive,Casual,Summer,2011.0,http://assets.myntassets.com/v1/images/style/properties/c00abe6c9c99b842330b98f2f5f0221c_images.jpg
18587,Puma Men Fundamental Sneakers Black Socks,Puma,Men,Accessories,Socks,Socks,Black,Casual,Summer,2010.0,http://assets.myntassets.com/v1/images/style/properties/b02bd2bb59482b1e46483ad99da0b8f7_images.jpg
18588,Puma Men Lifestyle Pack of 3 Socks,Puma,Men,Accessories,Socks,Socks,Black,Casual,Fall,2010.0,http://assets.myntassets.com/v1/images/style/properties/952c8a6f3d2d904b921dc336066746d8_images.jpg
1859,Inkfruit Men Eye Opener T-shirt,Inkfruit,Men,Apparel,Topwear,Tshirts,Red,Casual,Summer,2011.0,http://assets.myntassets.com/v1/images/style/properties/9122f387cf3e60c511e8536740631652_images.jpg
18591,Puma Men White Pack of 3 Socks,Puma,Men,Accessories,Socks,Socks,White,Sports,Fall,2013.0,http://assets.myntassets.com/v1/images/style/properties/Puma-Men-White-Pack-of-3-Socks_6b23918d2c93367a44831e003a445b6d_images.jpg
18592,Puma Men Sport Quarters Pack of 3 Socks,Puma,Men,Accessories,Socks,Socks,White,Sports,Fall,2011.0,http://assets.myntassets.com/v1/images/style/properties/ca7d7af50edade0611cf8a837672fbe2_images.jpg
18593,Puma Men Volt White Sports Shoes,Puma,Men,Footwear,Shoes,Sports Shoes,White,Sports,Fall,2011.0,http://assets.myntassets.com/v1/images/style/properties/311b914c5c373ea7546d6a516f204c0f_images.jpg
18594,New Hide Men Antique Brown Wallet,New Hide,Men,Accessories,Wallets,Wallets,Brown,Casual,Summer,2011.0,http://assets.myntassets.com/v1/images/style/properties/4c92aca55fd374648239a246b5a504b9_images.jpg
18595,New Hide Men Casual Black Wallet,New Hide,Men,Accessories,Wallets,Wallets,Black,Casual,Fall,2011.0,http://assets.myntassets.com/v1/images/style/properties/589d81770e0bb0d62dc00b02c2ce6b11_images.jpg
18596,New Hide Men Casual Black Wallet,New Hide,Men,Accessories,Wallets,Wallets,Black,Casual,Fall,2011.0,http://assets.myntassets.com/v1/images/style/properties/3ea6e9cc9a88fd1bab94f054b0296480_images.jpg
18597,Puma Men Volt Black Sports Shoes,Puma,Men,Footwear,Shoes,Sports Shoes,Black,Sports,Fall,2011.0,http://assets.myntassets.com/v1/images/style/properties/59c8b0ec105143a24120b270e6a1be5f_images.jpg
18598,Puma Men Navy Blue  Drifter Cat Flip flops,Puma,Men,Footwear,Sandal,Sports Sandals,Navy Blue,Casual,Fall,2011.0,http://assets.myntassets.com/v1/images/style/properties/d63d7c4d3cd7ff2fd022e4fd4edf0272_images.jpg
18599,Puma Men Java Black Flip Flops,Puma,Men,Footwear,Flip Flops,Flip Flops,Black,Casual,Summer,2011.0,http://assets.myntassets.com/v1/images/style/properties/8618f8fbc0c74ed1d7cd8e9c5dd70b23_images.jpg
1860,Inkfruit Mens Shiva T-shirt,Inkfruit,Men,Apparel,Topwear,Tshirts,Grey,Casual,Summer,2011.0,http://assets.myntassets.com/v1/images/style/properties/fff7838576b87d6638ed6d1e3b78ec64_images.jpg
18601,Puma Men Black Roque Sandals,Puma,Men,Footwear,Sandal,Sandals,Black,Sports,Fall,2011.0,http://assets.myntassets.com/v1/images/style/properties/b2fc74054083711f62b59120c0c0bddc_images.jpg
18602,Puma Men Commander White Sports Shoes,Puma,Men,Footwear,Shoes,Sports Shoes,White,Sports,Fall,2011.0,http://assets.myntassets.com/v1/images/style/properties/f4bc60f842974ff09459211d10381dc6_images.jpg
18603,New Hide Men Leather Black Belt,New Hide,Men,Accessories,Belts,Belts,Black,Formal,Fall,2011.0,http://assets.myntassets.com/v1/images/style/properties/90b5392a56e4c698eb502111e3debcb4_images.jpg
18604,New Hide Men Canvas Multi Colour Belt,New Hide,Men,Accessories,Belts,Belts,Brown,Casual,Fall,2011.0,http://assets.myntassets.com/v1/images/style/properties/c547838180c97465b18d48cab6729e1a_images.jpg
18605,New Hide Men Leather Black Belt,New Hide,Men,Accessories,Belts,Belts,Black,Formal,Summer,2011.0,http://assets.myntassets.com/v1/images/style/properties/39ee51c3bed8e67e5b55acc4cacf58ec_images.jpg
18606,New Hide Men Leather Brown Belt,New Hide,Men,Accessories,Belts,Belts,Brown,Formal,Fall,2011.0,http://assets.myntassets.com/v1/images/style/properties/c033c83a0baabbf6a1f63cfb1c2737e0_images.jpg
18607,New Hide Men Antique Brown Wallet,New Hide,Men,Accessories,Wallets,Wallets,Brown,Casual,Fall,2011.0,http://assets.myntassets.com/v1/images/style/properties/2d9bb746e1ae0bf5955adf67fe7bb6a6_images.jpg
18609,Puma Men Polo Red Tshirt,Puma,Men,Apparel,Topwear,Tshirts,Red,Casual,Fall,2010.0,http://assets.myntassets.com/v1/images/style/properties/b13ae3c81ff95db21b29aaa321de80bd_images.jpg
1861,Inkfruit Men Graff Wars T-shirt,Inkfruit,Men,Apparel,Topwear,Tshirts,White,Casual,Summer,2011.0,http://assets.myntassets.com/v1/images/style/properties/19af544ced61bd5e5ba9e2b75a7ce34d_images.jpg
18610,Puma Men Training Graphic Black Tshirt,Puma,Men,Apparel,Topwear,Tshirts,Black,Sports,Fall,2011.0,http://assets.myntassets.com/v1/images/style/properties/d62a2e81fbc20f7797fabff7fa473c20_images.jpg
18611,Puma Men Team SS  Spectra Yellow Tshirts,Puma,Men,Apparel,Topwear,Tshirts,Yellow,Sports,Fall,2011.0,http://assets.myntassets.com/v1/images/style/properties/69fde6a906131f8b3973b9c322f60462_images.jpg
18612,Puma Men Team SS Black Tshirts,Puma,Men,Apparel,Topwear,Tshirts,Black,Sports,Fall,2011.0,http://assets.myntassets.com/v1/images/style/properties/1cd8ac96effa4c1978246e22ac871abd_images.jpg
18613,Puma Men Team SS Chive-Olive Tshirts,Puma,Men,Apparel,Topwear,Tshirts,Olive,Sports,Fall,2011.0,http://assets.myntassets.com/v1/images/style/properties/b304cb6b9d91eeec393c9eb7751fd3b2_images.jpg
18614,Puma Men Team SS Bluenights Navy Tshirts,Puma,Men,Apparel,Topwear,Tshirts,Navy Blue,Sports,Fall,2011.0,http://assets.myntassets.com/v1/images/style/properties/8c623bd014dbf112c787e226cc82988c_images.jpg
18615,Puma Men Team SS White Tshirts,Puma,Men,Apparel,Topwear,Tshirts,White,Sports,Fall,2011.0,http://assets.myntassets.com/v1/images/style/properties/9d3192f41c986cf91fe7b440c1889a38_images.jpg
18616,Puma Men Team Essential  lollipop-Red Tshirts,Puma,Men,Apparel,Topwear,Tshirts,Red,Sports,Fall,2011.0,http://assets.myntassets.com/v1/images/style/properties/8c0e95a5bf228a1761a852b93c7f9b24_images.jpg
18617,Puma Men Team Essential White Tshirts,Puma,Men,Apparel,Topwear,Tshirts,White,Sports,Fall,2011.0,http://assets.myntassets.com/v1/images/style/properties/0803a77764a0449ce868a975066b8b36_images.jpg
18618,Puma Men Team Essential Moonlight Steelblue Polo Tshirts,Puma,Men,Apparel,Topwear,Tshirts,Blue,Casual,Fall,2011.0,http://assets.myntassets.com/v1/images/style/properties/5f983aaa15714d35a9d2ecce8c102018_images.jpg
18619,Puma Men Team Essential Polo White Tshirts,Puma,Men,Apparel,Topwear,Tshirts,White,Casual,Fall,2011.0,http://assets.myntassets.com/v1/images/style/properties/5243d6f49c42f7486d17dca6e68eece6_images.jpg
1862,Inkfruit Mens Urban Warfare T-shirt,Inkfruit,Men,Apparel,Topwear,Tshirts,Grey,Casual,Summer,2011.0,http://assets.myntassets.com/v1/images/style/properties/d6148296344abfd0cc84e4961735862e_images.jpg
18620,Puma Men Team Essential Maroon Polo Tshirts,Puma,Men,Apparel,Topwear,Tshirts,Maroon,Casual,Fall,2011.0,http://assets.myntassets.com/v1/images/style/properties/6b56e78f1d2d0728318966232932c9a6_images.jpg
18621,Puma Men Team Essential Polo Black Tshirts,Puma,Men,Apparel,Topwear,Tshirts,Black,Casual,Fall,2011.0,http://assets.myntassets.com/v1/images/style/properties/31630b79da9b853b5747ea9a5be2883d_images.jpg
18622,Puma Men Team Essential Polo Navy Blue Tshirt,Puma,Men,Apparel,Topwear,Tshirts,Navy Blue,Casual,Fall,2011.0,http://assets.myntassets.com/v1/images/style/properties/71638336b996b44de43805043795fb99_images.jpg
18623,Puma Men Lifestyle Knitted Dark Denim Sweaters,Puma,Men,Apparel,Topwear,Sweaters,Blue,Casual,Fall,2011.0,http://assets.myntassets.com/v1/images/style/properties/28848296d6d6aec867b32b78db917c35_images.jpg
18624,Puma Men Lifestyle Knitted Cream Sweaters,Puma,Men,Apparel,Topwear,Sweaters,Cream,Casual,Fall,2011.0,http://assets.myntassets.com/v1/images/style/properties/14a80a69b5902cf022d7db5211ed4ad0_images.jpg
18625,Puma Men Heritage Polo Ribbon Red Tshirt,Puma,Men,Apparel,Topwear,Tshirts,Red,Casual,Fall,2011.0,http://assets.myntassets.com/v1/images/style/properties/055b08e862bf774430b00174665b3fad_images.jpg
18626,Puma Men MC II Grey Tshirts,Puma,Men,Apparel,Topwear,Tshirts,Grey,Casual,Fall,2011.0,http://assets.myntassets.com/v1/images/style/properties/3ab922806919b16e9865329e6ff65fcc_images.jpg
18627,Puma Men Striped Full Zip Red Sweaters,Puma,Men,Apparel,Topwear,Sweaters,Red,Casual,Fall,2011.0,http://assets.myntassets.com/v1/images/style/properties/b958a033c01c5cd7063a42b76d2b66ed_images.jpg
18628,Puma Men Knitted Chocolate Brown Sweaters,Puma,Men,Apparel,Topwear,Sweaters,Brown,Casual,Fall,2011.0,http://assets.myntassets.com/v1/images/style/properties/f3809f78e2894a4aec718c3e893fc2f2_images.jpg
1863,Inkfruit Men Night Wolf T-shirt,Inkfruit,Men,Apparel,Topwear,Tshirts,Black,Casual,Summer,2011.0,http://assets.myntassets.com/v1/images/style/properties/4e234092eeb7a1448aed7c155138bdd6_images.jpg
18630,Puma Men GP Buddh Logo Polo Red Tshirts,Puma,Men,Apparel,Topwear,Tshirts,Red,Casual,Fall,2011.0,http://assets.myntassets.com/v1/images/style/properties/5d3f8e87327bed752cbc9f5ce4892052_images.jpg
18631,Puma Men GP Speed Navy Blue Tshirts,Puma,Men,Apparel,Topwear,Tshirts,Navy Blue,Casual,Fall,2011.0,http://assets.myntassets.com/v1/images/style/properties/7c4fb6d7e77f1d0c8469800f52c20cbc_images.jpg
18632,Puma Men GP Speed Red Tshirts,Puma,Men,Apparel,Topwear,Tshirts,Red,Casual,Fall,2011.0,http://assets.myntassets.com/v1/images/style/properties/06f102abb5ac258354ca818955d6c0e0_images.jpg
18633,Puma Men GP Budg Logo Speed Navy Blue Tshirts,Puma,Men,Apparel,Topwear,Tshirts,Navy Blue,Casual,Fall,2011.0,http://assets.myntassets.com/v1/images/style/properties/53838eddc8d67a8a09c252656fe6710a_images.jpg
18634,Puma Men GP Budg Logo Red Tshirts,Puma,Men,Apparel,Topwear,Tshirts,Red,Casual,Fall,2011.0,http://assets.myntassets.com/v1/images/style/properties/1debad4feb2d09007fc1b8cab18e4892_images.jpg
18635,Puma Men Bts Red Tshirts,Puma,Men,Apparel,Topwear,Tshirts,Red,Sports,Fall,2011.0,http://assets.myntassets.com/v1/images/style/properties/59ea54ac4557da3d75d768b6d272499f_images.jpg
18636,Puma Men V.11 Speed  White Tshirts,Puma,Men,Apparel,Topwear,Tshirts,White,Sports,Fall,2011.0,http://assets.myntassets.com/v1/images/style/properties/39983105a0af1127198ec9e915e1081a_images.jpg
18637,Puma Men V.11 Speed Midnight Navy Tshirts,Puma,Men,Apparel,Topwear,Tshirts,Navy Blue,Sports,Fall,2011.0,http://assets.myntassets.com/v1/images/style/properties/f44b65041eb68d04b73e9b16ce405936_images.jpg
18638,Puma Men V.11 Speed Black Tshirts,Puma,Men,Apparel,Topwear,Tshirts,Black,Sports,Fall,2011.0,http://assets.myntassets.com/v1/images/style/properties/7dbc055fa8f79ab862364fa1234e8b2b_images.jpg
18639,Puma Men V.11 Cat Midnight Navy Tshirts,Puma,Men,Apparel,Topwear,Tshirts,Navy Blue,Sports,Fall,2011.0,http://assets.myntassets.com/v1/images/style/properties/62eaec4c5aff23d51f4dc282498c5824_images.jpg
18640,Puma Men V.11 Cat Black Tshirts,Puma,Men,Apparel,Topwear,Tshirts,Black,Sports,Fall,2011.0,http://assets.myntassets.com/v1/images/style/properties/222dc1f73eb4e7d417f8ba7900e7f7f8_images.jpg
18641,Puma Men  Powercat Graphic Black Tshirts,Puma,Men,Apparel,Topwear,Tshirts,Black,Sports,Fall,2011.0,http://assets.myntassets.com/v1/images/style/properties/42b05bfbbcca09bae60fb55e6733fd09_images.jpg
18642,Puma Men Graphic White Tshirts,Puma,Men,Apparel,Topwear,Tshirts,White,Sports,Fall,2011.0,http://assets.myntassets.com/v1/images/style/properties/83f777fa9135bcef8dc5e56ea53edc16_images.jpg
18643,Puma Men Foundation Polo Navy Blue Tshirts,Puma,Men,Apparel,Topwear,Tshirts,Navy Blue,Casual,Fall,2011.0,http://assets.myntassets.com/v1/images/style/properties/d731237616e6092ce6405d636f66a2f1_images.jpg
18645,Puma Men Striped LS Polo Black Tshirts,Puma,Men,Apparel,Topwear,Tshirts,Black,Casual,Fall,2011.0,http://assets.myntassets.com/v1/images/style/properties/a80ee46e15c1261d883757c9054f66bf_images.jpg
18646,United Colors of Benetton Men Stripes Purple Shirt,United Colors of Benetton,Men,Apparel,Topwear,Shirts,Purple,Casual,Fall,2011.0,http://assets.myntassets.com/v1/images/style/properties/dbd164ce60b1eb4c7e6416cd59d72170_images.jpg
18649,Fila Men Ocassion Grey Slippers,FILA,Men,Footwear,Flip Flops,Flip Flops,Grey,Casual,Fall,2011.0,http://assets.myntassets.com/v1/images/style/properties/a338666c4977595ea5aa42329e49ed7e_images.jpg
1865,Inkfruit Men Operation Kick,Inkfruit,Men,Apparel,Topwear,Tshirts,White,Casual,Summer,2011.0,http://assets.myntassets.com/v1/images/style/properties/9a34230dc7e29c599d062a65a16c3541_images.jpg
18651,Fila Men Over Stitch Brown Slippers,FILA,Men,Footwear,Sandal,Sandals,Brown,Casual,Fall,2011.0,http://assets.myntassets.com/v1/images/style/properties/bcd46efc68ca77f958f6a3e32c9155ad_images.jpg
18653,Fila Men Cush Flex Black Slippers,FILA,Men,Footwear,Flip Flops,Flip Flops,Black,Casual,Fall,2011.0,http://assets.myntassets.com/v1/images/style/properties/53690e3f396f411e184b249672d6ebae_images.jpg
18655,Fila Men Drop Needle Black Slippers,FILA,Men,Footwear,Flip Flops,Flip Flops,Black,Casual,Fall,2011.0,http://assets.myntassets.com/v1/images/style/properties/914b05f0e6f80353629d2eb59a0b2518_images.jpg
18656,Fila Men Thunder Black Basketball Sports Shoes,FILA,Men,Footwear,Shoes,Sports Shoes,Black,Sports,Fall,2011.0,http://assets.myntassets.com/v1/images/style/properties/5f33b8c09907a7baca26ea9f7db469c0_images.jpg
18657,Fila Men Splash Black Basketball Sports Shoes,FILA,Men,Footwear,Shoes,Sports Shoes,Black,Sports,Fall,2011.0,http://assets.myntassets.com/v1/images/style/properties/0c26f1aa51b17176244210f636d5bcb8_images.jpg
18658,Fila Men Craze Brown Casual Shoes,FILA,Men,Footwear,Shoes,Casual Shoes,Brown,Casual,Fall,2011.0,http://assets.myntassets.com/v1/images/style/properties/7ffac975466ae246376fe081f48c5c91_images.jpg
18659,Fila Men Craze Grey Shoes,FILA,Men,Footwear,Shoes,Casual Shoes,Grey,Casual,Fall,2011.0,http://assets.myntassets.com/v1/images/style/properties/fe6ba575977d53f8971931a456a738ff_images.jpg
1866,Inkfruit Mens My Pet T-shirt,Inkfruit,Men,Apparel,Topwear,Tshirts,Maroon,Casual,Summer,2011.0,http://assets.myntassets.com/v1/images/style/properties/fcc06f24e6eefe55d90ca0a3f4d3a842_images.jpg
18665,Fila Men Syncro White Shoes,FILA,Men,Footwear,Shoes,Casual Shoes,White,Casual,Summer,2013.0,http://assets.myntassets.com/v1/images/style/properties/3f475a31c39bcc9c6045a9f8c7452893_images.jpg
18667,Fila Men Grey & Black Sports Shoes,FILA,Men,Footwear,Shoes,Sports Shoes,Grey,Sports,Fall,2011.0,http://assets.myntassets.com/v1/images/style/properties/5a0e370f11fdb3b0d55f5c59a1426559_images.jpg
1867,Inkfruit Men Nayak Nahi T-shirt,Inkfruit,Men,Apparel,Topwear,Tshirts,Blue,Casual,Summer,2011.0,http://assets.myntassets.com/v1/images/style/properties/e7cb4a0f42438a2f9af8d022cf689313_images.jpg
18670,Fila Men Cavander Black Sandals,FILA,Men,Footwear,Sandal,Sandals,Black,Casual,Fall,2011.0,http://assets.myntassets.com/v1/images/style/properties/391a03d9808edb94d8abbf1a2af0489a_images.jpg
18671,Fila Men Cavander Grey Sandals,FILA,Men,Footwear,Sandal,Sandals,Grey,Casual,Fall,2011.0,http://assets.myntassets.com/v1/images/style/properties/46942abfa2f74593e7be3bcfea67c701_images.jpg
18672,Fila Men Survivor Grey Sports Shoes,FILA,Men,Footwear,Shoes,Sports Shoes,Grey,Sports,Fall,2011.0,http://assets.myntassets.com/v1/images/style/properties/c91e551ff74facabb2456993800f48eb_images.jpg
18673,Fila Men Sterling Black Shoes,FILA,Men,Footwear,Shoes,Casual Shoes,Black,Casual,Fall,2011.0,http://assets.myntassets.com/v1/images/style/properties/6b5e7100eb9cc1b22d81b6742bd21b8e_images.jpg
18674,Fila Men Sterling White Sports shoes,FILA,Men,Footwear,Shoes,Sports Shoes,White,Sports,Fall,2011.0,http://assets.myntassets.com/v1/images/style/properties/62fac0970d0c04562f9f5b40e5d0a258_images.jpg
18675,Fila Men Survivor White Sports Shoes,FILA,Men,Footwear,Shoes,Sports Shoes,White,Sports,Summer,2012.0,http://assets.myntassets.com/v1/images/style/properties/1996ced4ed237ceb718eaaab9167ccd8_images.jpg
18677,Fila Men Navy Blue Ziggles Flip Flops,FILA,Men,Footwear,Flip Flops,Flip Flops,Navy Blue,Casual,Fall,2011.0,http://assets.myntassets.com/v1/images/style/properties/Fila-Men-Navy-Blue-Ziggles-Flip-Flops_62a598b61dadcfc292d2775e11cf89d5_images.jpg
18678,Hanes Men Black Boxer  Trunks,Hanes,Men,Apparel,Innerwear,Trunk,Black,Casual,Summer,2016.0,http://assets.myntassets.com/v1/images/style/properties/2613f71de3cea7a6ccaf6ae24da338c7_images.jpg
18679,Hanes Men  Brown Boxer Trunks,Hanes,Men,Apparel,Innerwear,Trunk,Brown,Casual,Summer,2016.0,http://assets.myntassets.com/v1/images/style/properties/814c18d1c99fa1cc96b4c97612cefafd_images.jpg
1868,Inkfruit Mens Facebook Like T-shirt,Inkfruit,Men,Apparel,Topwear,Tshirts,White,Casual,Summer,2011.0,http://assets.myntassets.com/v1/images/style/properties/28403a9781769e07442443b6e1c8fe93_images.jpg
18680,Hanes Men Grey Retro Boxer Trunks,Hanes,Men,Apparel,Innerwear,Trunk,Grey,Casual,Summer,2016.0,http://assets.myntassets.com/v1/images/style/properties/54d5152ba4cf22be21af735417b6fab6_images.jpg
18681,Hanes Men Black Retro Boxer Trunks,Hanes,Men,Apparel,Innerwear,Trunk,Black,Casual,Summer,2016.0,http://assets.myntassets.com/v1/images/style/properties/48531366c75d82f0602c569c23ff62b4_images.jpg
18682,Hanes Men Black Premium Bikini Briefs,Hanes,Men,Apparel,Innerwear,Briefs,Black,Casual,Summer,2016.0,http://assets.myntassets.com/v1/images/style/properties/6f35cf040a90fc503daa88603439f8da_images.jpg
18683,Hanes Men Navy Blue Premium Bikini Briefs,Hanes,Men,Apparel,Innerwear,Briefs,Blue,Casual,Summer,2016.0,http://assets.myntassets.com/v1/images/style/properties/7255a1980cdf15c4d73bc79658ca1834_images.jpg
18684,Hanes Men Brown Premium Bikini Briefs,Hanes,Men,Apparel,Innerwear,Briefs,Brown,Casual,Summer,2016.0,http://assets.myntassets.com/v1/images/style/properties/1ea033db38b98d27f3bd69e83e065d99_images.jpg
18685,Hanes Men Grey Premium Bikini Briefs,Hanes,Men,Apparel,Innerwear,Briefs,Grey,Casual,Summer,2016.0,http://assets.myntassets.com/v1/images/style/properties/8b3051c712ad30944c92eb4df8d9310a_images.jpg
18686,Hanes Men Grey Premium Bikini Briefs,Hanes,Men,Apparel,Innerwear,Briefs,Grey,Casual,Summer,2016.0,http://assets.myntassets.com/v1/images/style/properties/33bf1c3da6449980ad6d5bf029523bc8_images.jpg
1869,FIFA Mens 1904 Navy Blue T-shirt,FIFA,Men,Apparel,Topwear,Tshirts,Navy Blue,Casual,Winter,2010.0,http://assets.myntassets.com/v1/images/style/properties/e4a138a3b48387132d9593c7570c20b8_images.jpg
18691,Hanes Men Black Modern Duo Dry Cotton Stretch Trunks,Hanes,Men,Apparel,Innerwear,Trunk,Black,Casual,Summer,2016.0,http://assets.myntassets.com/v1/images/style/properties/b40fb68da475bd66c965d5ceae55a34f_images.jpg
18692,Hanes Men Blue Modern Duo Dry Cotton Stretch Trunks,Hanes,Men,Apparel,Innerwear,Trunk,Blue,Casual,Summer,2016.0,http://assets.myntassets.com/v1/images/style/properties/7e1d885ee8dac1a78b014fa8d28e079c_images.jpg
18693,Hanes Men Grey Modern Duo Dry Cotton Stretch Trunks,Hanes,Men,Apparel,Innerwear,Trunk,Grey,Casual,Summer,2016.0,http://assets.myntassets.com/v1/images/style/properties/6b2023b35499d01773cb5eab09523380_images.jpg
18694,Hanes Men Blue Modern Duo Dry Cotton Stretch Trunks,Hanes,Men,Apparel,Innerwear,Trunk,Blue,Casual,Summer,2016.0,http://assets.myntassets.com/v1/images/style/properties/b4ab7430785c8692d14cb9675b9157bf_images.jpg
18695,Hanes Men White Modern Duo Dry Cotton Stretch Trunks,Hanes,Men,Apparel,Innerwear,Trunk,White,Casual,Summer,2016.0,http://assets.myntassets.com/v1/images/style/properties/154a4a4293e08deffed72713bcf79f99_images.jpg
18696,Hanes Men Black Ultimate Duo Dry Cotton Stretch Bikini Briefs,Hanes,Men,Apparel,Innerwear,Briefs,Black,Casual,Summer,2016.0,http://assets.myntassets.com/v1/images/style/properties/26cb109d81f58b1d89bd221d7111f4cf_images.jpg
18697,Hanes Men Blue Ultimate Duo Dry Cotton Stretch Bikini Briefs,Hanes,Men,Apparel,Innerwear,Briefs,Blue,Casual,Summer,2016.0,http://assets.myntassets.com/v1/images/style/properties/6879fd9ea29dc2c0f27468b7748255f3_images.jpg
18698,Hanes Men Grey Ultimate Duo Dry Cotton Stretch Bikini Briefs,Hanes,Men,Apparel,Innerwear,Briefs,Grey,Casual,Summer,2016.0,http://assets.myntassets.com/v1/images/style/properties/Hanes-Men-Ultimate-Grey-Brief_0782bb329d30535e2a3bef5657940458_images.jpg
18699,Hanes Men Blue Ultimate Duo Dry Cotton Stretch Bikini Briefs,Hanes,Men,Apparel,Innerwear,Briefs,Blue,Casual,Summer,2016.0,http://assets.myntassets.com/v1/images/style/properties/7d6cd5daf4a661ce5a7de6d12577f3c8_images.jpg
1870,FIFA Mens 1990 World Cup Black T-shirt,FIFA,Men,Apparel,Topwear,Tshirts,Black,Casual,Winter,2010.0,http://assets.myntassets.com/v1/images/style/properties/4c43ad34c08146930aed14b810f6df36_images.jpg
18700,Hanes Men Black Ultimate Duo Dry Cotton Stretch Hip Briefs,Hanes,Men,Apparel,Innerwear,Briefs,Black,Casual,Summer,2016.0,http://assets.myntassets.com/v1/images/style/properties/b0d5312f3ce805a99a5c0e8cbcafa805_images.jpg
18701,Hanes Men Blue Ultimate Duo Dry Cotton Stretch Hip Briefs,Hanes,Men,Apparel,Innerwear,Briefs,Blue,Casual,Summer,2016.0,http://assets.myntassets.com/v1/images/style/properties/2ab919403eaf0d99703e122364d0fd09_images.jpg
18702,Hanes Men Ultimate Blue Brief,Hanes,Men,Apparel,Innerwear,Briefs,Blue,Casual,Summer,2016.0,http://assets.myntassets.com/v1/images/style/properties/1d319ddabe0654c4da80215775518aa9_images.jpg
18703,Hanes Men Grey Hip Duo Dry Cotton Stretch Hip Briefs,Hanes,Men,Apparel,Innerwear,Briefs,Grey,Casual,Summer,2016.0,http://assets.myntassets.com/v1/images/style/properties/4e0039b65ac824d170aa792680a35ccd_images.jpg
18704,Hanes Men Blue Ultimate Duo Dry Cotton Stretch Hip Briefs,Hanes,Men,Apparel,Innerwear,Briefs,Blue,Casual,Summer,2016.0,http://assets.myntassets.com/v1/images/style/properties/762daca4379da6fa1fba21353c64f95d_images.jpg
18705,Hanes Men White Ultimate Duo Dry Cotton Stretch Hip Briefs,Hanes,Men,Apparel,Innerwear,Briefs,White,Casual,Summer,2016.0,http://assets.myntassets.com/v1/images/style/properties/c30068d7ba86c9f840b442d6e36e97e4_images.jpg
18706,Hanes Men Ultimate White Brief,Hanes,Men,Apparel,Innerwear,Briefs,White,Casual,Summer,2016.0,http://assets.myntassets.com/v1/images/style/properties/27e8460819e1c130b32b27c78d5ec750_images.jpg
1871,FIFA Mens 1990 World Cup White T-shirt,FIFA,Men,Apparel,Topwear,Tshirts,White,Casual,Winter,2010.0,http://assets.myntassets.com/v1/images/style/properties/cd802d00f1d63dc3ef43137f5e23f66a_images.jpg
1872,FIFA Mens 1962 World Cup White T-shirt,FIFA,Men,Apparel,Topwear,Tshirts,White,Casual,Winter,2010.0,http://assets.myntassets.com/v1/images/style/properties/69eb6600b347ea35f5de6d9f5d4d310c_images.jpg
1875,FIFA Mens 1990 World Cup Edition T-shirt,FIFA,Men,Apparel,Topwear,Tshirts,Green,Casual,Winter,2010.0,http://assets.myntassets.com/v1/images/style/properties/d9d8b52a9971d65faf53cc9d97605a4c_images.jpg
1876,FIFA Mens Mexican Wave White T-shirt,FIFA,Men,Apparel,Topwear,Tshirts,White,Casual,Winter,2010.0,http://assets.myntassets.com/v1/images/style/properties/c811f8dad56f737025d6088fb3bea513_images.jpg
18766,Peter England Men Elite Grey Tie,Peter England,Men,Accessories,Ties,Ties,Grey,Formal,Summer,2011.0,http://assets.myntassets.com/v1/images/style/properties/aa1f7566b76590ad4844156210d17638_images.jpg
18767,Peter England Men Elite Purple Tie,Peter England,Men,Accessories,Ties,Ties,Purple,Formal,Summer,2011.0,http://assets.myntassets.com/v1/images/style/properties/8fb1f8d041b543e9590d1874d7b7ec58_images.jpg
18768,Peter England Men Elite Navy Blue Tie,Peter England,Men,Accessories,Ties,Ties,Navy Blue,Formal,Summer,2011.0,http://assets.myntassets.com/v1/images/style/properties/Peter-England-Men-Elite-Navy-Blue-Tieb121ca6e0bb2a6c355ae4fd1f9a54f7c_images.jpg
18769,Peter England Men Elite Black Tie,Peter England,Men,Accessories,Ties,Ties,Black,Formal,Summer,2011.0,http://assets.myntassets.com/v1/images/style/properties/bf2db25f7d400d16686a20a12052b4f7_images.jpg
1877,FIFA Mens Mexican Wave Grey T-shirt,FIFA,Men,Apparel,Topwear,Tshirts,Grey,Casual,Winter,2010.0,http://assets.myntassets.com/v1/images/style/properties/f22da265b1f30ebfbf70077596efcc0a_images.jpg
18770,Peter England Men Elite Black Tie,Peter England,Men,Accessories,Ties,Ties,Black,Formal,Summer,2011.0,http://assets.myntassets.com/v1/images/style/properties/a545a7fedfb858978d7404a40162d1fc_images.jpg
18771,Peter England Men Elite Grey Tie,Peter England,Men,Accessories,Ties,Ties,Grey,Formal,Summer,2011.0,http://assets.myntassets.com/v1/images/style/properties/4de02ea13ba39d04a88f4324b13972dc_images.jpg
18772,Peter England Men Elite Maroon Tie,Peter England,Men,Accessories,Ties,Ties,Maroon,Formal,Summer,2011.0,http://assets.myntassets.com/v1/images/style/properties/7943f85bf8c5c0ead37be8217875c9b8_images.jpg
18773,Peter England Men Elite Navy Blue Tie,Peter England,Men,Accessories,Ties,Ties,Navy Blue,Formal,Summer,2011.0,http://assets.myntassets.com/v1/images/style/properties/cc34ed60eced2dc120c3a4f79564e41c_images.jpg
18774,Peter England Men Elite Purple Tie,Peter England,Men,Accessories,Ties,Ties,Purple,Formal,Fall,2011.0,http://assets.myntassets.com/v1/images/style/properties/0dcbc416cdac1560a95132411672f1a9_images.jpg
18775,Peter England Men Elite Purple Tie,Peter England,Men,Accessories,Ties,Ties,Purple,Formal,Summer,2011.0,http://assets.myntassets.com/v1/images/style/properties/f2e464993c1552d8eb37fc738efe5de3_images.jpg
18776,Peter England Men Elite Purple Tie,Peter England,Men,Accessories,Ties,Ties,Purple,Formal,Fall,2011.0,http://assets.myntassets.com/v1/images/style/properties/Peter-England-Men-Elite-Purple-Tiec27e4127fe58403db17b3d81578cc1d0_images.jpg
18777,Peter England Men Elite Navy Blue Tie,Peter England,Men,Accessories,Ties,Ties,Navy Blue,Formal,Summer,2011.0,http://assets.myntassets.com/v1/images/style/properties/3822ce79ddc8eec620475f1782e8308b_images.jpg
18778,Peter England Men Elite Purple Tie,Peter England,Men,Accessories,Ties,Ties,Purple,Formal,Fall,2011.0,http://assets.myntassets.com/v1/images/style/properties/Peter-England-Men-Elite-Purple-Tiedec4ae28956e883889d0bcf2b6412cb4_images.jpg
18779,Peter England Men Elite Purple Tie,Peter England,Men,Accessories,Ties,Ties,Purple,Formal,Summer,2011.0,http://assets.myntassets.com/v1/images/style/properties/c0801c5fb6209a92c974f2b92d2ddcfc_images.jpg
18780,Peter England Men Elite Black Tie,Peter England,Men,Accessories,Ties,Ties,Black,Formal,Summer,2011.0,http://assets.myntassets.com/v1/images/style/properties/17214575ce75f8dd76cb5739e6a549d7_images.jpg
18781,Peter England Men Elite Blue Tie,Peter England,Men,Accessories,Ties,Ties,Blue,Formal,Summer,2011.0,http://assets.myntassets.com/v1/images/style/properties/06e6cf3eac589538713a7ff389374a88_images.jpg
18782,Peter England Men Elite Cream Tie,Peter England,Men,Accessories,Ties,Ties,Cream,Formal,Summer,2011.0,http://assets.myntassets.com/v1/images/style/properties/Peter-England-Men-Elite-Cream-Tied5f815a8e64dd934bba04d3dc7033c75_images.jpg
18783,Peter England Men Elite Blue Tie,Peter England,Men,Accessories,Ties,Ties,Blue,Formal,Summer,2011.0,http://assets.myntassets.com/v1/images/style/properties/c771d109ee621c229e38b9d935bc2c92_images.jpg
18784,Peter England Men Elite Lavender Tie,Peter England,Men,Accessories,Ties,Ties,Lavender,Formal,Summer,2011.0,http://assets.myntassets.com/v1/images/style/properties/3352db0d8b0c0509595b971d5c3302d6_images.jpg
18785,Peter England Men Elite Black Tie,Peter England,Men,Accessories,Ties,Ties,Black,Formal,Summer,2011.0,http://assets.myntassets.com/v1/images/style/properties/290d044578f43ce0f67700d1eb6dd79f_images.jpg
18786,Peter England Men Elements Black Wallet,Peter England,Men,Accessories,Wallets,Wallets,Black,Casual,Summer,2009.0,http://assets.myntassets.com/v1/images/style/properties/e3695eea3d7bf416111486b0a973987e_images.jpg
18787,Peter England Men Elements Beige Wallet,Peter England,Men,Accessories,Wallets,Wallets,Beige,Casual,Fall,2009.0,http://assets.myntassets.com/v1/images/style/properties/dff0835f9932aca86671f144f1ab9a1b_images.jpg
18789,Peter England Men Elements Brown Wallet,Peter England,Men,Accessories,Wallets,Wallets,Brown,Casual,Fall,2011.0,http://assets.myntassets.com/v1/images/style/properties/a75608e0eb18dc9165cb88261c4876ff_images.jpg
1879,FIFA Mens 1982 Spain Red T-shirt,FIFA,Men,Apparel,Topwear,Tshirts,Red,Casual,Winter,2010.0,http://assets.myntassets.com/v1/images/style/properties/9730356516e09e5be3bdf6cf4667cbc7_images.jpg
18791,Peter England Men Elements Black Wallet,Peter England,Men,Accessories,Wallets,Wallets,Black,Casual,Summer,2011.0,http://assets.myntassets.com/v1/images/style/properties/3ff6d379741825cf1f33437252fed861_images.jpg
18792,Peter England Men Elements Brown Wallet,Peter England,Men,Accessories,Wallets,Wallets,Brown,Casual,Fall,2010.0,http://assets.myntassets.com/v1/images/style/properties/02b1b3b105e9a40fb11204a3ea6947ed_images.jpg
1880,FIFA Mens World Cup Champions Black T-shirt,FIFA,Men,Apparel,Topwear,Tshirts,Black,Casual,Winter,2010.0,http://assets.myntassets.com/v1/images/style/properties/beda7543b85fb982c21faa86181d93ac_images.jpg
18801,Peter England Men Casual Brown Belt,Peter England,Men,Accessories,Belts,Belts,Brown,Casual,Summer,2011.0,http://assets.myntassets.com/v1/images/style/properties/036080ad254438901d32fb0e3c6369e6_images.jpg
18802,Peter England Men Casual Black Belt,Peter England,Men,Accessories,Belts,Belts,Black,Casual,Summer,2011.0,http://assets.myntassets.com/v1/images/style/properties/d7de31ccb71b715ab0ceb3f5d6ee64df_images.jpg
18803,Peter England Men Casual Brown Belt,Peter England,Men,Accessories,Belts,Belts,Brown,Casual,Summer,2011.0,http://assets.myntassets.com/v1/images/style/properties/004be494ca1962533d32842629b5f355_images.jpg
18804,Peter England Men Casual Green Belt,Peter England,Men,Accessories,Belts,Belts,Green,Casual,Summer,2011.0,http://assets.myntassets.com/v1/images/style/properties/5a139a48b5ef348d4ef254385aff19dd_images.jpg
18805,Peter England Men Casual Red Belt,Peter England,Men,Accessories,Belts,Belts,Red,Casual,Summer,2011.0,http://assets.myntassets.com/v1/images/style/properties/9df0aa8447cd59f2df421d6ec8f36322_images.jpg
18806,Peter England Men Casual Tan Belt,Peter England,Men,Accessories,Belts,Belts,Tan,Casual,Summer,2011.0,http://assets.myntassets.com/v1/images/style/properties/f8a2854d9f97f9fde7b768dd3648198d_images.jpg
18807,Peter England Men Casual Off White Belt,Peter England,Men,Accessories,Belts,Belts,Off White,Casual,Summer,2011.0,http://assets.myntassets.com/v1/images/style/properties/a4f056a56c547572d2540068915c396c_images.jpg
18808,Peter England Men Casual Navy Blue Belt,Peter England,Men,Accessories,Belts,Belts,Navy Blue,Casual,Summer,2011.0,http://assets.myntassets.com/v1/images/style/properties/f738249673da002d005bb3df98aa19ba_images.jpg
18809,Peter England Men Casual Olive Belt,Peter England,Men,Accessories,Belts,Belts,Olive,Casual,Summer,2011.0,http://assets.myntassets.com/v1/images/style/properties/dd988cb3be73a4ce17e430a14a34396f_images.jpg
1881,FIFA Mens France 1938 Grey T-shirt,FIFA,Men,Apparel,Topwear,Tshirts,Grey,Casual,Winter,2010.0,http://assets.myntassets.com/v1/images/style/properties/88a6b9ec2be3c02b4a0a01ca902fe30c_images.jpg
18810,Peter England Men Casual Olive Belt,Peter England,Men,Accessories,Belts,Belts,Olive,Casual,Summer,2011.0,http://assets.myntassets.com/v1/images/style/properties/c418fdc341e765b835db226199c5be98_images.jpg
18811,Peter England Men Casual Blue Belt,Peter England,Men,Accessories,Belts,Belts,Blue,Casual,Summer,2011.0,http://assets.myntassets.com/v1/images/style/properties/828c479e5665f49380beb4a61082cf4c_images.jpg
18812,Peter England Men Casual Olive Belt,Peter England,Men,Accessories,Belts,Belts,Olive,Casual,Summer,2011.0,http://assets.myntassets.com/v1/images/style/properties/193d64c8fe1dafd2b8dc9296e108bac2_images.jpg
18813,Peter England Men Casual Navy Blue Belt,Peter England,Men,Accessories,Belts,Belts,Navy Blue,Casual,Summer,2011.0,http://assets.myntassets.com/v1/images/style/properties/815cbd6b5411c41945bfcff56cc97f73_images.jpg
18814,Peter England Men Casual Khakhi Belt,Peter England,Men,Accessories,Belts,Belts,Khaki,Casual,Summer,2011.0,http://assets.myntassets.com/v1/images/style/properties/8b48c76617712efe54e0e56337f4ed48_images.jpg
18817,Peter England Men Statements Black Wallet,Peter England,Men,Accessories,Wallets,Wallets,Black,Formal,Summer,2011.0,http://assets.myntassets.com/v1/images/style/properties/8a30ba8733e36d3c7c0b97368df09da1_images.jpg
18818,Peter England Men Statements Black Wallet,Peter England,Men,Accessories,Wallets,Wallets,Black,Formal,Fall,2011.0,http://assets.myntassets.com/v1/images/style/properties/98b0156f91882f9659bf93f504b563f4_images.jpg
18819,Peter England Men Statements Black Wallet,Peter England,Men,Accessories,Wallets,Wallets,Black,Formal,Fall,2011.0,http://assets.myntassets.com/v1/images/style/properties/5cfab42c1285160d096b35d688773445_images.jpg
1882,FIFA Mens Code Collection Red T-shirt,FIFA,Men,Apparel,Topwear,Tshirts,Red,Casual,Winter,2010.0,http://assets.myntassets.com/v1/images/style/properties/75eb1404040e289934744a945fcf33f1_images.jpg
18820,Peter England Men Statements Black Wallet,Peter England,Men,Accessories,Wallets,Wallets,Black,Casual,Summer,2011.0,http://assets.myntassets.com/v1/images/style/properties/Peter-England-Men-Statements-Black-Wallet_82c00d7cf24ea093ec46a0e888d1fc3d_images.jpg
18821,Peter England Men Statements Tan Wallet,Peter England,Men,Accessories,Wallets,Wallets,Tan,Formal,Summer,2011.0,http://assets.myntassets.com/v1/images/style/properties/454f634a7d9509155ce10fe1cc55929b_images.jpg
18822,Peter England Men Statements Brown Wallet,Peter England,Men,Accessories,Wallets,Wallets,Brown,Formal,Summer,2011.0,http://assets.myntassets.com/v1/images/style/properties/61d776f286d1d2ebe6b2ad8e7c45edcf_images.jpg
18823,Peter England Men Statements Black Wallet,Peter England,Men,Accessories,Wallets,Wallets,Black,Formal,Fall,2011.0,http://assets.myntassets.com/v1/images/style/properties/94c8fed2c811f5547e47383483cb8c9f_images.jpg
18824,Peter England Men Statements Black Wallet,Peter England,Men,Accessories,Wallets,Wallets,Black,Formal,Summer,2011.0,http://assets.myntassets.com/v1/images/style/properties/62ac26c3a8b9518dea42b6b9360e4d55_images.jpg
18825,Peter England Men Statements Brown Wallet,Peter England,Men,Accessories,Wallets,Wallets,Brown,Formal,Fall,2011.0,http://assets.myntassets.com/v1/images/style/properties/982216a9264b3b2900e7ea7273ba3969_images.jpg
18826,Peter England Men Statements Brown Wallet,Peter England,Men,Accessories,Wallets,Wallets,Brown,Unknown,Summer,2011.0,http://assets.myntassets.com/v1/images/style/properties/a8cc40433828dbd034b5c5f1d3311e08_images.jpg
18827,Peter England Men Statements Black Wallet,Peter England,Men,Accessories,Wallets,Wallets,Black,Formal,Summer,2011.0,http://assets.myntassets.com/v1/images/style/properties/0f3e3f5c1a48665f65d9895b9c727984_images.jpg
18828,Peter England Men Statements Brown Wallet,Peter England,Men,Accessories,Wallets,Wallets,Brown,Formal,Summer,2011.0,http://assets.myntassets.com/v1/images/style/properties/2880d1aaded27bc1837a9dc5d5f80757_images.jpg
18829,Peter England Men Formal Tan Belt,Peter England,Men,Accessories,Belts,Belts,Tan,Formal,Summer,2011.0,http://assets.myntassets.com/v1/images/style/properties/00b4ba7844e015ccbdff8b57970e8b5f_images.jpg
1883,FIFA Mens Heritage Collection Grey Track Pants,FIFA,Men,Apparel,Bottomwear,Track Pants,Grey,Casual,Winter,2010.0,http://assets.myntassets.com/v1/images/style/properties/82dce7cf7882e4c4735f838218bd869d_images.jpg
18830,Peter England Men Formal Black Belt,Peter England,Men,Accessories,Belts,Belts,Black,Formal,Summer,2011.0,http://assets.myntassets.com/v1/images/style/properties/55f8e4564beed74879fb0daca7cf4a22_images.jpg
18831,Peter England Men Formal Brown Belt,Peter England,Men,Accessories,Belts,Belts,Brown,Formal,Summer,2011.0,http://assets.myntassets.com/v1/images/style/properties/1e902809cd7030b51344d4290b3d04a5_images.jpg
18832,Peter England Men Formal Brown Belt,Peter England,Men,Accessories,Belts,Belts,Brown,Formal,Summer,2011.0,http://assets.myntassets.com/v1/images/style/properties/f84d2e62b06ca7bb0a7699237b212a69_images.jpg
18833,Peter England Men Formal Black Belt,Peter England,Men,Accessories,Belts,Belts,Black,Formal,Summer,2011.0,http://assets.myntassets.com/v1/images/style/properties/24d0bf0abf69eb3c0e6aea29d62f3bf5_images.jpg
18834,Peter England Men Formal Brown Belt,Peter England,Men,Accessories,Belts,Belts,Brown,Formal,Summer,2011.0,http://assets.myntassets.com/v1/images/style/properties/e8080d15a7b25bad794c395f907fb8a3_images.jpg
18835,Peter England Men Formal Brown Belt,Peter England,Men,Accessories,Belts,Belts,Brown,Formal,Summer,2011.0,http://assets.myntassets.com/v1/images/style/properties/1817db741cd37d4cde7ec755a0d4926d_images.jpg
18836,Peter England Men Classic Black Belt,Peter England,Men,Accessories,Belts,Belts,Black,Casual,Summer,2011.0,http://assets.myntassets.com/v1/images/style/properties/4caac0427c5ac754e08c2c5e2b3bb151_images.jpg
18837,Peter England Men Formal Brown Belt,Peter England,Men,Accessories,Belts,Belts,Brown,Formal,Summer,2011.0,http://assets.myntassets.com/v1/images/style/properties/8a3eec8f2f75243d5a3cc9913d72160b_images.jpg
18838,Peter England Men Formal Black Belt,Peter England,Men,Accessories,Belts,Belts,Black,Formal,Summer,2011.0,http://assets.myntassets.com/v1/images/style/properties/1969b41138f3e4111d3f2c434ee635d3_images.jpg
18839,Peter England Men Formal Black Belt,Peter England,Men,Accessories,Belts,Belts,Black,Formal,Fall,2011.0,http://assets.myntassets.com/v1/images/style/properties/Peter-England-Men-Formal-Black-Beltbc472bd919c505690ecbc1eed8af7fbf_images.jpg
1884,FIFA Mens 1905 Heritage Collection Track Pants,FIFA,Men,Apparel,Bottomwear,Track Pants,Navy Blue,Casual,Winter,2010.0,http://assets.myntassets.com/v1/images/style/properties/4b2148aceb9998e7a22b1a722cf6dbd0_images.jpg
18840,Peter England Men Formal Brown Belt,Peter England,Men,Accessories,Belts,Belts,Brown,Formal,Fall,2011.0,http://assets.myntassets.com/v1/images/style/properties/Peter-England-Men-Formal-Brown-Beltdaaace70950e107fc7127a02cbe36dda_images.jpg
18841,Peter England Men Formal Tan Belt,Peter England,Men,Accessories,Belts,Belts,Tan,Formal,Fall,2011.0,http://assets.myntassets.com/v1/images/style/properties/Peter-England-Men-Formal-Tan-Belt72f4c32a408e60be43ea4935db123c37_images.jpg
18842,Puma Men Graphic Stellar Blue Tshirt,Puma,Men,Apparel,Topwear,Tshirts,Blue,Casual,Fall,2011.0,http://assets.myntassets.com/v1/images/style/properties/e75923d709a7c7c200448642e22f0841_images.jpg
18843,Puma Men Graphic Print Red Tshirt,Puma,Men,Apparel,Topwear,Tshirts,Red,Casual,Fall,2011.0,http://assets.myntassets.com/v1/images/style/properties/02f7dc0ae02f110ab8e9420ac8b38bda_images.jpg
18844,Puma Men Graphic Print White Tshirt,Puma,Men,Apparel,Topwear,Tshirts,White,Casual,Fall,2011.0,http://assets.myntassets.com/v1/images/style/properties/a4472bf5b36cd60c7e1620d24408ef2c_images.jpg
18845,Puma Men Graphic Print Red Tshirt,Puma,Men,Apparel,Topwear,Tshirts,Red,Casual,Fall,2011.0,http://assets.myntassets.com/v1/images/style/properties/3268e0f272104214bf4f79b171c39e5b_images.jpg
18846,Puma Men Graphic Print Yellow Chrome Tshirt,Puma,Men,Apparel,Topwear,Tshirts,Yellow,Casual,Fall,2011.0,http://assets.myntassets.com/v1/images/style/properties/0bf2a0c8edd0b83cbc11656e42149ec3_images.jpg
18847,Puma Men College  Athletic White  Tshirt,Puma,Men,Apparel,Topwear,Tshirts,White,Casual,Fall,2011.0,http://assets.myntassets.com/v1/images/style/properties/23e5172ad5d20ed04fd710ae65a2e3ac_images.jpg
18848,Puma Men College Athletic Navy Blue Tshirt,Puma,Men,Apparel,Topwear,Tshirts,Navy Blue,Casual,Fall,2011.0,http://assets.myntassets.com/v1/images/style/properties/24f951f25bb2fe159b873dda08ed7c75_images.jpg
18849,Puma Men College Athletic Red Tshirt,Puma,Men,Apparel,Topwear,Tshirts,Red,Casual,Fall,2011.0,http://assets.myntassets.com/v1/images/style/properties/5939ffccc8b1d606c3fa693300f7f140_images.jpg
1885,FIFA Mens 1904 Heritage Shorts,FIFA,Men,Apparel,Bottomwear,Shorts,Grey,Casual,Winter,2010.0,http://assets.myntassets.com/v1/images/style/properties/ab64b99b1d9d786c7d8fda5321fa9307_images.jpg
18850,Puma Men Head Yellow Tshirt,Puma,Men,Apparel,Topwear,Tshirts,Yellow,Casual,Fall,2011.0,http://assets.myntassets.com/v1/images/style/properties/72982f910a628c5b614ae929646ffda5_images.jpg
18851,Puma Men Head Red Tshirt,Puma,Men,Apparel,Topwear,Tshirts,Red,Casual,Fall,2011.0,http://assets.myntassets.com/v1/images/style/properties/3ddf837ad6273214232c412b580d3cd0_images.jpg
18852,Puma Men Head Navy Blue Tshirt,Puma,Men,Apparel,Topwear,Tshirts,Navy Blue,Casual,Fall,2011.0,http://assets.myntassets.com/v1/images/style/properties/295b654f0705dfcab381ebf5ca536f2e_images.jpg
18854,Puma Men Athletic White Polo Tshirt,Puma,Men,Apparel,Topwear,Tshirts,White,Casual,Fall,2011.0,http://assets.myntassets.com/v1/images/style/properties/cefa3bfd8bf055518130d5fd59f43aaa_images.jpg
18855,Puma Men Athletic Stellar Blue Polo Tshirt,Puma,Men,Apparel,Topwear,Tshirts,Blue,Casual,Fall,2011.0,http://assets.myntassets.com/v1/images/style/properties/240e2e57dca027e10ab4815680e4b55f_images.jpg
18856,Puma Men Generation White Polo Tshirt,Puma,Men,Apparel,Topwear,Tshirts,White,Casual,Fall,2011.0,http://assets.myntassets.com/v1/images/style/properties/2f3e50bbfeb899419ed2b47eb181bfc3_images.jpg
18857,Puma Men Generation Navy Blue Polo Tshirt,Puma,Men,Apparel,Topwear,Tshirts,Navy Blue,Casual,Fall,2011.0,http://assets.myntassets.com/v1/images/style/properties/41ed83c73a0696ba21e0e1a25433116b_images.jpg
18858,Puma Men Generation Red Polo Tshirt,Puma,Men,Apparel,Topwear,Tshirts,Red,Casual,Fall,2011.0,http://assets.myntassets.com/v1/images/style/properties/6bd3e043a66c64032f01ce752ca024e8_images.jpg
18859,Puma Men Generation Black Polo Tshirt,Puma,Men,Apparel,Topwear,Tshirts,Black,Casual,Fall,2011.0,http://assets.myntassets.com/v1/images/style/properties/f267d01ad168f36d579cb87f19bb0663_images.jpg
1886,FIFA Mens Red Card Grey T-shirt,FIFA,Men,Apparel,Topwear,Tshirts,Grey,Casual,Winter,2010.0,http://assets.myntassets.com/v1/images/style/properties/c15745e97ef36390d5cbb28793236db3_images.jpg
18860,Puma Men White Grafitti T-shirt,Puma,Men,Apparel,Topwear,Tshirts,White,Casual,Fall,2011.0,http://assets.myntassets.com/v1/images/style/properties/d503f517ba9a7c8dde8577fba8615c82_images.jpg
18861,Puma Men Grafitti Red Polo Tshirt,Puma,Men,Apparel,Topwear,Tshirts,Red,Casual,Fall,2011.0,http://assets.myntassets.com/v1/images/style/properties/c82932380d479d8abdb960a02467130b_images.jpg
18862,Puma Men Graffiti Navy Blue Polo Tshirt,Puma,Men,Apparel,Topwear,Tshirts,Navy Blue,Casual,Fall,2011.0,http://assets.myntassets.com/v1/images/style/properties/52b7362a9376e99dbfd4b9d1bf8d6b9a_images.jpg
18863,Puma Men Heritage Red Sweatshirt,Puma,Men,Apparel,Topwear,Sweatshirts,Red,Casual,Fall,2011.0,http://assets.myntassets.com/v1/images/style/properties/603ecfccc7a95b017d21ecb7c86be1be_images.jpg
18864,Puma Men Sports Division Black Sweatshirt,Puma,Men,Apparel,Topwear,Sweatshirts,Black,Casual,Fall,2011.0,http://assets.myntassets.com/v1/images/style/properties/6a6f15d767037a3cd81da733a7eddfdf_images.jpg
18865,Puma Men Red Sports Heritage Sweatshirt,Puma,Men,Apparel,Topwear,Sweatshirts,Red,Casual,Fall,2011.0,http://assets.myntassets.com/v1/images/style/properties/d338d5b84ffc137329914c44a649bb5d_images.jpg
18866,Puma Men Solid Grey Core Sweat Pants,Puma,Men,Apparel,Bottomwear,Track Pants,Grey,Casual,Fall,2011.0,http://assets.myntassets.com/v1/images/style/properties/c0fced6a9c9a2dbe546f51c2e7ced214_images.jpg
18867,Puma Men Solid Grey Knits Panel Shorts,Puma,Men,Apparel,Bottomwear,Shorts,Grey,Casual,Fall,2011.0,http://assets.myntassets.com/v1/images/style/properties/b1764c071db5fb68df34d7675be80d63_images.jpg
18868,Puma Men Solid Navy Blue Knits Panel Shorts,Puma,Men,Apparel,Bottomwear,Shorts,Navy Blue,Casual,Fall,2011.0,http://assets.myntassets.com/v1/images/style/properties/79e7030ee6f65bec7bdb098a7480c048_images.jpg
1887,FIFA Mens Essentials Green T-shirt,FIFA,Men,Apparel,Topwear,Tshirts,Green,Casual,Winter,2010.0,http://assets.myntassets.com/v1/images/style/properties/f6c3b9d0e7dc3086191c6786873007c2_images.jpg
18871,Franco Leone Men Formal Brown Shoes,Franco Leone,Men,Footwear,Shoes,Formal Shoes,Brown,Formal,Fall,2011.0,http://assets.myntassets.com/v1/images/style/properties/d03888fd834d767da1601a1c2c0b6261_images.jpg
18872,Franco Leone Men Formal Black Shoes,Franco Leone,Men,Footwear,Shoes,Formal Shoes,Black,Formal,Fall,2012.0,http://assets.myntassets.com/v1/images/style/properties/d8aab09efd051466ceae30e2b484403e_images.jpg
18873,Franco Leone Men Formal Brown Shoes,Franco Leone,Men,Footwear,Shoes,Formal Shoes,Brown,Formal,Summer,2013.0,http://assets.myntassets.com/v1/images/style/properties/c247d35ec6707793a8922cd2eefc0e08_images.jpg
18874,Franco Leone Men Formal Black Shoes,Franco Leone,Men,Footwear,Shoes,Formal Shoes,Black,Formal,Fall,2011.0,http://assets.myntassets.com/v1/images/style/properties/9b9d3417a77ef5d58bc56f9dcc5f8c9f_images.jpg
18875,Franco Leone Men Formal Brown Shoes,Franco Leone,Men,Footwear,Shoes,Formal Shoes,Brown,Formal,Summer,2011.0,http://assets.myntassets.com/v1/images/style/properties/a5a0ce20a54d1c819d0fda8729cb632d_images.jpg
18876,Franco Leone Men Formal Black Shoes,Franco Leone,Men,Footwear,Shoes,Formal Shoes,Black,Formal,Summer,2011.0,http://assets.myntassets.com/v1/images/style/properties/e0ebe9f05bb15183a440cab016eb540d_images.jpg
1888,FIFA Mens Essentials Black T-shirt,FIFA,Men,Apparel,Topwear,Tshirts,Black,Casual,Winter,2010.0,http://assets.myntassets.com/v1/images/style/properties/cfd77a0fda8e71fb261e4389e2837558_images.jpg
1889,Fifa Men Essentials Navy Blue T-shirt,FIFA,Men,Apparel,Topwear,Tshirts,Navy Blue,Casual,Winter,2010.0,http://assets.myntassets.com/v1/images/style/properties/2ab2af824ddf0901fe67ad514b9e5973_images.jpg
1890,FIFA Mens Essentials Red T-shirt,FIFA,Men,Apparel,Topwear,Tshirts,Red,Casual,Winter,2010.0,http://assets.myntassets.com/v1/images/style/properties/f0fbf247458326317521ec367f72a2a7_images.jpg
18905,ADIDAS Men Response Cushion 20 Black Sports Shoes,ADIDAS,Men,Footwear,Shoes,Sports Shoes,Black,Sports,Fall,2011.0,http://assets.myntassets.com/v1/images/style/properties/547e2d45683db3e4fc765f0c29b75d8c_images.jpg
18906,ADIDAS Men J-RUN III White Sports Shoes,ADIDAS,Men,Footwear,Shoes,Sports Shoes,White,Sports,Summer,2012.0,http://assets.myntassets.com/v1/images/style/properties/6161e77a7ceda2f6c6d74edc974393fc_images.jpg
18907,ADIDAS Men Adi Linear Red Slippers,ADIDAS,Men,Footwear,Flip Flops,Flip Flops,Red,Casual,Spring,2012.0,http://assets.myntassets.com/v1/images/style/properties/576c4a5a661f22b6f03f234d84c5632e_images.jpg
18908,ADIDAS Men Adi Linear Blue Flip Flops,ADIDAS,Men,Footwear,Flip Flops,Flip Flops,Blue,Casual,Fall,2011.0,http://assets.myntassets.com/v1/images/style/properties/8d4a2b85356a276bc1ae9ca637fdefd6_images.jpg
18909,ADIDAS Men Adi Linear Black Slippers,ADIDAS,Men,Footwear,Flip Flops,Flip Flops,Black,Casual,Fall,2011.0,http://assets.myntassets.com/v1/images/style/properties/3024d67cc8e6807bc03ea04c26df74eb_images.jpg
1891,FIFA Mens Essentials White T-shirt,FIFA,Men,Apparel,Topwear,Tshirts,White,Casual,Winter,2010.0,http://assets.myntassets.com/v1/images/style/properties/13f1f575e2ad0e94dad0b6e9935e6d3f_images.jpg
18910,ADIDAS Men Adi Linear Green Flip Flops,ADIDAS,Men,Footwear,Flip Flops,Flip Flops,Green,Casual,Spring,2012.0,http://assets.myntassets.com/v1/images/style/properties/eff76347e22866cb58aedfb0e7332832_images.jpg
18911,ADIDAS Men Vanquish 5 M White Sports Shoes,ADIDAS,Men,Footwear,Shoes,Sports Shoes,White,Sports,Fall,2011.0,http://assets.myntassets.com/v1/images/style/properties/93492e4b102716cc84ebb911a5b3cc43_images.jpg
18912,Levis Men Classics Formula One Red Shirt,Levis,Men,Apparel,Topwear,Shirts,Red,Casual,Fall,2011.0,http://assets.myntassets.com/v1/images/style/properties/bf2f80578585a40e2b56a45239a87d3f_images.jpg
18913,Levis Men Classics Gothic Mustard Shirt,Levis,Men,Apparel,Topwear,Shirts,Mustard,Casual,Fall,2011.0,http://assets.myntassets.com/v1/images/style/properties/fa8161053144e141fecfb7ac70528aa6_images.jpg
18915,Levis Men Work Western Red Shirt,Levis,Men,Apparel,Topwear,Shirts,Red,Casual,Fall,2011.0,http://assets.myntassets.com/v1/images/style/properties/0fae3c79731169a42d9e3800f92002ff_images.jpg
18916,Levis Men Denim Grey Shirt,Levis,Men,Apparel,Topwear,Shirts,Grey,Casual,Fall,2011.0,http://assets.myntassets.com/v1/images/style/properties/7aae0121b1acb0d3925caaa07958ffdd_images.jpg
18917,Levis Men Work Western Blue Shirt,Levis,Men,Apparel,Topwear,Shirts,Blue,Casual,Fall,2011.0,http://assets.myntassets.com/v1/images/style/properties/d843fdb55df7bc3fb9dd76034bf48d07_images.jpg
18918,Levis Men Denim Grey Shirt,Levis,Men,Apparel,Topwear,Shirts,Grey,Casual,Fall,2011.0,http://assets.myntassets.com/v1/images/style/properties/cf9947231258db6b87d75a0971753481_images.jpg
18919,Levis Men Work Western Blue Shirt,Levis,Men,Apparel,Topwear,Shirts,Blue,Casual,Fall,2011.0,http://assets.myntassets.com/v1/images/style/properties/fd4d1bd49cf598e0cdde822e7789ca4d_images.jpg
1892,FIFA Men Full Sleeves Hoody Sweatshirt,FIFA,Men,Apparel,Topwear,Sweatshirts,Blue,Casual,Winter,2010.0,http://assets.myntassets.com/v1/images/style/properties/d6c458b6d8fdc70af6b585a26d293f72_images.jpg
18920,Levis Men Work Western Purple Shirt,Levis,Men,Apparel,Topwear,Shirts,Purple,Casual,Fall,2011.0,http://assets.myntassets.com/v1/images/style/properties/5b581d472a2791dd450a9358b59b4332_images.jpg
18921,Levis Men Classics  Red Shirt,Levis,Men,Apparel,Topwear,Shirts,Red,Casual,Fall,2011.0,http://assets.myntassets.com/v1/images/style/properties/44422b26beca9766fddb1bcee26330ae_images.jpg
18922,Levis Men Classic Mustard Checks Shirt,Levis,Men,Apparel,Topwear,Shirts,Navy Blue,Casual,Fall,2011.0,http://assets.myntassets.com/v1/images/style/properties/4b9d2dfa4f783b2591a73d2d2b331545_images.jpg
18924,Levi's Men Applique Work Red Tshirt,Levis,Men,Apparel,Topwear,Tshirts,Red,Casual,Fall,2011.0,http://assets.myntassets.com/v1/images/style/properties/e1be0142a2c5feb5f1e600a7cabee9ff_images.jpg
18925,Levi's Men Applique Work Brown Tshirt,Levis,Men,Apparel,Topwear,Tshirts,Brown,Casual,Fall,2011.0,http://assets.myntassets.com/v1/images/style/properties/5d0e30ec3be4e55d847a66ee104dba5b_images.jpg
18926,Levi's Men Rubber Print Grey Tshirt,Levis,Men,Apparel,Topwear,Tshirts,Grey,Casual,Fall,2011.0,http://assets.myntassets.com/v1/images/style/properties/1cb4b061848ff9524bb873b7dea1e9ad_images.jpg
18927,Levi's Men Flock Print Purple Tshirt,Levis,Men,Apparel,Topwear,Tshirts,Purple,Casual,Fall,2011.0,http://assets.myntassets.com/v1/images/style/properties/06dd92b140e21dde52f09f53d8b54975_images.jpg
18929,Levi's Men Graphic Print Red Tshirt,Levis,Men,Apparel,Topwear,Tshirts,Red,Casual,Fall,2011.0,http://assets.myntassets.com/v1/images/style/properties/50b72170d874e0b83af3b42f6ef677a9_images.jpg
18930,Levi's Men Graphic Print Red Tshirt,Levis,Men,Apparel,Topwear,Tshirts,Red,Casual,Fall,2011.0,http://assets.myntassets.com/v1/images/style/properties/538f0661924b6c4dee019957dfc494c5_images.jpg
18931,Levi's Men Graphic Print Blue Tshirt,Levis,Men,Apparel,Topwear,Tshirts,Blue,Casual,Fall,2011.0,http://assets.myntassets.com/v1/images/style/properties/3f6a672ebf24c217c919173b084424e7_images.jpg
18932,Levi's Men Graphic Print Black Tshirt,Levis,Men,Apparel,Topwear,Tshirts,Black,Casual,Fall,2011.0,http://assets.myntassets.com/v1/images/style/properties/b94779d107e07c5b4bf5c9538027a227_images.jpg
18933,Levi's Men Embroidery Black Tshirt,Levis,Men,Apparel,Topwear,Tshirts,Black,Casual,Fall,2011.0,http://assets.myntassets.com/v1/images/style/properties/678fca2025ed5136351c9c87a5954316_images.jpg
18934,Levi'si Men Embroidery Purple Tshirt,Levis,Men,Apparel,Topwear,Tshirts,Purple,Casual,Fall,2011.0,http://assets.myntassets.com/v1/images/style/properties/ddd7deff03f661cab6fab6679c19a3b1_images.jpg
18935,Levi's Men Graphic Print Blue Tshirt,Levis,Men,Apparel,Topwear,Tshirts,Blue,Casual,Fall,2011.0,http://assets.myntassets.com/v1/images/style/properties/0768de775ca65988dbb3722bfcfc91b6_images.jpg
18936,Levi's Men Graphic Print Green Tshirt,Levis,Men,Apparel,Topwear,Tshirts,Green,Casual,Fall,2011.0,http://assets.myntassets.com/v1/images/style/properties/2d7977f5f697d1c4930d1546666ab00e_images.jpg
18937,Levi's Men Graphic Print Purple Tshirt,Levis,Men,Apparel,Topwear,Tshirts,Purple,Casual,Fall,2011.0,http://assets.myntassets.com/v1/images/style/properties/750fe8889fa8a2a8c141b9a5fb922071_images.jpg
18938,Levi's Men Graphic Print Purple Tshirt,Levis,Men,Apparel,Topwear,Tshirts,Purple,Casual,Fall,2011.0,http://assets.myntassets.com/v1/images/style/properties/e6bc41de56a968fe14b853e89387274d_images.jpg
18939,Levi's Men Graphic Black Tshirt,Levis,Men,Apparel,Topwear,Tshirts,Black,Casual,Fall,2011.0,http://assets.myntassets.com/v1/images/style/properties/b6e5a7087d929cab47f11684517fedfd_images.jpg
18940,Levi's Men Polo Olive Tshirt,Levis,Men,Apparel,Topwear,Tshirts,Olive,Casual,Fall,2011.0,http://assets.myntassets.com/v1/images/style/properties/3e3120ea6b14aeb68194d3a3ca0f839b_images.jpg
18941,Levi's Men Polo Blue Tshirt,Levis,Men,Apparel,Topwear,Tshirts,Blue,Casual,Fall,2011.0,http://assets.myntassets.com/v1/images/style/properties/59fc689646638bea962bb18e5e10ca85_images.jpg
18942,Levi's Men Polo Blue Tshirt,Levis,Men,Apparel,Topwear,Tshirts,Blue,Casual,Fall,2011.0,http://assets.myntassets.com/v1/images/style/properties/ffc39ab29dd18068282e2e0de77c01d4_images.jpg
18943,Levis Men Half Cushion Low Cut Pack of 3 Socks,Levis,Men,Accessories,Socks,Socks,Black,Casual,Summer,2016.0,http://assets.myntassets.com/v1/images/style/properties/63976104c35c3964725da846e05817e0_images.jpg
18944,Levis Men Scottish Stripes Flat Knit Pack of 3 Socks,Levis,Men,Accessories,Socks,Socks,Black,Casual,Summer,2016.0,http://assets.myntassets.com/v1/images/style/properties/Levis-Men-Scottish-Stripes-Flat-Knit-Pack-of-3-Socksf331b2876d043bf5847f620f19525660_images.jpg
18945,Levis Men Scottish Stripes Flat Knit Pack of 3 Socks,Levis,Men,Accessories,Socks,Socks,Navy Blue,Casual,Summer,2016.0,http://assets.myntassets.com/v1/images/style/properties/Levis-Men-Scottish-Stripes-Flat-Knit-Pack-of-3-Socks_162c77202bb20c1288a6efa2ba76fd5c_images.jpg
18946,Levis Men Scottish Stripes Flat Knit Pack of 3 Socks,Levis,Men,Accessories,Socks,Socks,Navy Blue,Casual,Summer,2016.0,http://assets.myntassets.com/v1/images/style/properties/Levis-Men-Scottish-Stripes-Flat-Knit-Pack-of-3-Socks_29a0d1aa26e2c77df7569e5ac04e95e5_images.jpg
18947,Levis Men Trainer Liner Flat Knit Pack of 3 Socks,Levis,Men,Accessories,Socks,Socks,Black,Casual,Summer,2016.0,http://assets.myntassets.com/v1/images/style/properties/Levis-Men-Trainer-Liner-Flat-Knit-Pack-of-3-Socks7947f83537a21c8707e59a0df64cabb8_images.jpg
18948,Levis Men Trainer Liner Flat Knit Pack of 3 Socks,Levis,Men,Accessories,Socks,Socks,Black,Casual,Summer,2016.0,http://assets.myntassets.com/v1/images/style/properties/f9170030167fc8fdccdeb80c3b6f473b_images.jpg
18949,Levis Men Trainer Liner Flat Knit Pack of 3 Socks,Levis,Men,Accessories,Socks,Socks,Navy Blue,Casual,Summer,2016.0,http://assets.myntassets.com/v1/images/style/properties/a306c2fc57b86ed8114ab06464fd5428_images.jpg
1895,FIFA Men Full Sleeves Hoody Sweatshirt,FIFA,Men,Apparel,Topwear,Sweatshirts,Black,Casual,Winter,2010.0,http://assets.myntassets.com/v1/images/style/properties/bc0df424210a1fc4961ad53f7a403d5c_images.jpg
18951,Levis Men Full Cushion Crew Pack of 3 Socks,Levis,Men,Accessories,Socks,Socks,Black,Casual,Summer,2016.0,http://assets.myntassets.com/v1/images/style/properties/Levis-Men-Full-Cushion-Crew-Pack-of-3-Socks4ccbbd3effd6d640c13cf30ac1e61290_images.jpg
18952,Levis Men Fader Stripes Flat Knit Crew Pack of 3 Socks,Levis,Men,Accessories,Socks,Socks,Black,Casual,Summer,2016.0,http://assets.myntassets.com/v1/images/style/properties/Levis-Men-Fader-Stripes-Flat-Knit-Crew-Pack-of-3-Socks_ea2b5c1d0a06de79abf263aab44e41c2_images.jpg
18953,Levis Men Fader Stripes Flat Knit Crew Pack of 3 Socks,Levis,Men,Accessories,Socks,Socks,Black,Casual,Summer,2016.0,http://assets.myntassets.com/v1/images/style/properties/Levis-Men-Fader-Stripes-Flat-Knit-Crew-Pack-of-3-Socks914bc838a57cbc9784d0e357f449e2da_images.jpg
18954,Levis Men Fader Stripes Flat Knit Crew Pack of 3 Socks,Levis,Men,Accessories,Socks,Socks,Brown,Casual,Summer,2016.0,http://assets.myntassets.com/v1/images/style/properties/Levis-Men-Fader-Stripes-Flat-Knit-Crew-Pack-of-3-Socks_d677e4e7e6ad476dca99bdb867c4e029_images.jpg
18955,Levis Men Argyle Flat Knit Crew Pack of 3 Socks,Levis,Men,Accessories,Socks,Socks,Black,Casual,Summer,2016.0,http://assets.myntassets.com/v1/images/style/properties/Levis-Men-Argyle-Flat-Knit-Crew-Pack-of-3-Socks_5036eb2a9719ed09f956635c1370e03b_images.jpg
18956,Levis Men Argyle Flat Knit Crew Grey Pack of 3 Socks,Levis,Men,Accessories,Socks,Socks,Black,Casual,Summer,2016.0,http://assets.myntassets.com/v1/images/style/properties/Levis-Men-Argyle-Flat-Knit-Crew-Grey-Pack-of-3-Socks2a0465d187659729af1c374e5018d4d4_images.jpg
18958,United Colors of Benetton Men Stripes Blue Sweater,United Colors of Benetton,Men,Apparel,Topwear,Sweaters,Blue,Casual,Fall,2011.0,http://assets.myntassets.com/v1/images/style/properties/5ff23dfb4d4d1acc0c9d5199e83369df_images.jpg
18966,United Colors of Benetton Men Printed Green Sweater,United Colors of Benetton,Men,Apparel,Topwear,Sweaters,Green,Casual,Summer,2011.0,http://assets.myntassets.com/v1/images/style/properties/45e6e4c78ac71ee663a667f648655c6a_images.jpg
18968,United Colors of Benetton Men Solid Black Sweater,United Colors of Benetton,Men,Apparel,Topwear,Sweaters,Black,Casual,Fall,2011.0,http://assets.myntassets.com/v1/images/style/properties/9ffe1a1a7037865df6d0bbd1339b898e_images.jpg
18969,United Colors of Benetton Men Solid Blue Sweater,United Colors of Benetton,Men,Apparel,Topwear,Sweaters,Blue,Casual,Fall,2011.0,http://assets.myntassets.com/v1/images/style/properties/61e88206b7bf8648df70e59d583ca903_images.jpg
1897,FIFA Men Germany Blue Jersey,FIFA,Men,Apparel,Topwear,Tshirts,Blue,Sports,Winter,2010.0,http://assets.myntassets.com/v1/images/style/properties/e80f3fc54b451cd28bcc223cd3ccf63e_images.jpg
18973,United Colors of Benetton Men Blue Check Shirt,United Colors of Benetton,Men,Apparel,Topwear,Shirts,Blue,Casual,Fall,2011.0,http://assets.myntassets.com/v1/images/style/properties/af891e6262254152c0124bb4135e8c7d_images.jpg
18974,United Colors of Benetton Men Stripes Blue Shirt,United Colors of Benetton,Men,Apparel,Topwear,Shirts,Blue,Casual,Summer,2011.0,http://assets.myntassets.com/v1/images/style/properties/098628d06a0d719f232f4720979b14cb_images.jpg
18975,ADIDAS Originals Men Red Tshirt,ADIDAS Originals,Men,Apparel,Topwear,Tshirts,Red,Casual,Summer,2011.0,http://assets.myntassets.com/v1/images/style/properties/d906fae88a3e9c4c05f706cd94bf8530_images.jpg
18976,ADIDAS Originals Men Firebird Red Track Pants,ADIDAS Originals,Men,Apparel,Bottomwear,Track Pants,Red,Casual,Summer,2011.0,http://assets.myntassets.com/v1/images/style/properties/967ef2f9af420cda1800d5c7a5180306_images.jpg
18977,ADIDAS Originals Men Adi Trefoil Orange Tshirt,ADIDAS Originals,Men,Apparel,Topwear,Tshirts,Orange,Casual,Summer,2011.0,http://assets.myntassets.com/v1/images/style/properties/772af2debb419b42c06cccdd189bc352_images.jpg
18978,ADIDAS Originals Men CR WB PS White Jacket,ADIDAS Originals,Men,Apparel,Topwear,Jackets,White,Casual,Summer,2011.0,http://assets.myntassets.com/v1/images/style/properties/5695667a9a7083c504f2deec462c0508_images.jpg
18979,ADIDAS Originals Men Graphic Blue Tshirt,ADIDAS Originals,Men,Apparel,Topwear,Tshirts,Blue,Casual,Fall,2011.0,http://assets.myntassets.com/v1/images/style/properties/f8b089c896eb230eb8f77fc8c9825fbe_images.jpg
18980,ADIDAS Originals Men Polo Yellow Tshirt,ADIDAS Originals,Men,Apparel,Topwear,Tshirts,Yellow,Casual,Summer,2011.0,http://assets.myntassets.com/v1/images/style/properties/385b8aa073a26c3ac639e4051b94e5c2_images.jpg
18981,ADIDAS Originals Men Vespa Graphic Blue Tshirt,ADIDAS Originals,Men,Apparel,Topwear,Tshirts,Blue,Casual,Fall,2011.0,http://assets.myntassets.com/v1/images/style/properties/deb41194d6f2f5afeb006de5625a18cc_images.jpg
18982,ADIDAS Originals Men Vespa Graphic T Grey Tshirt,ADIDAS Originals,Men,Apparel,Topwear,Tshirts,Grey,Casual,Fall,2011.0,http://assets.myntassets.com/v1/images/style/properties/0e5565de25f950327ffee3bae78c69f3_images.jpg
18983,ADIDAS Originals Men  Polo Navy Blue Tshirt,ADIDAS Originals,Men,Apparel,Topwear,Tshirts,Navy Blue,Casual,Fall,2011.0,http://assets.myntassets.com/v1/images/style/properties/2508eb34508e333d53e7dcc48b2e6b33_images.jpg
18984,ADIDAS Originals Men Purple Polo T-shirt,ADIDAS Originals,Men,Apparel,Topwear,Tshirts,Purple,Casual,Fall,2011.0,http://assets.myntassets.com/v1/images/style/properties/a5e3a53503cbfe1509b93e99192ac12d_images.jpg
18985,ADIDAS Originals Men ST FB Track Top White Jacket,ADIDAS Originals,Men,Apparel,Topwear,Jackets,White,Casual,Summer,2011.0,http://assets.myntassets.com/v1/images/style/properties/81f29a0c47fc6d126cc59aa7c719dbd8_images.jpg
18986,ADIDAS Originals Men St Tee Grp Black Tshirt,ADIDAS Originals,Men,Apparel,Topwear,Tshirts,Black,Casual,Summer,2011.0,http://assets.myntassets.com/v1/images/style/properties/fddabada92ca978942bac208cec32f6d_images.jpg
18987,ADIDAS Originals Men St Grp Blue T-Shirt,ADIDAS Originals,Men,Apparel,Topwear,Tshirts,Blue,Casual,Summer,2011.0,http://assets.myntassets.com/v1/images/style/properties/e5ff5cce4977e849b593368bd8ab4617_images.jpg
18988,ADIDAS Originals Men ST Logo White Tshirt,ADIDAS Originals,Men,Apparel,Topwear,Tshirts,White,Casual,Summer,2011.0,http://assets.myntassets.com/v1/images/style/properties/b8b985d1646ed1c4715d25d645793f54_images.jpg
18989,ADIDAS Originals Men AC Grp Blue Tshirt,ADIDAS Originals,Men,Apparel,Topwear,Tshirts,Blue,Casual,Summer,2011.0,http://assets.myntassets.com/v1/images/style/properties/69fffe9e1bc501c800ccf8c9ec016e08_images.jpg
18990,ADIDAS Originals Men Black Tshirt,ADIDAS Originals,Men,Apparel,Topwear,Tshirts,Black,Casual,Summer,2011.0,http://assets.myntassets.com/v1/images/style/properties/9abb9e0a0867a6558980a66ae58cf710_images.jpg
18991,ADIDAS Originals Men Grinball Black Tshirt,ADIDAS Originals,Men,Apparel,Topwear,Tshirts,Black,Casual,Summer,2011.0,http://assets.myntassets.com/v1/images/style/properties/ef2ca706b6c3a7d2519ad2e38295f8c6_images.jpg
18992,ADIDAS Originals Men G Skinpil Grey Tshirt,ADIDAS Originals,Men,Apparel,Topwear,Tshirts,Grey,Casual,Summer,2011.0,http://assets.myntassets.com/v1/images/style/properties/63500f19c8c345df79711172db559237_images.jpg
18993,ADIDAS Originals Men Red T-shirt,ADIDAS Originals,Men,Apparel,Topwear,Tshirts,Red,Casual,Summer,2011.0,http://assets.myntassets.com/v1/images/style/properties/73fecea12810bd283398e52e89bf0436_images.jpg
18994,ADIDAS Originals Men G Tag Black Tshirt,ADIDAS Originals,Men,Apparel,Topwear,Tshirts,Black,Casual,Summer,2011.0,http://assets.myntassets.com/v1/images/style/properties/550d4de02a79bcc5266e855a652c6ccc_images.jpg
18999,ADIDAS Originals Men Adi Firebird TT Black Jacket,ADIDAS Originals,Men,Apparel,Topwear,Jackets,Black,Casual,Summer,2011.0,http://assets.myntassets.com/v1/images/style/properties/516b20daaa1981f917491a1d52b81c56_images.jpg
1902,FIFA Men Blue Jersey,FIFA,Men,Apparel,Topwear,Tshirts,Blue,Sports,Winter,2010.0,http://assets.myntassets.com/v1/images/style/properties/ce9dfe3092e83828de00b191dedeb5c0_images.jpg
1903,FIFA Men Brazil Yellow Jersey,FIFA,Men,Apparel,Topwear,Tshirts,Yellow,Sports,Winter,2010.0,http://assets.myntassets.com/v1/images/style/properties/d91b32ec5c84d388d3e7c5e72d83ea9e_images.jpg
1904,FIFA Men Brazil Blue & Yellow Jersey,FIFA,Men,Apparel,Topwear,Tshirts,Blue,Sports,Winter,2010.0,http://assets.myntassets.com/v1/images/style/properties/07f4499a01d3765e06ccddc5cae5ef1e_images.jpg
1905,FIFA Mens 1904 Football Federation T-shirt,FIFA,Men,Apparel,Topwear,Tshirts,Blue,Casual,Winter,2010.0,http://assets.myntassets.com/v1/images/style/properties/2c50d69f34a68c97e8d46b59b146a04d_images.jpg
1906,FIFA Mens 1905 Football Federation T-shirt,FIFA,Men,Apparel,Topwear,Tshirts,Cream,Casual,Winter,2010.0,http://assets.myntassets.com/v1/images/style/properties/26e0c2c38468e1c7636335c91425dfd6_images.jpg
1907,Nike Mens Classic Black T-shirt,Nike,Men,Apparel,Topwear,Tshirts,Black,Sports,Fall,2010.0,http://assets.myntassets.com/v1/images/style/properties/01f46b87c9e0d87fa5d0f8544f15f559_images.jpg
1909,Nike Mens Classic Sportswear T-shirt,Nike,Men,Apparel,Topwear,Tshirts,Blue,Sports,Fall,2010.0,http://assets.myntassets.com/v1/images/style/properties/54da5346021139d175024278b96d9de0_images.jpg
1910,Nike Men's Classic Patterned T-shirt,Nike,Men,Apparel,Topwear,Tshirts,Black,Sports,Fall,2010.0,http://assets.myntassets.com/v1/images/style/properties/0e5700fc506ff1bb5acb65b3794a0f84_images.jpg
19107,Campbell Men Pack of 3 Solid Tshirts,Campbell,Men,Apparel,Topwear,Tshirts,Beige,Casual,Summer,2016.0,http://assets.myntassets.com/v1/images/style/properties/0f3eb319aedb3fd0f6fe4dd6c0673904_images.jpg
19108,Campbell Men Pack of 3 Solid Tshirts,Campbell,Men,Apparel,Topwear,Tshirts,Beige,Casual,Summer,2016.0,http://assets.myntassets.com/v1/images/style/properties/89eb2890fcaeee52a8b71bbcbdf4d468_images.jpg
19109,Campbell Men Pack of 3 Solid T- Shirts,Campbell,Men,Apparel,Topwear,Tshirts,Beige,Casual,Summer,2016.0,http://assets.myntassets.com/v1/images/style/properties/b22330b2e8a0ab8e69cb1a88a7e9eaef_images.jpg
1911,Nike Mens Manchester United Blues T-shirt,Nike,Men,Apparel,Topwear,Tshirts,Blue,Sports,Fall,2010.0,http://assets.myntassets.com/v1/images/style/properties/eb721e9ddb705e9bc26a51309701b925_images.jpg
19110,Campbell Men Pack of 3 Solid Tshirts,Campbell,Men,Apparel,Topwear,Tshirts,Beige,Casual,Winter,2016.0,http://assets.myntassets.com/v1/images/style/properties/ee8b1cf0a898d220d1756718330fb8db_images.jpg
19111,Campbell Men Pack of 3 Solid Tshirts,Campbell,Men,Apparel,Topwear,Tshirts,Red,Casual,Summer,2016.0,http://assets.myntassets.com/v1/images/style/properties/712966ccfddb873d49508fa1fcceac4a_images.jpg
19112,Campbell Men Pack of 3 Solid Tshirts,Campbell,Men,Apparel,Topwear,Tshirts,Grey,Casual,Summer,2016.0,http://assets.myntassets.com/v1/images/style/properties/8dc1ff8347d5114e89baee9aeebfa68d_images.jpg
19113,Campbell Men Pack of 3 Solid Tshirts,Campbell,Men,Apparel,Topwear,Tshirts,White,Casual,Summer,2016.0,http://assets.myntassets.com/v1/images/style/properties/7fac6b7b6f1f3d7b10cafc475860cdcf_images.jpg
19114,Campbell Men Pack of 3 T-Shirts,Campbell,Men,Apparel,Topwear,Tshirts,White,Casual,Summer,2016.0,http://assets.myntassets.com/v1/images/style/properties/Campbell-Men-Pack-of-3-Solid-Tshirts_600f0c9ef2a94539fc73d12466eca9dd_images.jpg
19115,Campbell Men Pack of 3 Solid Tshirts,Campbell,Men,Apparel,Topwear,Tshirts,White,Casual,Summer,2016.0,http://assets.myntassets.com/v1/images/style/properties/403337702c6d86183a4f4317661cebb2_images.jpg
19117,Lotto Men Arch Brown Slippers,Lotto,Men,Footwear,Flip Flops,Flip Flops,Brown,Casual,Fall,2011.0,http://assets.myntassets.com/v1/images/style/properties/872c4ae0712c236883fbec3705608d9a_images.jpg
1912,Nike Mens Running White T-shirt,Nike,Men,Apparel,Topwear,Tshirts,White,Sports,Fall,2010.0,http://assets.myntassets.com/v1/images/style/properties/b39c6852f51571867b4e09b2cc40df65_images.jpg
19121,Lotto Men XL Water Man Brown Slippers,Lotto,Men,Footwear,Flip Flops,Flip Flops,Brown,Casual,Fall,2011.0,http://assets.myntassets.com/v1/images/style/properties/43fb1f0f46c0dc6075f3032f235f32ed_images.jpg
19122,Lotto Men XL Water Man White Slippers,Lotto,Men,Footwear,Flip Flops,Flip Flops,White,Casual,Fall,2011.0,http://assets.myntassets.com/v1/images/style/properties/15e0953c017540f7644199f7181db74f_images.jpg
19123,Lotto Men XL Water Man Silver Slippers,Lotto,Men,Footwear,Flip Flops,Flip Flops,Silver,Casual,Fall,2011.0,http://assets.myntassets.com/v1/images/style/properties/69482728a521cbd2ba571e36016d5f63_images.jpg
19126,Lotto Men Straight Brown Slippers,Lotto,Men,Footwear,Flip Flops,Flip Flops,Brown,Casual,Fall,2011.0,http://assets.myntassets.com/v1/images/style/properties/6d00f051673adf5e8795e2e163d37175_images.jpg
19127,Lotto Men Straight Navy Blue Slippers,Lotto,Men,Footwear,Flip Flops,Flip Flops,Navy Blue,Casual,Fall,2011.0,http://assets.myntassets.com/v1/images/style/properties/83f76bdf081321af533bd5cab7520e65_images.jpg
19128,Lotto Men Racing Red Slippers,Lotto,Men,Footwear,Flip Flops,Flip Flops,Red,Casual,Fall,2011.0,http://assets.myntassets.com/v1/images/style/properties/4ac209b7b5c59b67094899a145c703f6_images.jpg
19129,Lotto Men Racing Olive Slippers,Lotto,Men,Footwear,Flip Flops,Flip Flops,Olive,Casual,Fall,2011.0,http://assets.myntassets.com/v1/images/style/properties/f4853013ad7e50c193495bacf391dfdf_images.jpg
1913,Nike Mens Seize Victory Black T-shirt,Nike,Men,Apparel,Topwear,Tshirts,Black,Sports,Fall,2010.0,http://assets.myntassets.com/v1/images/style/properties/5ca0f981ea9003d23c129e19177a0659_images.jpg
19130,Lotto Men Racing Grey Slippers,Lotto,Men,Footwear,Flip Flops,Flip Flops,Grey,Casual,Fall,2011.0,http://assets.myntassets.com/v1/images/style/properties/16c1def491fa36a7ba453732a1f56943_images.jpg
19131,Lotto Men Sign Grey Slippers,Lotto,Men,Footwear,Flip Flops,Flip Flops,Grey,Casual,Fall,2011.0,http://assets.myntassets.com/v1/images/style/properties/d39505bed925f20d2cc7ec9e7dca50ee_images.jpg
19132,Lotto Men Sign Red Slippers,Lotto,Men,Footwear,Flip Flops,Flip Flops,Red,Casual,Fall,2011.0,http://assets.myntassets.com/v1/images/style/properties/8fc58b482dae3fb937b2483867b55c4c_images.jpg
19133,Lotto Men Hermes Grey Sandals,Lotto,Men,Footwear,Sandal,Sandals,Grey,Casual,Fall,2011.0,http://assets.myntassets.com/v1/images/style/properties/2c9661900edbc7af24bceaed0be22616_images.jpg
19134,Lotto Men Zeus Blue Sandals,Lotto,Men,Footwear,Sandal,Sandals,Blue,Casual,Fall,2011.0,http://assets.myntassets.com/v1/images/style/properties/7e5aebc03a1c94e57482a36e16cc5f44_images.jpg
19135,Lotto Men Riot Black Sandals,Lotto,Men,Footwear,Sandal,Sandals,Black,Casual,Fall,2011.0,http://assets.myntassets.com/v1/images/style/properties/7de708671d31f0aeec831bc46922b7a0_images.jpg
19136,Lotto Men Sting II Black Sandals,Lotto,Men,Footwear,Sandal,Sandals,Black,Casual,Fall,2011.0,http://assets.myntassets.com/v1/images/style/properties/dc0f1b17c61d7fc08f05720321bd4a83_images.jpg
19137,Lotto Men Sting II Brown Sandals,Lotto,Men,Footwear,Sandal,Sandals,Brown,Casual,Fall,2011.0,http://assets.myntassets.com/v1/images/style/properties/430fd4f2ec16051148bdcebdc33abbe3_images.jpg
19138,Lotto Men Sting Black Sandals,Lotto,Men,Footwear,Sandal,Sandals,Black,Casual,Fall,2011.0,http://assets.myntassets.com/v1/images/style/properties/87c444fb37cd18670e6e8af8b9e15789_images.jpg
19139,Lotto Men Sting  Black Sandals,Lotto,Men,Footwear,Sandal,Sandals,Black,Casual,Fall,2011.0,http://assets.myntassets.com/v1/images/style/properties/16668e83deeac6a9b56d6cf92de0a602_images.jpg
19140,Lotto Men Sting Black Sandals,Lotto,Men,Footwear,Sandal,Sandals,Black,Casual,Fall,2011.0,http://assets.myntassets.com/v1/images/style/properties/f28efdb857ae8608cc72b4165a991603_images.jpg
19141,Lotto Men Revorb Black Sandals,Lotto,Men,Footwear,Sandal,Sandals,Black,Casual,Fall,2011.0,http://assets.myntassets.com/v1/images/style/properties/02ab0971bf0b184990ad0ebaf94a5bd7_images.jpg
19142,Lotto Men Rapid Black Sandals,Lotto,Men,Footwear,Sandal,Sandals,Black,Casual,Fall,2011.0,http://assets.myntassets.com/v1/images/style/properties/9d5709558cd944049c8fab7ff8980d83_images.jpg
19143,Lotto Men Rapid Olive Sandals,Lotto,Men,Footwear,Sandal,Sandals,Olive,Casual,Fall,2011.0,http://assets.myntassets.com/v1/images/style/properties/bcb07671d6b37b4d27860d39a000f0b6_images.jpg
19145,United Colors of Benetton Men Solid Red SweatShirt,United Colors of Benetton,Men,Apparel,Topwear,Sweatshirts,Red,Casual,Fall,2011.0,http://assets.myntassets.com/v1/images/style/properties/ea2bfae5360fa3fb248a20c85f21bf6b_images.jpg
19146,United Colors of Benetton Men Solid Grey Sweatshirt,United Colors of Benetton,Men,Apparel,Topwear,Sweatshirts,Grey,Casual,Summer,2011.0,http://assets.myntassets.com/v1/images/style/properties/56a61c82546a06fce7d1fe69384f4c4e_images.jpg
19147,United Colors of Benetton Men Solid White Polo Tshirt,United Colors of Benetton,Men,Apparel,Topwear,Tshirts,White,Casual,Summer,2011.0,http://assets.myntassets.com/v1/images/style/properties/87f3e6ca1a1b71fe341d669e73741557_images.jpg
19148,United Colors of Benetton Men Navy Blue Polo Tshirt,United Colors of Benetton,Men,Apparel,Topwear,Tshirts,Navy Blue,Casual,Summer,2011.0,http://assets.myntassets.com/v1/images/style/properties/ee9e58dceb868ace5888a7ee92e220c7_images.jpg
19149,United Colors of Benetton Men Solid White Polo Tshirt,United Colors of Benetton,Men,Apparel,Topwear,Tshirts,White,Casual,Summer,2011.0,http://assets.myntassets.com/v1/images/style/properties/f9af849cf178b214cc7b6b5b00593344_images.jpg
19150,United Colors of Benetton Men Grey Polo Tshirt,United Colors of Benetton,Men,Apparel,Topwear,Tshirts,Grey,Casual,Summer,2011.0,http://assets.myntassets.com/v1/images/style/properties/9c04f6262068d86ed68331e969c2bbe8_images.jpg
19151,United Colors Of Benetton Men White T-shirt,United Colors of Benetton,Men,Apparel,Topwear,Tshirts,White,Casual,Fall,2011.0,http://assets.myntassets.com/v1/images/style/properties/1995f8a64614bdfd064757a1e9ce2ecc_images.jpg
19152,United Colors of Benetton Men Grey T-shirt,United Colors of Benetton,Men,Apparel,Topwear,Tshirts,Grey,Casual,Summer,2011.0,http://assets.myntassets.com/v1/images/style/properties/f765aa27bc52eebc4d8cdbd6baeb940e_images.jpg
19153,United Colors of Benetton Men Red Polo TShirt,United Colors of Benetton,Men,Apparel,Topwear,Tshirts,Red,Casual,Summer,2011.0,http://assets.myntassets.com/v1/images/style/properties/cec1d06bd9d77ebcff17d52a5e04f823_images.jpg
19154,United Colors of Benetton Men Solid Grey Polo Tshirt,United Colors of Benetton,Men,Apparel,Topwear,Tshirts,Grey,Casual,Summer,2011.0,http://assets.myntassets.com/v1/images/style/properties/b81e4e633ebfd1ab55c8222831b7d90f_images.jpg
19155,United Colors of Benetton Men Solid Yellow TShirt,United Colors of Benetton,Men,Apparel,Topwear,Tshirts,Yellow,Casual,Summer,2011.0,http://assets.myntassets.com/v1/images/style/properties/4f864dae80bd4278f8980767ef96697d_images.jpg
19156,United Colors of Benetton Men Printed White TShirt,United Colors of Benetton,Men,Apparel,Topwear,Tshirts,White,Casual,Summer,2011.0,http://assets.myntassets.com/v1/images/style/properties/916eca7e90caab525699077a636dbbc0_images.jpg
19157,United Colors of Benetton Men Printed White Tshirt,United Colors of Benetton,Men,Apparel,Topwear,Tshirts,White,Casual,Summer,2011.0,http://assets.myntassets.com/v1/images/style/properties/756241f388b4f13969961c7e36424635_images.jpg
19158,United Colors Of Benetton Men White T-shirt,United Colors of Benetton,Men,Apparel,Topwear,Tshirts,White,Casual,Fall,2011.0,http://assets.myntassets.com/v1/images/style/properties/e3420b2935da78eddf691b6e269e5041_images.jpg
19159,United Colors of Benetton Men Printed Black Tshirt,United Colors of Benetton,Men,Apparel,Topwear,Tshirts,Black,Casual,Summer,2011.0,http://assets.myntassets.com/v1/images/style/properties/185761706a0d3f936643840c0aad5473_images.jpg
1916,Puma Men's Game Point Shoes,Puma,Men,Footwear,Shoes,Sports Shoes,Black,Sports,Fall,2011.0,http://assets.myntassets.com/v1/images/style/properties/011c036df44ef2ffe436d936475c9df0_images.jpg
19160,United Colors of Benetton Men Yellow T-shirt,United Colors of Benetton,Men,Apparel,Topwear,Tshirts,Yellow,Casual,Summer,2011.0,http://assets.myntassets.com/v1/images/style/properties/89be82f30992adcad5a3bdbfe6fbba71_images.jpg
19161,United Colors of Benetton Men Solid White Tshirt,United Colors of Benetton,Men,Apparel,Topwear,Tshirts,White,Casual,Summer,2011.0,http://assets.myntassets.com/v1/images/style/properties/37efc4826dc3a5190b85f4f11fc6912a_images.jpg
19162,United Colors of Benetton Men Solid Blue Tshirt,United Colors of Benetton,Men,Apparel,Topwear,Tshirts,Blue,Casual,Summer,2011.0,http://assets.myntassets.com/v1/images/style/properties/d8ff9373a1e7e8765816a9a8680bf152_images.jpg
19163,United Colors of Benetton Men Solid Red TShirt,United Colors of Benetton,Men,Apparel,Topwear,Tshirts,Red,Casual,Summer,2011.0,http://assets.myntassets.com/v1/images/style/properties/f79cce7495d356131d04089804fdec6f_images.jpg
19165,United Colors of Benetton Men Green T-shirt,United Colors of Benetton,Men,Apparel,Topwear,Tshirts,Green,Casual,Summer,2011.0,http://assets.myntassets.com/v1/images/style/properties/ea69bcabcb63724cc2633b1354d2fc11_images.jpg
19166,United Colors of Benetton Men Printed Grey TShirt,United Colors of Benetton,Men,Apparel,Topwear,Tshirts,Grey,Casual,Summer,2011.0,http://assets.myntassets.com/v1/images/style/properties/5d5dafc27f3e7e8e884b40d9bd02d8c9_images.jpg
19167,United Colors of Benetton Men Stripes Red Polo Tshirt,United Colors of Benetton,Men,Apparel,Topwear,Tshirts,Red,Casual,Summer,2011.0,http://assets.myntassets.com/v1/images/style/properties/42bfb9f5c2a1d1f8d05f42861e9a1bb1_images.jpg
19168,United Colors of Benetton Men Grey Printed T-shirt,United Colors of Benetton,Men,Apparel,Topwear,Tshirts,Grey,Casual,Fall,2011.0,http://assets.myntassets.com/v1/images/style/properties/d21ade25482327c26651e4ceefc4c190_images.jpg
19169,United Colors of Benetton Men Printed Blue TShirt,United Colors of Benetton,Men,Apparel,Topwear,Tshirts,Blue,Casual,Summer,2011.0,http://assets.myntassets.com/v1/images/style/properties/26e2ee8a57d5c258697cd7900e9dfadc_images.jpg
1917,Puma Men White Sneakers,Puma,Men,Footwear,Shoes,Casual Shoes,White,Casual,Fall,2010.0,http://assets.myntassets.com/v1/images/style/properties/6203a6002bee04a6fb12140d4d8ece45_images.jpg
19170,United Colors of Benetton Men Printed Olive TShirt,United Colors of Benetton,Men,Apparel,Topwear,Tshirts,Olive,Casual,Summer,2011.0,http://assets.myntassets.com/v1/images/style/properties/0e6787f9851661dcd1b5454d029be6e7_images.jpg
19171,United Colors of Benetton Men Printed Grey Sweatshirt,United Colors of Benetton,Men,Apparel,Topwear,Sweatshirts,Grey,Casual,Fall,2011.0,http://assets.myntassets.com/v1/images/style/properties/1df323343d9d89c1f0bf1f5af1fcdc0c_images.jpg
19172,United Colors of Benetton Men Solid Navy Blue TShirt,United Colors of Benetton,Men,Apparel,Topwear,Tshirts,Navy Blue,Casual,Fall,2011.0,http://assets.myntassets.com/v1/images/style/properties/ae7316daba63d8140e26c4d1d3c402b5_images.jpg
19174,United Colors of Benetton Men Check White Shirt,United Colors of Benetton,Men,Apparel,Topwear,Shirts,White,Casual,Fall,2011.0,http://assets.myntassets.com/v1/images/style/properties/40f36ef08f3414a0ba8fdbefa2855f17_images.jpg
19175,United Colors of Benetton Men Check Blue Shirt,United Colors of Benetton,Men,Apparel,Topwear,Shirts,Blue,Casual,Fall,2011.0,http://assets.myntassets.com/v1/images/style/properties/f677c96ad1c827822bed49bc37046c24_images.jpg
19176,United Colors of Benetton Men Check Black Shirt,United Colors of Benetton,Men,Apparel,Topwear,Shirts,Black,Casual,Fall,2011.0,http://assets.myntassets.com/v1/images/style/properties/7f5d4a1cf8de9197508d535e31869196_images.jpg
19177,United Colors Of Benetton Men Navy Blue Shirt,United Colors of Benetton,Men,Apparel,Topwear,Shirts,Navy Blue,Casual,Fall,2011.0,http://assets.myntassets.com/v1/images/style/properties/b4053ad6c63d828b0e70cd816247f958_images.jpg
19180,United Colors of Benetton Men Check White Shirt,United Colors of Benetton,Men,Apparel,Topwear,Shirts,White,Casual,Summer,2011.0,http://assets.myntassets.com/v1/images/style/properties/e10f990eaf1e3b82268b4422713d75b2_images.jpg
19181,United Colors of Benetton Men Red Check Shirt,United Colors of Benetton,Men,Apparel,Topwear,Shirts,Red,Casual,Fall,2011.0,http://assets.myntassets.com/v1/images/style/properties/9cb3e362e6c626e324b0e7e05a635b67_images.jpg
19182,United Colors Of Benetton Men Maroon Check Shirt,United Colors of Benetton,Men,Apparel,Topwear,Shirts,Maroon,Casual,Fall,2011.0,http://assets.myntassets.com/v1/images/style/properties/feb1ab1fd6e042d1ebb3f1d09501d23a_images.jpg
19183,United Colors of Benetton Men Check Grey Shirt,United Colors of Benetton,Men,Apparel,Topwear,Shirts,Grey,Casual,Fall,2011.0,http://assets.myntassets.com/v1/images/style/properties/0d887fea51d79a595330ff9105e622f5_images.jpg
19184,United Colors Of Benetton Men Red Check Shirt,United Colors of Benetton,Men,Apparel,Topwear,Shirts,Red,Casual,Fall,2011.0,http://assets.myntassets.com/v1/images/style/properties/07ac24b8f6eaeb18db5db67ed22b7df7_images.jpg
19185,United Colors of Benetton Men Check Blue Shirt,United Colors of Benetton,Men,Apparel,Topwear,Shirts,Blue,Casual,Fall,2011.0,http://assets.myntassets.com/v1/images/style/properties/4cd34747dae7087866a38d5fcb7cbf2a_images.jpg
19186,United Colors of Benetton Men Check Green Shirt,United Colors of Benetton,Men,Apparel,Topwear,Shirts,Green,Casual,Fall,2011.0,http://assets.myntassets.com/v1/images/style/properties/a7e285608951c5bca559302467f9989c_images.jpg
19187,United Colors of Benetton Men Check Grey Shirt,United Colors of Benetton,Men,Apparel,Topwear,Shirts,Grey,Casual,Fall,2011.0,http://assets.myntassets.com/v1/images/style/properties/2c23f32e2819b3b10d9f73cfa00e1697_images.jpg
19189,United Colors of Benetton Men White Shirt,United Colors of Benetton,Men,Apparel,Topwear,Shirts,White,Casual,Fall,2011.0,http://assets.myntassets.com/v1/images/style/properties/94f7da3f5503a62b4ff6c7fa99dc7394_images.jpg
1919,Puma Men's Choco Brown Casual Shoes,Puma,Men,Footwear,Shoes,Casual Shoes,Brown,Casual,Fall,2010.0,http://assets.myntassets.com/v1/images/style/properties/167b219d923d6fd3cc20af216653b496_images.jpg
19191,United Colors of Benetton Men Charcoal Shirt,United Colors of Benetton,Men,Apparel,Topwear,Shirts,Charcoal,Casual,Summer,2011.0,http://assets.myntassets.com/v1/images/style/properties/5b9f6b91971b5bcf974b28fd240c10eb_images.jpg
19192,United Colors of Benetton Men Check Grey Shirt,United Colors of Benetton,Men,Apparel,Topwear,Shirts,Grey,Casual,Fall,2011.0,http://assets.myntassets.com/v1/images/style/properties/99b09b4eed94cbdd9a7aaf410c941256_images.jpg
19193,United Colors of Benetton Men Solid White Shirt,United Colors of Benetton,Men,Apparel,Topwear,Shirts,White,Casual,Fall,2011.0,http://assets.myntassets.com/v1/images/style/properties/b1b55976ae5aa18e6d9b55848e5d0e04_images.jpg
19194,United Colors of Benetton Men Solid White Shirt,United Colors of Benetton,Men,Apparel,Topwear,Shirts,White,Casual,Fall,2011.0,http://assets.myntassets.com/v1/images/style/properties/f04e47fc357795999f95db2957d2a0cb_images.jpg
19195,United Colors of Benetton Men Check Red Shirt,United Colors of Benetton,Men,Apparel,Topwear,Shirts,Red,Casual,Fall,2011.0,http://assets.myntassets.com/v1/images/style/properties/ea0840e0464ab638a3dd3d5f14843960_images.jpg
19197,United Colors of Benetton Men Grey Striped Shirt,United Colors of Benetton,Men,Apparel,Topwear,Shirts,Grey,Casual,Fall,2011.0,http://assets.myntassets.com/v1/images/style/properties/f38d5311e6547d782d94c526be446b5a_images.jpg
19198,United Colors of Benetton Men Solid White Shirt,United Colors of Benetton,Men,Apparel,Topwear,Shirts,White,Casual,Fall,2011.0,http://assets.myntassets.com/v1/images/style/properties/393d752e6e1838e5105c1dfa319cd25f_images.jpg
19199,United Colors of Benetton Men White Check Shirt,United Colors of Benetton,Men,Apparel,Topwear,Shirts,White,Casual,Fall,2011.0,http://assets.myntassets.com/v1/images/style/properties/72642fe859e37fc3788e657c498b8347_images.jpg
1920,Puma Men Graffiti FX Shoes,Puma,Men,Footwear,Shoes,Casual Shoes,Black,Casual,Fall,2011.0,http://assets.myntassets.com/v1/images/style/properties/d01ac8eca6d7d5061a13ecbba3a356f1_images.jpg
19200,United Colors of Benetton Men Check Blue Shirt,United Colors of Benetton,Men,Apparel,Topwear,Shirts,Blue,Casual,Fall,2011.0,http://assets.myntassets.com/v1/images/style/properties/199219511b9635bfb80adcc580c9961c_images.jpg
19201,United Colors of Benetton Men Check Black Shirt,United Colors of Benetton,Men,Apparel,Topwear,Shirts,Black,Casual,Fall,2011.0,http://assets.myntassets.com/v1/images/style/properties/a2840311e1172a6a36e86db0fd7a1166_images.jpg
19202,United Colors of Benetton Men Striped White Shirt,United Colors of Benetton,Men,Apparel,Topwear,Shirts,White,Casual,Fall,2011.0,http://assets.myntassets.com/v1/images/style/properties/d2693ae27a3d44e79f7fe1347c827926_images.jpg
19204,United Colors of Benetton Men Check Green Shirt,United Colors of Benetton,Men,Apparel,Topwear,Shirts,Green,Casual,Fall,2011.0,http://assets.myntassets.com/v1/images/style/properties/51394d2a8d7db4613cb6d430ce28c63c_images.jpg
19206,United Colors of Benetton Men Black Cap,United Colors of Benetton,Men,Accessories,Headwear,Caps,Black,Casual,Summer,2011.0,http://assets.myntassets.com/v1/images/style/properties/15a0f1e32458d3efc4f505d33e2ebfe4_images.jpg
19208,United Colors of Benetton Men Check Grey Cap,United Colors of Benetton,Men,Accessories,Headwear,Caps,Grey,Casual,Summer,2011.0,http://assets.myntassets.com/v1/images/style/properties/374a04489dd0845c68205f6ee000b781_images.jpg
19210,United Colors of Benetton Men Solid Brown Belt,United Colors of Benetton,Men,Accessories,Belts,Belts,Brown,Casual,Summer,2011.0,http://assets.myntassets.com/v1/images/style/properties/189439209cdac42b2864b63def4482cd_images.jpg
19211,United Colors of Benetton Men Solid Brown Belt,United Colors of Benetton,Men,Accessories,Belts,Belts,Brown,Casual,Summer,2011.0,http://assets.myntassets.com/v1/images/style/properties/e25efa4f55674fa50946f3c2c2cce92d_images.jpg
19212,United Colors of Benetton Men Solid Black Belt,United Colors of Benetton,Men,Accessories,Belts,Belts,Black,Casual,Summer,2011.0,http://assets.myntassets.com/v1/images/style/properties/9be5b6db26fdccf8570dd7d91b5a328d_images.jpg
19213,United Colors of Benetton Men Solid Black Belt,United Colors of Benetton,Men,Accessories,Belts,Belts,Black,Casual,Summer,2011.0,http://assets.myntassets.com/v1/images/style/properties/567bdee56e38f8c8d3ff70cd4f9be26c_images.jpg
19217,United Colors of Benetton Men Striped Black Tie,United Colors of Benetton,Men,Accessories,Ties,Ties,Black,Formal,Summer,2011.0,http://assets.myntassets.com/v1/images/style/properties/7185bd12b64ce9334c2deb02659b6dcc_images.jpg
19218,United Colors of Benetton Men Check Green Tie,United Colors of Benetton,Men,Accessories,Ties,Ties,Green,Formal,Summer,2011.0,http://assets.myntassets.com/v1/images/style/properties/e873f31ba40ed7e7d499fecafd9970d6_images.jpg
19219,United Colors of Benetton Men Striped White Tie,United Colors of Benetton,Men,Accessories,Ties,Ties,White,Formal,Summer,2011.0,http://assets.myntassets.com/v1/images/style/properties/166644c8b0204a4d8fa1e387da5b9f6f_images.jpg
1922,Puma Mens Slim Fit Black Polo T-shirt,Puma,Men,Apparel,Topwear,Tshirts,Black,Sports,Fall,2010.0,http://assets.myntassets.com/v1/images/style/properties/b0a035d03a79d09b7c55964ff51d40fe_images.jpg
19220,United Colors of Benetton Men Check Grey Tie,United Colors of Benetton,Men,Accessories,Ties,Ties,Grey,Formal,Summer,2011.0,http://assets.myntassets.com/v1/images/style/properties/db5f8ef57fb7d82ab18ffbb4ecfc52ea_images.jpg
19221,United Colors of Benetton Men Check Black Tie,United Colors of Benetton,Men,Accessories,Ties,Ties,Black,Formal,Summer,2011.0,http://assets.myntassets.com/v1/images/style/properties/84406157aa133d749d6d9f018e715dbf_images.jpg
19222,United Colors of Benetton Men Striped Navy Blue Tie,United Colors of Benetton,Men,Accessories,Ties,Ties,Navy Blue,Formal,Summer,2011.0,http://assets.myntassets.com/v1/images/style/properties/United-Colors-of-Benetton-Men-Striped-Navy-Blue-Tie_a3b6e7dd30893a79896bff23c6255165_images.jpg
19223,United Colors of Benetton Men Check Blue Tie,United Colors of Benetton,Men,Accessories,Ties,Ties,Blue,Formal,Summer,2011.0,http://assets.myntassets.com/v1/images/style/properties/3d0e745853a29a1ea371f596698b78d4_images.jpg
19224,United Colors of Benetton Men Striped Maroon Tie,United Colors of Benetton,Men,Accessories,Ties,Ties,Maroon,Formal,Summer,2011.0,http://assets.myntassets.com/v1/images/style/properties/01b93956fa070b8276d2aa935d1280be_images.jpg
19225,United Colors of Benetton Men Check Purple Tie,United Colors of Benetton,Men,Accessories,Ties,Ties,Purple,Formal,Summer,2011.0,http://assets.myntassets.com/v1/images/style/properties/a7ed9bbdad1e0a6d102040fe3d110cea_images.jpg
19226,United Colors of Benetton Men Check Red Tie,United Colors of Benetton,Men,Accessories,Ties,Ties,Red,Formal,Summer,2011.0,http://assets.myntassets.com/v1/images/style/properties/0296609c5b5df2c51655d41ab10cad24_images.jpg
19227,United Colors of Benetton Men Check Green Tie,United Colors of Benetton,Men,Accessories,Ties,Ties,Blue,Formal,Summer,2011.0,http://assets.myntassets.com/v1/images/style/properties/8c85b3d4a30396c99849b593050e9f8b_images.jpg
19228,United Colors of Benetton Men Striped Navy Blue Tie,United Colors of Benetton,Men,Accessories,Ties,Ties,Navy Blue,Formal,Summer,2011.0,http://assets.myntassets.com/v1/images/style/properties/0b6905d1e3c6e525f39332f834e719bf_images.jpg
19229,United Colors of Benetton Men Check Brown Tie,United Colors of Benetton,Men,Accessories,Ties,Ties,Brown,Formal,Summer,2011.0,http://assets.myntassets.com/v1/images/style/properties/b13c0bd8c4ef4474bb4347b4153fd46a_images.jpg
19230,United Colors of Benetton Men Check Blue Tie,United Colors of Benetton,Men,Accessories,Ties,Ties,Blue,Formal,Summer,2011.0,http://assets.myntassets.com/v1/images/style/properties/e5f04ff5c75051f33ba9d3ddbe73a14a_images.jpg
19231,United Colors of Benetton Men Striped Navy Blue Tie,United Colors of Benetton,Men,Accessories,Ties,Ties,Navy Blue,Formal,Summer,2011.0,http://assets.myntassets.com/v1/images/style/properties/5ce770ab15394ca1726a3d60f4f9ea89_images.jpg
19232,United Colors of Benetton Men Woven Black Tie,United Colors of Benetton,Men,Accessories,Ties,Ties,Black,Formal,Summer,2011.0,http://assets.myntassets.com/v1/images/style/properties/d1069f88ff2dd173550ed7b3291f4a49_images.jpg
19234,United Colors of Benetton Men Solid Black Wallet,United Colors of Benetton,Men,Accessories,Wallets,Wallets,Black,Casual,Summer,2011.0,http://assets.myntassets.com/v1/images/style/properties/09bde34946f4101e5efc3e44e71b3cfd_images.jpg
19236,Puma Men Solid Off White Scarvf,Puma,Men,Accessories,Scarves,Scarves,Off White,Casual,Fall,2011.0,http://assets.myntassets.com/v1/images/style/properties/24fc450530cc6b289a73892486b1ae1d_images.jpg
19239,Puma Men Standpunkt Classic Black Casual Shoes,Puma,Men,Footwear,Shoes,Casual Shoes,Black,Casual,Fall,2011.0,http://assets.myntassets.com/v1/images/style/properties/2adcac15399e31752e882950c9dcadc8_images.jpg
1924,Puma Mens Racing White T-shirt,Puma,Men,Apparel,Topwear,Tshirts,White,Sports,Fall,2010.0,http://assets.myntassets.com/v1/images/style/properties/2f00b85ce2d7d71b62adf5615963b371_images.jpg
19240,Puma Men Dazzle Blue Shorts,Puma,Men,Apparel,Bottomwear,Shorts,Blue,Casual,Summer,2011.0,http://assets.myntassets.com/v1/images/style/properties/5414e372bb2cb931a619d60575db6d36_images.jpg
19241,Puma Men Lifestyle Track Black Jacket,Puma,Men,Apparel,Topwear,Jackets,Black,Casual,Fall,2010.0,http://assets.myntassets.com/v1/images/style/properties/c91ba46e1a1eb12caf5d6f93a6c81c0f_images.jpg
19243,Puma Men Padded Vest Red Jacket,Puma,Men,Apparel,Topwear,Jackets,Red,Casual,Fall,2011.0,http://assets.myntassets.com/v1/images/style/properties/744b9cd42e5791018227f01064f52b6f_images.jpg
19244,Puma Men Printed Green T-shirt,Puma,Men,Apparel,Topwear,Tshirts,Green,Casual,Fall,2011.0,http://assets.myntassets.com/v1/images/style/properties/03df3a43f23aded8a0f18edb7b233a18_images.jpg
19245,Puma Men Tech Graphic Hooded Jacket,Puma,Men,Apparel,Topwear,Jackets,Blue,Casual,Fall,2011.0,http://assets.myntassets.com/v1/images/style/properties/1866d73c817abc57f74bb2ae370603b0_images.jpg
19246,Puma Men Foundation Padded Blue Jacket,Puma,Men,Apparel,Topwear,Jackets,Blue,Casual,Fall,2011.0,http://assets.myntassets.com/v1/images/style/properties/5eb9b5110a335315f2a6723e9619fb50_images.jpg
19252,Guess Men Rush Steel Watch,GUESS,Men,Accessories,Watches,Watches,Steel,Casual,Winter,2016.0,http://assets.myntassets.com/v1/images/style/properties/Guess-Men-Rush-Steel-Watch9f376e4976a108bba16a2501a870c64f_images.jpg
19256,Guess Men Focus Steel Watch,GUESS,Men,Accessories,Watches,Watches,Steel,Casual,Winter,2016.0,http://assets.myntassets.com/v1/images/style/properties/Guess-Men-Focus-Steel-Watch4b6ee68d3a58e7fc5da6cf7416750074_images.jpg
19257,Guess Men Focus Steel Watch,GUESS,Men,Accessories,Watches,Watches,Steel,Casual,Winter,2016.0,http://assets.myntassets.com/v1/images/style/properties/Guess-Men-Focus-Steel-Watch0cfca41f95c5ecf5eb8060d1b4113ea4_images.jpg
1926,Puma Mens Ocean Racing Blues T-shirt,Puma,Men,Apparel,Topwear,Tshirts,Blue,Casual,Fall,2010.0,http://assets.myntassets.com/v1/images/style/properties/e557c1b5f9604140c4d06c5ace3ff0a1_images.jpg
19260,Guess Men Power Broker Copper Watch,GUESS,Men,Accessories,Watches,Watches,Copper,Casual,Winter,2016.0,http://assets.myntassets.com/v1/images/style/properties/Guess-Men-Power-Broker-Copper-Watch14f324db2079a665131a1e8d4c735618_images.jpg
19267,Guess Men Chase Steel Watch,GUESS,Men,Accessories,Watches,Watches,Steel,Casual,Winter,2016.0,http://assets.myntassets.com/v1/images/style/properties/Guess-Men-Chase-Steel-Watchd659639022c9dadd8c4f8351f4ca7be7_images.jpg
19268,Guess Men Chase Steel Watch,GUESS,Men,Accessories,Watches,Watches,Steel,Casual,Winter,2016.0,http://assets.myntassets.com/v1/images/style/properties/Guess-Men-Chase-Steel-Watch21edb108c53776cf8d6711e2204d1473_images.jpg
19271,Guess Men Chase Steel Watch,GUESS,Men,Accessories,Watches,Watches,Steel,Casual,Winter,2016.0,http://assets.myntassets.com/v1/images/style/properties/Guess-Men-Chase-Steel-Watch0bab7bbc083d7af62b3f70114c4921c4_images.jpg
19272,Guess Men Boulevard Silver Watch,GUESS,Men,Accessories,Watches,Watches,Silver,Casual,Winter,2016.0,http://assets.myntassets.com/v1/images/style/properties/Guess-Men-Boulevard-Silver-Watch9107ef3b34656f5976c96d176dfa2614_images.jpg
1928,Puma Mens One Love T-shirt,Puma,Men,Apparel,Topwear,Tshirts,Green,Casual,Fall,2010.0,http://assets.myntassets.com/v1/images/style/properties/87632c5198b6cca775c2a8f54140b2f7_images.jpg
19282,Guess Men Activator White Watch,GUESS,Men,Accessories,Watches,Watches,White,Casual,Winter,2016.0,http://assets.myntassets.com/v1/images/style/properties/Guess-Men-Activator-White-Watch382379a792d394a62f3b42cff6fd67d1_images.jpg
1929,Quechua Men's Lighweight Black Shoe,Quechua,Men,Footwear,Shoes,Sports Shoes,Black,Sports,Fall,2010.0,http://assets.myntassets.com/v1/images/style/properties/4945c337a45f251034a09b0fe6b852ec_images.jpg
19301,Guess Men Chronograph Black Dial Watch W95015G1,GUESS,Men,Accessories,Watches,Watches,Black,Casual,Winter,2016.0,http://assets.myntassets.com/v1/images/style/properties/Guess-Men-Power-Broker-Steel-Watch7c696ae3c1cbcdb2fc88c5b9615b0065_images.jpg
19302,Nike Men Waffle Racer II Black Sports Shoes,Nike,Men,Footwear,Shoes,Sports Shoes,Black,Sports,Fall,2011.0,http://assets.myntassets.com/v1/images/style/properties/5e7732c325a98ce31e62b771de059998_images.jpg
19303,Nike Men Waffle Racer II Red Sports Shoes,Nike,Men,Footwear,Shoes,Sports Shoes,Red,Sports,Fall,2011.0,http://assets.myntassets.com/v1/images/style/properties/7d0a40daf4301a21f691b4c2e10c770d_images.jpg
19304,Nike Black Benassi Swoosh     NSW  Flip Flops,Nike,Men,Footwear,Flip Flops,Flip Flops,Black,Casual,Winter,2015.0,http://assets.myntassets.com/v1/images/style/properties/9122f203269f7d4634ee5b48f66e3aa1_images.jpg
19305,Nike Men Air Force 1 Navy Blue Sports Shoe,Nike,Men,Footwear,Shoes,Sports Shoes,Navy Blue,Sports,Fall,2011.0,http://assets.myntassets.com/v1/images/style/properties/abd44691982610eca40c1809430b4e38_images.jpg
19306,Nike Men Dart VII Leather Black Sports Shoe,Nike,Men,Footwear,Shoes,Sports Shoes,Black,Sports,Summer,2012.0,http://assets.myntassets.com/v1/images/style/properties/f45a3452862f171442a0c60c0db38a52_images.jpg
19307,Nike Men Air Citius 2+ MSL White Sports Shoes,Nike,Men,Footwear,Shoes,Sports Shoes,Silver,Sports,Fall,2011.0,http://assets.myntassets.com/v1/images/style/properties/5e6d3b3a158303679452ea7191dc24d0_images.jpg
19308,Nike Men Swift FG Grey Sports Shoe,Nike,Men,Footwear,Shoes,Sports Shoes,Grey,Sports,Fall,2011.0,http://assets.myntassets.com/v1/images/style/properties/236589e30568e8ab2ea6874f066a4bd6_images.jpg
19309,Nike Men Field Trainer Textile Grey Sports Shoes,Nike,Men,Footwear,Shoes,Sports Shoes,Grey,Sports,Fall,2011.0,http://assets.myntassets.com/v1/images/style/properties/e16ccddf836568caf602ae77f60bbe19_images.jpg
1931,Puma Men's Jamaica Jam Navy Blue T-shirt,Puma,Men,Apparel,Topwear,Tshirts,Navy Blue,Casual,Fall,2010.0,http://assets.myntassets.com/v1/images/style/properties/7af49db92ebaf6cd23ea5fade44c1b40_images.jpg
19310,Nike Men Lunarglide+ 3 White Sports Shoe,Nike,Men,Footwear,Shoes,Sports Shoes,White,Sports,Fall,2011.0,http://assets.myntassets.com/v1/images/style/properties/f9224900952588d6eb8c8dbd8bc6410e_images.jpg
19311,Nike Men Air Rift MTR White Casual Shoe,Nike,Men,Footwear,Shoes,Casual Shoes,White,Casual,Fall,2011.0,http://assets.myntassets.com/v1/images/style/properties/ac5a2fb9462db16f4cf5fc0f3616a9e6_images.jpg
19321,Myntra Men Solid Grey Sweatshirt,Myntra,Men,Apparel,Topwear,Sweatshirts,Grey,Casual,Fall,2011.0,http://assets.myntassets.com/v1/images/style/properties/caf0c7b295822f4afb857bda3fefe441_images.jpg
19322,Myntra Men Solid Blue Sweatshirt,Myntra,Men,Apparel,Topwear,Sweatshirts,Blue,Casual,Fall,2011.0,http://assets.myntassets.com/v1/images/style/properties/648b342320c6a02bf65648719bc39802_images.jpg
19323,Myntra Men Solid Navy Blue Sweatshirt,Myntra,Men,Apparel,Topwear,Sweatshirts,Navy Blue,Casual,Fall,2011.0,http://assets.myntassets.com/v1/images/style/properties/35f98abae2c35e26143fae6db0f68c05_images.jpg
19324,Myntra Men Solid Maroon Sweatshirt,Myntra,Men,Apparel,Topwear,Sweatshirts,Maroon,Casual,Fall,2011.0,http://assets.myntassets.com/v1/images/style/properties/3723f848081ab3d649bdc3aa4372bfc1_images.jpg
19325,Myntra Men Solid Grey Sweatshirt,Myntra,Men,Apparel,Topwear,Sweatshirts,Grey,Casual,Fall,2011.0,http://assets.myntassets.com/v1/images/style/properties/fcdda3e943c4dbcd767c7fe6d9fa4359_images.jpg
19326,Myntra Men Solid Blue Sweatshirt,Myntra,Men,Apparel,Topwear,Sweatshirts,Blue,Casual,Fall,2011.0,http://assets.myntassets.com/v1/images/style/properties/023e3e4eb6ee41f0e3e36d8c59f01b49_images.jpg
19327,Myntra Men Solid Blue Sweatshirt,Myntra,Men,Apparel,Topwear,Sweatshirts,Navy Blue,Casual,Fall,2011.0,http://assets.myntassets.com/v1/images/style/properties/48674993bc7aa9655e79da82d87857fb_images.jpg
19328,Myntra Men Maroon Sweatshirt,Myntra,Men,Apparel,Topwear,Sweatshirts,Maroon,Casual,Fall,2011.0,http://assets.myntassets.com/v1/images/style/properties/c1a3a5c1c954ac28dcdabb01a6f4393a_images.jpg
19329,Puma Men Standpunkt Brown Casual Shoes,Puma,Men,Footwear,Shoes,Casual Shoes,Brown,Casual,Fall,2011.0,http://assets.myntassets.com/v1/images/style/properties/bcb01252e8d12d743d85d0001586fee0_images.jpg
19334,United Colors of Benetton Men Check Maroon Jacket,United Colors of Benetton,Men,Apparel,Topwear,Jackets,Maroon,Casual,Fall,2011.0,http://assets.myntassets.com/v1/images/style/properties/0c14b12a65b1be04765b60c2d40501fe_images.jpg
19335,United Colors of Benetton Men Solid White Jacket,United Colors of Benetton,Men,Apparel,Topwear,Jackets,White,Casual,Fall,2011.0,http://assets.myntassets.com/v1/images/style/properties/66178d80787fd70559080577c33b7909_images.jpg
19336,United Colors of Benetton Men Solid Grey Jacket,United Colors of Benetton,Men,Apparel,Topwear,Jackets,Grey,Casual,Fall,2011.0,http://assets.myntassets.com/v1/images/style/properties/5d75b9f79806404890bb2317544ee5a1_images.jpg
19337,United Colors of Benetton Men Stripes Black Jacket,United Colors of Benetton,Men,Apparel,Topwear,Jackets,Black,Casual,Fall,2011.0,http://assets.myntassets.com/v1/images/style/properties/3aededb2a4f5feb762fe668a1c260177_images.jpg
19338,United Colors of Benetton Men Solid Black Jacket,United Colors of Benetton,Men,Apparel,Topwear,Jackets,Black,Casual,Fall,2011.0,http://assets.myntassets.com/v1/images/style/properties/6372392f9eada96037df74bc75a60254_images.jpg
19339,United Colors of Benetton Men Solid Black Jacket,United Colors of Benetton,Men,Apparel,Topwear,Jackets,Black,Casual,Fall,2011.0,http://assets.myntassets.com/v1/images/style/properties/3d4a16980a8aaf147fbaf6809d7a1c1b_images.jpg
19340,United Colors of Benetton Men Solid Black Jacket,United Colors of Benetton,Men,Apparel,Topwear,Jackets,Black,Casual,Fall,2011.0,http://assets.myntassets.com/v1/images/style/properties/ca38dce260d82c845657e8605e46ea8f_images.jpg
19341,United Colors of Benetton Men Solid Grey Blazer Jacket,United Colors of Benetton,Men,Apparel,Topwear,Jackets,Grey,Casual,Fall,2011.0,http://assets.myntassets.com/v1/images/style/properties/4e91b4f4b6ebc15f35a08e858e6ba55f_images.jpg
19343,Reid&Taylor Men Solid Black Wallet,Reid & Taylor,Men,Accessories,Wallets,Wallets,Black,Formal,Fall,2011.0,http://assets.myntassets.com/v1/images/style/properties/688a86e1be4178f5980e378fe3bc27e1_images.jpg
19344,Reid&Taylor Men Solid Black Wallet,Reid & Taylor,Men,Accessories,Wallets,Wallets,Black,Formal,Fall,2011.0,http://assets.myntassets.com/v1/images/style/properties/63711e22f3d94624960da3282f2db592_images.jpg
19345,Reid&Taylor Men Solid Brown Wallet,Reid & Taylor,Men,Accessories,Wallets,Wallets,Brown,Formal,Fall,2011.0,http://assets.myntassets.com/v1/images/style/properties/23d384871617214c2ccd343a41e9aded_images.jpg
19348,Numero Uno Men Suede Moccasin Navy Blue Casual Shoes,Numero Uno,Men,Footwear,Shoes,Casual Shoes,Navy Blue,Casual,Summer,2012.0,http://assets.myntassets.com/v1/images/style/properties/6bb2028fa010401cf050258f4d7a740b_images.jpg
19349,Numero Uno Men Fashion Black Sports Shoes,Numero Uno,Men,Footwear,Shoes,Sports Shoes,Black,Sports,Summer,2012.0,http://assets.myntassets.com/v1/images/style/properties/58721f511963f380fabc9b951cd8b654_images.jpg
19350,Numero Uno Men White Shoes,Numero Uno,Men,Footwear,Shoes,Casual Shoes,White,Casual,Summer,2012.0,http://assets.myntassets.com/v1/images/style/properties/1d682d6e551f1e7acafce4aa495e6a7a_images.jpg
19351,Numero Uno Men Navy Blue Shoes,Numero Uno,Men,Footwear,Shoes,Casual Shoes,Navy Blue,Casual,Summer,2012.0,http://assets.myntassets.com/v1/images/style/properties/ec60da5c96ee7e2bb7c51475a26d0e09_images.jpg
19352,Numero Uno Men Lifestyle Black Casual Shoes,Numero Uno,Men,Footwear,Shoes,Casual Shoes,Black,Casual,Summer,2012.0,http://assets.myntassets.com/v1/images/style/properties/14e3a4cef7dfdbddb49f8aa96579db68_images.jpg
19353,Numero Uno Men Brown Shoes,Numero Uno,Men,Footwear,Shoes,Casual Shoes,Brown,Casual,Summer,2012.0,http://assets.myntassets.com/v1/images/style/properties/3ff8d58d6dc0f11beed56e4b4a1a9ce3_images.jpg
19354,Numero Uno Men White Shoes,Numero Uno,Men,Footwear,Shoes,Casual Shoes,White,Casual,Summer,2012.0,http://assets.myntassets.com/v1/images/style/properties/698677739004ab6982bd26adbf56b911_images.jpg
19361,Redtape Men Comfort Black Sandals,Red Tape,Men,Footwear,Sandal,Sandals,Black,Casual,Summer,2013.0,http://assets.myntassets.com/v1/images/style/properties/fba4c865071a62a94ba6fc13afea3f16_images.jpg
19362,Redtape Men Comfort Brown Sandals,Red Tape,Men,Footwear,Sandal,Sandals,Brown,Casual,Summer,2012.0,http://assets.myntassets.com/v1/images/style/properties/62078203980cc64a75c65fa28315f590_images.jpg
19363,Redtape Men Comfort Black Sandal,Red Tape,Men,Footwear,Sandal,Sandals,Black,Casual,Summer,2012.0,http://assets.myntassets.com/v1/images/style/properties/c7d4d328f15ae470ecb559da5038982a_images.jpg
19364,Redtape Men Calcullas Black Casual Shoes,Red Tape,Men,Footwear,Shoes,Casual Shoes,Black,Casual,Winter,2018.0,http://assets.myntassets.com/v1/images/style/properties/722d0d927c268f7ac5bb110ed3447197_images.jpg
19365,Redtape Men Calcullas Tan Casual Shoes,Red Tape,Men,Footwear,Shoes,Casual Shoes,Tan,Casual,Winter,2018.0,http://assets.myntassets.com/v1/images/style/properties/aa03ee80302edc34bc504f102c0947f1_images.jpg
19366,Redtape Men Pontoise Black Formal Shoes,Red Tape,Men,Footwear,Shoes,Formal Shoes,Black,Formal,Winter,2018.0,http://assets.myntassets.com/v1/images/style/properties/d4151581490d9b0b1ddd2d9533de0cbd_images.jpg
19367,Redtape Men Candy Tan Casual Shoes,Red Tape,Men,Footwear,Shoes,Casual Shoes,Tan,Casual,Winter,2018.0,http://assets.myntassets.com/v1/images/style/properties/8635c5004c65b8cbd67d35b5bb5d0ded_images.jpg
19368,Redtape Men Candy Grey Casual Shoes,Red Tape,Men,Footwear,Shoes,Casual Shoes,Grey,Casual,Winter,2018.0,http://assets.myntassets.com/v1/images/style/properties/1a95bfe1660347d7b8cf6a78d3f7e354_images.jpg
19369,Redtape Men Stone Wall Blue Casual Shoes,Red Tape,Men,Footwear,Shoes,Casual Shoes,Blue,Casual,Winter,2018.0,http://assets.myntassets.com/v1/images/style/properties/8f22aa3819bb832f8789988810abc048_images.jpg
19370,Redtape Men Tango Black Formal Shoes,Red Tape,Men,Footwear,Shoes,Formal Shoes,Black,Formal,Winter,2018.0,http://assets.myntassets.com/v1/images/style/properties/f232ee87b1263dc1449c031b8d56d25e_images.jpg
19371,Red Tape Men Federer Black Formal Shoes,Red Tape,Men,Footwear,Shoes,Formal Shoes,Black,Formal,Winter,2018.0,http://assets.myntassets.com/v1/images/style/properties/f6f7e483f045d5e4d295d7849bfbc83b_images.jpg
19372,Redtape Men Brown Formal Shoes,Red Tape,Men,Footwear,Shoes,Formal Shoes,Brown,Formal,Winter,2018.0,http://assets.myntassets.com/v1/images/style/properties/Red-Tape-Men-Formal-Shoes_69d74d2aac6cc51c38bda7600f0a2d91_images.jpg
19379,Crusoe Men Surge Green Boxer Shorts,Crusoe,Men,Apparel,Innerwear,Boxers,Green,Casual,Summer,2016.0,http://assets.myntassets.com/v1/images/style/properties/8583be299854399d14f0090996b8ed50_images.jpg
1938,Puma Men's Jamaica Jam Blues T-shirt,Puma,Men,Apparel,Topwear,Tshirts,Blue,Casual,Fall,2010.0,http://assets.myntassets.com/v1/images/style/properties/ae4d26f61750a064652ad91fc28ff7ff_images.jpg
19380,Crusoe Men Grey Boxers 1017,Crusoe,Men,Apparel,Innerwear,Boxers,Grey,Casual,Summer,2016.0,http://assets.myntassets.com/v1/images/style/properties/Crusoe-Men-Grey-Boxers-1017_1d3632c588e90666afe9a64c45d2dbd9_images.jpg
19385,Crusoe Men Grey Xtreme Game Innerwear Vest,Crusoe,Men,Apparel,Innerwear,Innerwear Vests,Grey,Casual,Summer,2016.0,http://assets.myntassets.com/v1/images/style/properties/a5a7aae024b85a958b0879f1fd16bc25_images.jpg
19386,Reid & Taylor Men Check Red Muffler,Reid & Taylor,Men,Accessories,Mufflers,Mufflers,Red,Casual,Fall,2011.0,http://assets.myntassets.com/v1/images/style/properties/8cf6253901d9c8c3f02de3fa75438c27_images.jpg
19387,ADIDAS Men Dumont Beige Sports Shoes,ADIDAS,Men,Footwear,Shoes,Sports Shoes,Beige,Sports,Summer,2011.0,http://assets.myntassets.com/v1/images/style/properties/4667f5416339437dda1dc3510bb0a27d_images.jpg
19388,ADIDAS Men Green South Africa Cricket Jersey,ADIDAS,Men,Apparel,Topwear,Tshirts,Green,Sports,Summer,2011.0,http://assets.myntassets.com/v1/images/style/properties/16a4f1f73001f8b3f12aa3595ed89f9f_images.jpg
19389,ADIDAS Men Printed White Tshirt,ADIDAS,Men,Apparel,Topwear,Tshirts,White,Casual,Fall,2011.0,http://assets.myntassets.com/v1/images/style/properties/7a062f6dae212c34535b4180d5b31185_images.jpg
19390,ADIDAS Men Printed White Tshirt,ADIDAS,Men,Apparel,Topwear,Tshirts,White,Casual,Summer,2011.0,http://assets.myntassets.com/v1/images/style/properties/e7548bf61843218bc2acf67c0dcc79b2_images.jpg
19391,ADIDAS Men Printed Blue Tshirt,ADIDAS,Men,Apparel,Topwear,Tshirts,Blue,Casual,Fall,2011.0,http://assets.myntassets.com/v1/images/style/properties/490579e7c2906f513639271654d46d04_images.jpg
19392,ADIDAS Men Solid Black Jersey,ADIDAS,Men,Apparel,Topwear,Tshirts,Black,Sports,Summer,2011.0,http://assets.myntassets.com/v1/images/style/properties/c52cbe5a342e72dd297381897f1c0e97_images.jpg
19393,ADIDAS Men Stripes Green Sweater,ADIDAS,Men,Apparel,Topwear,Sweaters,Green,Casual,Summer,2011.0,http://assets.myntassets.com/v1/images/style/properties/56c96acb917eb147f6fe329219c77813_images.jpg
19394,ADIDAS Men Solid Blue Jacket,ADIDAS,Men,Apparel,Topwear,Jackets,Blue,Casual,Summer,2011.0,http://assets.myntassets.com/v1/images/style/properties/1841d4b78e6aaddf780bf831238fcb90_images.jpg
19395,ADIDAS Men Solid Blue Tshirt,ADIDAS,Men,Apparel,Topwear,Tshirts,Blue,Casual,Fall,2011.0,http://assets.myntassets.com/v1/images/style/properties/09ab9e54e481d7e8c0fad25aa9e0c555_images.jpg
19396,ADIDAS Men Printed White Tshirt,ADIDAS,Men,Apparel,Topwear,Tshirts,White,Casual,Fall,2011.0,http://assets.myntassets.com/v1/images/style/properties/fc5840dba8cdca6da35b422a9e7042e8_images.jpg
19397,ADIDAS Men Solid Blue T-Shirt,ADIDAS,Men,Apparel,Topwear,Tshirts,Blue,Sports,Fall,2011.0,http://assets.myntassets.com/v1/images/style/properties/057c5bb0986b002d674dae4e596f9984_images.jpg
19398,ADIDAS Men Solid Blue Jersey,ADIDAS,Men,Apparel,Topwear,Tshirts,Blue,Sports,Summer,2011.0,http://assets.myntassets.com/v1/images/style/properties/05c4b4b891834b0b7f798d4f8e624b44_images.jpg
19399,ADIDAS Men Solid Black Jersey,ADIDAS,Men,Apparel,Topwear,Tshirts,Black,Sports,Fall,2011.0,http://assets.myntassets.com/v1/images/style/properties/0b39c85e1901ea7e075ed1db0b8fabc7_images.jpg
19400,ADIDAS Men Navy Blue T-shirt,ADIDAS,Men,Apparel,Topwear,Tshirts,Navy Blue,Casual,Summer,2011.0,http://assets.myntassets.com/v1/images/style/properties/e2db344bfe5090719cb7055023bbac19_images.jpg
19401,ADIDAS Men Solid Black Jersey,ADIDAS,Men,Apparel,Topwear,Tshirts,Black,Sports,Summer,2011.0,http://assets.myntassets.com/v1/images/style/properties/a75a487cc6ffd6a38fe56f4c74173819_images.jpg
19402,ADIDAS Men Printed Black Tshirt,ADIDAS,Men,Apparel,Topwear,Tshirts,Black,Casual,Fall,2011.0,http://assets.myntassets.com/v1/images/style/properties/32441dab79590d636c8e234f7ba82c26_images.jpg
19403,ADIDAS Men Grey T-shirt,ADIDAS,Men,Apparel,Topwear,Tshirts,Grey,Casual,Summer,2011.0,http://assets.myntassets.com/v1/images/style/properties/ecbd614df48dff5861afad623834af9b_images.jpg
19404,ADIDAS Men Solid White Tshirt,ADIDAS,Men,Apparel,Topwear,Tshirts,White,Casual,Fall,2011.0,http://assets.myntassets.com/v1/images/style/properties/fa6d60db27030362f7749aa8108274b9_images.jpg
19405,ADIDAS Men Blue Jersey,ADIDAS,Men,Apparel,Topwear,Tshirts,Blue,Sports,Summer,2011.0,http://assets.myntassets.com/v1/images/style/properties/0fd064d0896236dd4e6d4bf526ec6bea_images.jpg
19406,ADIDAS Men White Twenty2yds Lite IV Sports Shoes,ADIDAS,Men,Footwear,Shoes,Sports Shoes,White,Sports,Fall,2011.0,http://assets.myntassets.com/v1/images/style/properties/91f4fea55dde39fbdfee7ecce667bf84_images.jpg
19407,ADIDAS Men Solid Black Jersey,ADIDAS,Men,Apparel,Topwear,Tshirts,Black,Sports,Fall,2011.0,http://assets.myntassets.com/v1/images/style/properties/1be610d8cea846bdf13fb49f5e550e4d_images.jpg
19408,ADIDAS Men  Off White Polo Tshirt,ADIDAS,Men,Apparel,Topwear,Tshirts,Off White,Casual,Fall,2011.0,http://assets.myntassets.com/v1/images/style/properties/22ea07a6955fcfa096a212e9e1bcd018_images.jpg
19409,ADIDAS Men Striped Grey Tshirt,ADIDAS,Men,Apparel,Topwear,Tshirts,Grey,Casual,Fall,2011.0,http://assets.myntassets.com/v1/images/style/properties/9fc7675fb952dc411dfe96bb80b3381e_images.jpg
19410,ADIDAS Men Black Tshirt,ADIDAS,Men,Apparel,Topwear,Tshirts,Black,Casual,Fall,2010.0,http://assets.myntassets.com/v1/images/style/properties/4f6dde1562300cc3247c2228456327cc_images.jpg
19419,Quiksilver Men Black Printed Shorts,Quiksilver,Men,Apparel,Bottomwear,Shorts,Black,Casual,Fall,2011.0,http://assets.myntassets.com/v1/images/style/properties/d0ca8e757430b59f631b3a97fdd1814d_images.jpg
1942,Puma Mens Reggae All Night White T-shirt,Puma,Men,Apparel,Topwear,Tshirts,White,Casual,Fall,2010.0,http://assets.myntassets.com/v1/images/style/properties/8e613d7acde930a39439a349657a67e9_images.jpg
19420,Quiksilver Men Ocean Walk Reversible Blue Shorts,Quiksilver,Men,Apparel,Bottomwear,Shorts,Blue,Casual,Summer,2012.0,http://assets.myntassets.com/v1/images/style/properties/4d68b5f703d9a8e3893bad424e868554_images.jpg
19423,Quiksilver Men White Printed T-shirt,Quiksilver,Men,Apparel,Topwear,Tshirts,White,Casual,Summer,2012.0,http://assets.myntassets.com/v1/images/style/properties/cc00ef03af3cfed96b6bf95f8cf9fffc_images.jpg
19424,Quiksilver Men Printed Green T-shirt,Quiksilver,Men,Apparel,Topwear,Tshirts,Green,Casual,Summer,2012.0,http://assets.myntassets.com/v1/images/style/properties/8fcf3d67f65c9fcc936ebc6f6a80d348_images.jpg
19425,Quiksilver Men Blue Shirt,Quiksilver,Men,Apparel,Topwear,Shirts,Blue,Casual,Summer,2012.0,http://assets.myntassets.com/v1/images/style/properties/e5c2e79401819e5a891fdd94bfc32fb4_images.jpg
19426,Quiksilver Men Tar Pits Black Shirt,Quiksilver,Men,Apparel,Topwear,Shirts,Black,Casual,Summer,2012.0,http://assets.myntassets.com/v1/images/style/properties/5071615caf43e1e4c1dab050cffc5a5b_images.jpg
19427,Quiksilver Men Beige Shirt,Quiksilver,Men,Apparel,Topwear,Shirts,Beige,Casual,Summer,2012.0,http://assets.myntassets.com/v1/images/style/properties/c5d0115d01575e9fe2db2b1a8835fed5_images.jpg
19428,Quiksilver Men Rincon Red Shirt,Quiksilver,Men,Apparel,Topwear,Shirts,Red,Casual,Summer,2012.0,http://assets.myntassets.com/v1/images/style/properties/a4478b53aab1959c371a8cec9ffb83cf_images.jpg
19429,Quiksilver Men Red Check Shirt,Quiksilver,Men,Apparel,Topwear,Shirts,Red,Smart Casual,Fall,2012.0,http://assets.myntassets.com/v1/images/style/properties/Quiksilver-Men-Red-Check-Shirt_ca2d6da1881d9e6a494da9de215dbfbf_images.jpg
19430,Quiksilver Men Grey Hammonds Cargo Shorts,Quiksilver,Men,Apparel,Bottomwear,Shorts,Grey,Casual,Summer,2012.0,http://assets.myntassets.com/v1/images/style/properties/059d379792dee4d926d5654d4064bb7c_images.jpg
19431,Quiksilver Men Grey Ashland Cargo Shorts,Quiksilver,Men,Apparel,Bottomwear,Shorts,Grey,Casual,Summer,2012.0,http://assets.myntassets.com/v1/images/style/properties/84e2f7a07eec3832caeffd48447ed9f3_images.jpg
19433,Quiksilver Men Black Beanie Cap,Quiksilver,Men,Accessories,Headwear,Caps,Black,Casual,Summer,2012.0,http://assets.myntassets.com/v1/images/style/properties/Quiksilver-Men-Black-BEANIE-Cap_7ff2cc4903e8ebf72b548e7ed57fb10f_images.jpg
19434,Quiksilver Men Blue Sting Ray Beanie Hat,Quiksilver,Men,Accessories,Headwear,Caps,Blue,Casual,Summer,2012.0,http://assets.myntassets.com/v1/images/style/properties/ded9001b41cedf1353e0c497940bdc2e_images.jpg
19435,Quiksilver Men Stripes Blue Caps,Quiksilver,Men,Accessories,Headwear,Caps,Blue,Casual,Summer,2012.0,http://assets.myntassets.com/v1/images/style/properties/5743375f58f81f54914899fcc519d2b4_images.jpg
19436,Quiksilver Men Burgundy & Olive Beanies Cap,Quiksilver,Men,Accessories,Headwear,Caps,Olive,Casual,Summer,2012.0,http://assets.myntassets.com/v1/images/style/properties/25027bc2d01938036b8a04cc31340dbc_images.jpg
19438,Quiksilver Men Printed Blue Shorts,Quiksilver,Men,Apparel,Bottomwear,Shorts,Blue,Casual,Summer,2012.0,http://assets.myntassets.com/v1/images/style/properties/9292b6dd2b03269e67ad5c204304f980_images.jpg
19439,Quiksilver Men Black Qsacc Cap,Quiksilver,Men,Accessories,Headwear,Caps,Black,Casual,Summer,2012.0,http://assets.myntassets.com/v1/images/style/properties/aa26252d7556ac26b6e0b5e0a25e11cd_images.jpg
1944,Puma Mens Reggae All Night Blues T-shirt,Puma,Men,Apparel,Topwear,Tshirts,Blue,Casual,Fall,2010.0,http://assets.myntassets.com/v1/images/style/properties/9454d4ed7f4648bb8cf5f6a579a954bb_images.jpg
19440,Quiksilver Men Red Qsacc Cap,Quiksilver,Men,Accessories,Headwear,Caps,Red,Casual,Summer,2012.0,http://assets.myntassets.com/v1/images/style/properties/e03ebede27c0b994f175f93e5aeaa2f4_images.jpg
19441,Quiksilver Men Casual Black Gloves,Quiksilver,Men,Accessories,Gloves,Gloves,Black,Casual,Summer,2012.0,http://assets.myntassets.com/v1/images/style/properties/c131c9c303b69cdff1e3eb6e5eb47432_images.jpg
19442,Quiksilver Men Black Octo Gloves,Quiksilver,Men,Accessories,Gloves,Gloves,Black,Casual,Summer,2012.0,http://assets.myntassets.com/v1/images/style/properties/6884451b8d6838e14de7661c9b20cc6c_images.jpg
19445,Quiksilver Men Grey Printed T-shirt,Quiksilver,Men,Apparel,Topwear,Tshirts,Grey,Casual,Fall,2011.0,http://assets.myntassets.com/v1/images/style/properties/e280364a7121236e79aab3dc3e0217a4_images.jpg
19448,Quiksilver Men Cream Striped T-shirt,Quiksilver,Men,Apparel,Topwear,Tshirts,Cream,Casual,Fall,2011.0,http://assets.myntassets.com/v1/images/style/properties/21bf3783488a728ca217efbeb266029b_images.jpg
19449,Quiksilver Men White Striped T-shirt,Quiksilver,Men,Apparel,Topwear,Tshirts,White,Casual,Fall,2011.0,http://assets.myntassets.com/v1/images/style/properties/dbc49d145f4f615ad5f51140249ec0d3_images.jpg
1945,Puma Mens Reggae All Night Green T-shirt,Puma,Men,Apparel,Topwear,Tshirts,Green,Sports,Fall,2010.0,http://assets.myntassets.com/v1/images/style/properties/af4824f09b9aca83eaec8a2b3cd17835_images.jpg
19450,Quiksilver Men Black T-shirt,Quiksilver,Men,Apparel,Topwear,Tshirts,Black,Casual,Summer,2012.0,http://assets.myntassets.com/v1/images/style/properties/fc2fbb5cd8331355d0417ba5b3dc1c74_images.jpg
19453,Quiksilver Men Purple Printed T-shirt,Quiksilver,Men,Apparel,Topwear,Tshirts,Purple,Casual,Fall,2011.0,http://assets.myntassets.com/v1/images/style/properties/41e2ad0051c71fbc0c7322f17f008395_images.jpg
19455,Quiksilver Men Black T-shirt,Quiksilver,Men,Apparel,Topwear,Tshirts,Black,Casual,Summer,2012.0,http://assets.myntassets.com/v1/images/style/properties/06cc48530a423a99b0261c9d868e5c4c_images.jpg
19456,Quiksilver Men Printed Grey T-shirt,Quiksilver,Men,Apparel,Topwear,Tshirts,Grey,Casual,Summer,2012.0,http://assets.myntassets.com/v1/images/style/properties/797bf255f290676addc7ab49b100b011_images.jpg
19457,Quiksilver Men Black T-shirt,Quiksilver,Men,Apparel,Topwear,Tshirts,Black,Casual,Summer,2012.0,http://assets.myntassets.com/v1/images/style/properties/8d3843e5b2309b2a880ab85a49f1c482_images.jpg
19459,Quiksilver Men Basic Grey T-shirt,Quiksilver,Men,Apparel,Topwear,Tshirts,Grey,Casual,Summer,2012.0,http://assets.myntassets.com/v1/images/style/properties/b9c03a64f22efc130db46cc7d2888bf6_images.jpg
1946,Puma Mens One Love Reggae Polo T-shirt,Puma,Men,Apparel,Topwear,Tshirts,Green,Casual,Fall,2010.0,http://assets.myntassets.com/v1/images/style/properties/6586cf61be3b1bad5cf469c715ff514b_images.jpg
19465,Quiksilver Men Navy Blue Check Shirt,Quiksilver,Men,Apparel,Topwear,Shirts,Navy Blue,Casual,Fall,2011.0,http://assets.myntassets.com/v1/images/style/properties/315927e36a960ea3f43dc4db09caeb0b_images.jpg
19466,Quiksilver Men Red Check Shirt,Quiksilver,Men,Apparel,Topwear,Shirts,Red,Casual,Fall,2011.0,http://assets.myntassets.com/v1/images/style/properties/a3d46d9e97c357a55caa64c29b69c226_images.jpg
19469,Quiksilver Men Black Shirt,Quiksilver,Men,Apparel,Topwear,Shirts,Black,Casual,Fall,2011.0,http://assets.myntassets.com/v1/images/style/properties/0ada8f7325da72fd0f4db54b33419b53_images.jpg
1947,Puma Mens Cricket Way of Life T-shirt,Puma,Men,Apparel,Topwear,Tshirts,Blue,Sports,Fall,2010.0,http://assets.myntassets.com/v1/images/style/properties/8a381850a135f0e99fc895c5caba435b_images.jpg
19472,Quiksilver Men Blue Sweatshirt,Quiksilver,Men,Apparel,Topwear,Sweatshirts,Blue,Casual,Summer,2012.0,http://assets.myntassets.com/v1/images/style/properties/c834dd25b6167fa07faa2480ec328b89_images.jpg
19473,Quiksilver Men Purple Sweatshirt,Quiksilver,Men,Apparel,Topwear,Sweatshirts,Purple,Casual,Summer,2012.0,http://assets.myntassets.com/v1/images/style/properties/079b4646b964bc6f6aa75fac338aa78e_images.jpg
19475,Quiksilver Men Navy Blue Nautical Sweatshirt,Quiksilver,Men,Apparel,Topwear,Sweatshirts,Navy Blue,Casual,Summer,2012.0,http://assets.myntassets.com/v1/images/style/properties/89edf0a71af4bf511a5fe57dd150869f_images.jpg
19476,Quiksilver Men Black Casual Sweatshirt,Quiksilver,Men,Apparel,Topwear,Sweatshirts,Black,Casual,Summer,2012.0,http://assets.myntassets.com/v1/images/style/properties/f73d00d50befddc88049dc43772adb2d_images.jpg
19477,Quiksilver Men Casual Blue Jacket,Quiksilver,Men,Apparel,Topwear,Jackets,Blue,Casual,Summer,2012.0,http://assets.myntassets.com/v1/images/style/properties/6c22c6aa39f8a255518c0e58dd464ff9_images.jpg
19478,Quiksilver Men High Blue Socks,Quiksilver,Men,Accessories,Socks,Socks,Blue,Casual,Summer,2016.0,http://assets.myntassets.com/v1/images/style/properties/Quiksilver-Men-High-Blue-Socksa0985e07f7a5769f1b787b895d9f8802_images.jpg
19479,Quiksilver Men Blue Socks,Quiksilver,Men,Accessories,Socks,Socks,Blue,Casual,Summer,2016.0,http://assets.myntassets.com/v1/images/style/properties/Quiksilver-Men-Blue-Socksc2b9483043225a755194394bbfea405b_images.jpg
1948,Puma Mens Keyboard Sidebar Black Polo T-shirt,Puma,Men,Apparel,Topwear,Tshirts,Black,Casual,Fall,2010.0,http://assets.myntassets.com/v1/images/style/properties/db0a3334c54814a191217e713398ee1f_images.jpg
19481,Quiksilver Men Striped Black Shorts,Quiksilver,Men,Apparel,Bottomwear,Shorts,Black,Casual,Summer,2012.0,http://assets.myntassets.com/v1/images/style/properties/4f918736e0025536024991145b24de3f_images.jpg
19482,Puma Men GP Buddh Logo Polo Navy Blue Tshirts,Puma,Men,Apparel,Topwear,Tshirts,Navy Blue,Casual,Fall,2011.0,http://assets.myntassets.com/v1/images/style/properties/e75169ee8e152df6838b6794c45b3205_images.jpg
19483,Puma Men GP Buddh Logo Polo Navy Blue Tshirts,Puma,Men,Apparel,Topwear,Tshirts,Navy Blue,Casual,Fall,2011.0,http://assets.myntassets.com/v1/images/style/properties/0b7d23c53800213b8f9ee09fd880e80c_images.jpg
19484,Levis Men Jazz Stripes Grey Trunks,Levis,Men,Apparel,Innerwear,Trunk,Grey,Casual,Summer,2016.0,http://assets.myntassets.com/v1/images/style/properties/4d95621f904af01e7163097517f88d4e_images.jpg
19485,Levis Men Jazz Stripes Grey Brief,Levis,Men,Apparel,Innerwear,Briefs,Grey,Casual,Summer,2016.0,http://assets.myntassets.com/v1/images/style/properties/c75edcb34ae3164e7c3e4edb444d4ba5_images.jpg
19486,Levis Men Jazz Stripes Blue Brief,Levis,Men,Apparel,Innerwear,Briefs,Blue,Casual,Summer,2016.0,http://assets.myntassets.com/v1/images/style/properties/221e8cf5b2649870ef8b72af68af109d_images.jpg
19487,Levis Men Jazz Stripes Blue Trunks,Levis,Men,Apparel,Innerwear,Trunk,Blue,Casual,Summer,2016.0,http://assets.myntassets.com/v1/images/style/properties/4930b09e51c03815e6ae44ee35ff0225_images.jpg
19488,Levis Men Jazz Stripes Maroon Trunks,Levis,Men,Apparel,Innerwear,Trunk,Maroon,Casual,Summer,2016.0,http://assets.myntassets.com/v1/images/style/properties/a061eff0814a6614bfb80b6740d9b942_images.jpg
19489,Levis Men Jazz Stripes Grey Brief,Levis,Men,Apparel,Innerwear,Briefs,Grey,Casual,Summer,2016.0,http://assets.myntassets.com/v1/images/style/properties/1f75c1970178ccb67d9dd57eb88917f3_images.jpg
1949,Puma Mens Keyboard Sidebar White Polo T-shirt,Puma,Men,Apparel,Topwear,Tshirts,White,Casual,Fall,2010.0,http://assets.myntassets.com/v1/images/style/properties/270d460a4f342b59fd6aacb50bf15410_images.jpg
19490,Levis Men Jazz Stripes Green Brief,Levis,Men,Apparel,Innerwear,Briefs,Green,Casual,Summer,2016.0,http://assets.myntassets.com/v1/images/style/properties/98ebcb5548a7021a452c758c761fee48_images.jpg
19491,Levis Men Jazz Stripes Green Trunks,Levis,Men,Apparel,Innerwear,Trunk,Green,Casual,Summer,2016.0,http://assets.myntassets.com/v1/images/style/properties/5f6d34b8c14985fc65c9a5522ccd762f_images.jpg
19492,Levis Men Jazz Stripes Grey Trunks,Levis,Men,Apparel,Innerwear,Trunk,Grey,Casual,Summer,2016.0,http://assets.myntassets.com/v1/images/style/properties/dfc65f7e54a262f6b33e90bef220b1d8_images.jpg
19493,Levis Men Jazz Stripes Blue Brief,Levis,Men,Apparel,Innerwear,Briefs,Blue,Casual,Summer,2016.0,http://assets.myntassets.com/v1/images/style/properties/7d41bd37e671937683d03c12e8663c5f_images.jpg
19494,Puma Men Sports Pack of 3 Socks,Puma,Men,Accessories,Socks,Socks,White,Sports,Summer,2011.0,http://assets.myntassets.com/v1/images/style/properties/b297303813fe7b097fbb9184f9e6d46b_images.jpg
19495,Puma Men Sport Quarters Pack of 3 White Socks,Puma,Men,Accessories,Socks,Socks,White,Sports,Summer,2010.0,http://assets.myntassets.com/v1/images/style/properties/f0c07c4d96475b73da8e7be03f37ca67_images.jpg
19499,Puma Men Foundation Quarters White Socks,Puma,Men,Accessories,Socks,Socks,White,Sports,Fall,2010.0,http://assets.myntassets.com/v1/images/style/properties/934aedd5de50133cff8313d0c8b2d93d_images.jpg
1950,Puma Mens Colour Splash T-shirt,Puma,Men,Apparel,Topwear,Tshirts,Black,Casual,Fall,2010.0,http://assets.myntassets.com/v1/images/style/properties/816692daeb4c7d973bffdd8727838f1d_images.jpg
19500,Puma Men Sport Quarters White Socks,Puma,Men,Accessories,Socks,Socks,White,Sports,Summer,2010.0,http://assets.myntassets.com/v1/images/style/properties/ce7d1fb5156ae43386b24a449d42331c_images.jpg
19501,Puma Men Ftpa Quarters Navy Blue Socks,Puma,Men,Accessories,Socks,Socks,Navy Blue,Casual,Fall,2010.0,http://assets.myntassets.com/v1/images/style/properties/62b6cacb93592f0e512104c72d8c4c42_images.jpg
19502,Puma Men Ftpa Quarters Grey Melange Socks,Puma,Men,Accessories,Socks,Socks,Grey,Casual,Fall,2010.0,http://assets.myntassets.com/v1/images/style/properties/ea7cb86e484aec5398d44bc418438a5d_images.jpg
19504,Puma Men Sports Pack of 3 Socks,Puma,Men,Accessories,Socks,Socks,White,Sports,Fall,2011.0,http://assets.myntassets.com/v1/images/style/properties/d8042a0dd3b66ef4b0e6c0d70518c23d_images.jpg
19505,Wrangler Textured Men Black Belts,Wrangler,Men,Accessories,Belts,Belts,Black,Casual,Fall,2011.0,http://assets.myntassets.com/v1/images/style/properties/cff5e20cb3ad2e69f6a62f8ab84b474f_images.jpg
19506,Wrangler Stud Men Black Belts,Wrangler,Men,Accessories,Belts,Belts,Black,Casual,Fall,2011.0,http://assets.myntassets.com/v1/images/style/properties/4664b090389ec3e6560ce51e25926ef8_images.jpg
19507,Wrangler Plate Men Brown Belts,Wrangler,Men,Accessories,Belts,Belts,Brown,Casual,Fall,2011.0,http://assets.myntassets.com/v1/images/style/properties/090e4d754b8752922085e43a2d511bff_images.jpg
19508,Wrangler Stitch Men Brown Belts,Wrangler,Men,Accessories,Belts,Belts,Brown,Casual,Fall,2011.0,http://assets.myntassets.com/v1/images/style/properties/43e8c694f7bfc95d1afdd4fb89f339a6_images.jpg
19509,Wrangler Single Men Black Belts,Wrangler,Men,Accessories,Belts,Belts,Black,Casual,Fall,2011.0,http://assets.myntassets.com/v1/images/style/properties/Wrangler-SINGLE-Men-Black-Beltsf467bcda0465582bd1375d1995b6d0ba_images.jpg
19510,Wrangler Men Canvas Brown Belt,Wrangler,Men,Accessories,Belts,Belts,Brown,Casual,Fall,2011.0,http://assets.myntassets.com/v1/images/style/properties/55a2cb30d3a7e5f503d7f76ef754dbe5_images.jpg
19511,Wrangler Canvas Men Brown Belts,Wrangler,Men,Accessories,Belts,Belts,Brown,Casual,Fall,2011.0,http://assets.myntassets.com/v1/images/style/properties/ec1f0b449e03730f4e200d07e1357891_images.jpg
19513,Wrangler Leather Men Brown Wallets,Wrangler,Men,Accessories,Wallets,Wallets,Brown,Casual,Fall,2011.0,http://assets.myntassets.com/v1/images/style/properties/3aeeafe6e733bb43b9203a28d3c4439c_images.jpg
19514,Wrangler Leather Men Black Wallets,Wrangler,Men,Accessories,Wallets,Wallets,Black,Casual,Fall,2011.0,http://assets.myntassets.com/v1/images/style/properties/10650514cba9d449389e53d4ef7a9bc1_images.jpg
19515,United Colors of Benetton Men Solid Blue Sweater,United Colors of Benetton,Men,Apparel,Topwear,Sweaters,Blue,Casual,Fall,2011.0,http://assets.myntassets.com/v1/images/style/properties/5c939aac001b8e0550769ed1715c5a61_images.jpg
19516,United Colors of Benetton Men Black  Sweater,United Colors of Benetton,Men,Apparel,Topwear,Sweaters,Black,Casual,Fall,2011.0,http://assets.myntassets.com/v1/images/style/properties/76961743a2e44e35abce14ed3316ebf7_images.jpg
19517,United Colors of Benetton Men Solid Grey Sweater,United Colors of Benetton,Men,Apparel,Topwear,Sweaters,Grey,Casual,Fall,2011.0,http://assets.myntassets.com/v1/images/style/properties/8d20601173787a2be0f46d4d66a2c262_images.jpg
19518,United Colors of Benetton Men Stripes Blue Sweater,United Colors of Benetton,Men,Apparel,Topwear,Sweaters,Blue,Casual,Fall,2011.0,http://assets.myntassets.com/v1/images/style/properties/3fee00e78bd60e69fba03c5a88c247e9_images.jpg
19519,United Colors of Benetton Men Stripes Black Sweater,United Colors of Benetton,Men,Apparel,Topwear,Sweaters,Black,Casual,Fall,2011.0,http://assets.myntassets.com/v1/images/style/properties/1af9879c44fa5cc63884d845fd518423_images.jpg
19520,United Colors of Benetton Men Stripes Blue Sweater,United Colors of Benetton,Men,Apparel,Topwear,Sweaters,Blue,Casual,Fall,2011.0,http://assets.myntassets.com/v1/images/style/properties/520b9a6d5f2870663572c3c3db84a407_images.jpg
19522,United Colors of Benetton Men Check Navy Blue Sweater,United Colors of Benetton,Men,Apparel,Topwear,Sweaters,Navy Blue,Casual,Fall,2011.0,http://assets.myntassets.com/v1/images/style/properties/fdebe4ead02b815ca8469aec76b27b4e_images.jpg
19523,United Colors of Benetton Men Grey Sweater,United Colors of Benetton,Men,Apparel,Topwear,Sweaters,Grey,Casual,Fall,2011.0,http://assets.myntassets.com/v1/images/style/properties/05fc82c7827b41ea97ddc8ebaa10d1e7_images.jpg
19524,United Colors of Benetton Men Solid Blue Sweater,United Colors of Benetton,Men,Apparel,Topwear,Sweaters,Blue,Casual,Fall,2011.0,http://assets.myntassets.com/v1/images/style/properties/8313b418b916d2f4334117b511959e94_images.jpg
19525,United Colors of Benetton Men Check Grey Sweater,United Colors of Benetton,Men,Apparel,Topwear,Sweaters,Grey,Casual,Fall,2011.0,http://assets.myntassets.com/v1/images/style/properties/8486f2e34dcdb0462791a33dde46a010_images.jpg
19526,United Colors of Benetton Men Striped Black Sweater,United Colors of Benetton,Men,Apparel,Topwear,Sweaters,Black,Casual,Summer,2011.0,http://assets.myntassets.com/v1/images/style/properties/263a2e60a7b601a96ad55f3473e84c80_images.jpg
19527,United Colors of Benetton Men Solid Olive Sweater,United Colors of Benetton,Men,Apparel,Topwear,Sweaters,Olive,Casual,Fall,2011.0,http://assets.myntassets.com/v1/images/style/properties/5d6ea73673a38d3bc84dc29deb427935_images.jpg
19528,United Colors of Benetton Men Solid Red Sweater,United Colors of Benetton,Men,Apparel,Topwear,Sweaters,Red,Casual,Fall,2011.0,http://assets.myntassets.com/v1/images/style/properties/b53b4c1c23d62a42fd70a27796f3791b_images.jpg
19529,United Colors of Benetton Men Solid Green TShirt,United Colors of Benetton,Men,Apparel,Topwear,Tshirts,Green,Casual,Fall,2011.0,http://assets.myntassets.com/v1/images/style/properties/5be31b2b51107dad9c4b4aebeb1ac311_images.jpg
19530,United Colors of Benetton Men Stripes Navy Blue Sweater,United Colors of Benetton,Men,Apparel,Topwear,Sweaters,Navy Blue,Casual,Fall,2011.0,http://assets.myntassets.com/v1/images/style/properties/dcf14c69058f6beee389218f93748bee_images.jpg
19531,United Colors of Benetton Men Solid Blue T-shirts,United Colors of Benetton,Men,Apparel,Topwear,Tshirts,Blue,Casual,Summer,2011.0,http://assets.myntassets.com/v1/images/style/properties/d4e2c93f4d87c52972427d21246fd9bf_images.jpg
19532,United Colors of Benetton Men Solid Red Sweater,United Colors of Benetton,Men,Apparel,Topwear,Sweaters,Red,Casual,Summer,2011.0,http://assets.myntassets.com/v1/images/style/properties/ffb0d64fc6095e5cc3c0c2f82e6a2069_images.jpg
19533,United Colors of Benetton Men Solid Navy Blue Sweater,United Colors of Benetton,Men,Apparel,Topwear,Sweaters,Navy Blue,Casual,Fall,2011.0,http://assets.myntassets.com/v1/images/style/properties/8a25249db124bde39dccb2bfb331262c_images.jpg
19534,United Colors of Benetton Men Solid Blue Sweater,United Colors of Benetton,Men,Apparel,Topwear,Sweaters,Blue,Casual,Summer,2011.0,http://assets.myntassets.com/v1/images/style/properties/ae9890ae7797fb9db66e00a1d556bad9_images.jpg
19535,United Colors of Benetton Men Solid Green Sweater,United Colors of Benetton,Men,Apparel,Topwear,Sweaters,Green,Casual,Summer,2011.0,http://assets.myntassets.com/v1/images/style/properties/a82155782f52bd9aeb680f3b3ac57b9e_images.jpg
19536,United Colors of Benetton Men Solid Purple Sweater,United Colors of Benetton,Men,Apparel,Topwear,Sweaters,Purple,Casual,Summer,2011.0,http://assets.myntassets.com/v1/images/style/properties/13013f91e0f97ac6f7aaf47ec5155460_images.jpg
19537,United Colors of Benetton Men Stripes Blue Sweater,United Colors of Benetton,Men,Apparel,Topwear,Sweaters,Blue,Casual,Summer,2011.0,http://assets.myntassets.com/v1/images/style/properties/622cf62ed4f339a1260a8c7e656439b0_images.jpg
19539,United Colors of Benetton Men Solid Black Sweater,United Colors of Benetton,Men,Apparel,Topwear,Sweaters,Black,Casual,Summer,2011.0,http://assets.myntassets.com/v1/images/style/properties/aa5a29b01f3671c70e86ad7d44084fac_images.jpg
19540,United Colors of Benetton Men Solid Blue Sweater,United Colors of Benetton,Men,Apparel,Topwear,Sweaters,Blue,Casual,Summer,2011.0,http://assets.myntassets.com/v1/images/style/properties/339f3148805bd725b88cebe54fd52d45_images.jpg
19541,United Colors of Benetton Men Solid Black Gloves,United Colors of Benetton,Men,Accessories,Gloves,Gloves,Black,Casual,Fall,2011.0,http://assets.myntassets.com/v1/images/style/properties/81e64708e5ab719e8306446916ae922b_images.jpg
19542,United Colors of Benetton Men Solid Blue Gloves,United Colors of Benetton,Men,Accessories,Gloves,Gloves,Blue,Casual,Fall,2011.0,http://assets.myntassets.com/v1/images/style/properties/dacb4634ec24064079699bf32b32b056_images.jpg
19543,United Colors of Benetton Men Solid Red Gloves,United Colors of Benetton,Men,Accessories,Gloves,Gloves,Red,Casual,Fall,2011.0,http://assets.myntassets.com/v1/images/style/properties/93e17d7e947f7716aa45ef670796365f_images.jpg
19544,United Colors of Benetton Men Solid Green Gloves,United Colors of Benetton,Men,Accessories,Gloves,Gloves,Green,Casual,Fall,2011.0,http://assets.myntassets.com/v1/images/style/properties/457873ca565719fc14d58209c751d712_images.jpg
19545,United Colors of Benetton Men Solid Grey Gloves,United Colors of Benetton,Men,Accessories,Gloves,Gloves,Grey,Casual,Fall,2011.0,http://assets.myntassets.com/v1/images/style/properties/e1cd64e7702645fc3266e8c16fc3bfa6_images.jpg
19547,United Colors of Benetton Men Solid Blue Sweatshirt,United Colors of Benetton,Men,Apparel,Topwear,Sweatshirts,Blue,Casual,Fall,2011.0,http://assets.myntassets.com/v1/images/style/properties/2641289161a53042c64ced38cadb099b_images.jpg
19548,United Colors of Benetton Men Solid Purple Sweatshirt,United Colors of Benetton,Men,Apparel,Topwear,Sweatshirts,Purple,Casual,Fall,2011.0,http://assets.myntassets.com/v1/images/style/properties/2e018d79d71d47cc0d6bdc8d7c04e284_images.jpg
19549,United Colors of Benetton Men Solid Grey Sweatshirt,United Colors of Benetton,Men,Apparel,Topwear,Sweatshirts,Grey,Casual,Fall,2011.0,http://assets.myntassets.com/v1/images/style/properties/88f26429910914fd8b5e15bce04d6e5f_images.jpg
19550,United Colors of Benetton Men Solid Black SweatShirt,United Colors of Benetton,Men,Apparel,Topwear,Sweatshirts,Black,Casual,Fall,2011.0,http://assets.myntassets.com/v1/images/style/properties/1418389b6120a53bef68b2a2309f3843_images.jpg
19551,United Colors of Benetton Men Solid Blue SweatShirt,United Colors of Benetton,Men,Apparel,Topwear,Sweatshirts,Blue,Casual,Summer,2011.0,http://assets.myntassets.com/v1/images/style/properties/6d1d48f7117d1a6fb2853df91c4c90cc_images.jpg
19552,United Colors of Benetton Men Solid Purple SweatShirt,United Colors of Benetton,Men,Apparel,Topwear,Sweatshirts,Purple,Casual,Fall,2011.0,http://assets.myntassets.com/v1/images/style/properties/7735b5ea25693ce5631cb792576da0fd_images.jpg
19553,United Colors of Benetton Men Solid White TShirt,United Colors of Benetton,Men,Apparel,Topwear,Tshirts,White,Casual,Fall,2011.0,http://assets.myntassets.com/v1/images/style/properties/fe86ebcd77be3a465eb865b4eec019b5_images.jpg
19554,United Colors of Benetton Men Solid Navy Blue TShirt,United Colors of Benetton,Men,Apparel,Topwear,Tshirts,Navy Blue,Casual,Fall,2011.0,http://assets.myntassets.com/v1/images/style/properties/673485c269735c6b0dcb57dad1b59645_images.jpg
19558,United Colors Of Benetton Men Black T-shirt,United Colors of Benetton,Men,Apparel,Topwear,Tshirts,Black,Casual,Summer,2011.0,http://assets.myntassets.com/v1/images/style/properties/7b11bf8b979087e628719374ed46d9f4_images.jpg
19559,United Colors Of Benetton Men Blue T-shirt,United Colors of Benetton,Men,Apparel,Topwear,Tshirts,Blue,Casual,Summer,2011.0,http://assets.myntassets.com/v1/images/style/properties/73562f2e46940b01497e96afdcaf5a7b_images.jpg
19560,United Colors of Benetton Men Solid Maroon TShirt,United Colors of Benetton,Men,Apparel,Topwear,Tshirts,Maroon,Casual,Summer,2011.0,http://assets.myntassets.com/v1/images/style/properties/53ff77023d13e96fb261c3e4093621d7_images.jpg
19561,United Colors of Benetton Men Solid Purple TShirt,United Colors of Benetton,Men,Apparel,Topwear,Tshirts,Purple,Casual,Summer,2011.0,http://assets.myntassets.com/v1/images/style/properties/5f7774411a8955d091613797d662f288_images.jpg
19563,United Colors of Benetton Men Solid Grey TShirt,United Colors of Benetton,Men,Apparel,Topwear,Tshirts,Grey,Casual,Summer,2011.0,http://assets.myntassets.com/v1/images/style/properties/35bb03d26f57364ba596087b1a910d96_images.jpg
19564,United Colors of Benetton Men Green Polo Tshirt,United Colors of Benetton,Men,Apparel,Topwear,Tshirts,Green,Casual,Fall,2011.0,http://assets.myntassets.com/v1/images/style/properties/e02db49d044488f419d29683d7e0a429_images.jpg
19566,United Colors of Benetton Men Printed Blue TShirt,United Colors of Benetton,Men,Apparel,Topwear,Tshirts,Blue,Casual,Summer,2011.0,http://assets.myntassets.com/v1/images/style/properties/af114fee1d5f433222c02f81578d9afa_images.jpg
19567,United Colors of Benetton Men Striped White TShirt,United Colors of Benetton,Men,Apparel,Topwear,Tshirts,White,Casual,Summer,2011.0,http://assets.myntassets.com/v1/images/style/properties/cb10069bb16605edabd1ffd1aec69a60_images.jpg
19568,United Colors of Benetton Men Stripes Navy Blue Polo Tshirt,United Colors of Benetton,Men,Apparel,Topwear,Tshirts,Navy Blue,Casual,Summer,2011.0,http://assets.myntassets.com/v1/images/style/properties/0beb8a6b74cd8a6d7cc26a8898cd37fa_images.jpg
19569,United Colors of Benetton Men Printed Grey TShirt,United Colors of Benetton,Men,Apparel,Topwear,Tshirts,Grey,Casual,Fall,2011.0,http://assets.myntassets.com/v1/images/style/properties/e2c79517859760405a006088d9898e4f_images.jpg
19570,United Colors of Benetton Men Printed Blue TShirt,United Colors of Benetton,Men,Apparel,Topwear,Tshirts,Blue,Casual,Fall,2011.0,http://assets.myntassets.com/v1/images/style/properties/7e71fa597406056a66e48e5a029f29a2_images.jpg
19571,United Colors of Benetton Men Printed Black TShirt,United Colors of Benetton,Men,Apparel,Topwear,Tshirts,Black,Casual,Summer,2011.0,http://assets.myntassets.com/v1/images/style/properties/92642e4d0d368352c694a919e3666336_images.jpg
19572,United Colors of Benetton Men Printed Red T-shirt,United Colors of Benetton,Men,Apparel,Topwear,Tshirts,Red,Casual,Summer,2011.0,http://assets.myntassets.com/v1/images/style/properties/f8430c4a9cdbf79692598d35efb916cc_images.jpg
19573,United Colors of Benetton Men Solid Blue Track Pants,United Colors of Benetton,Men,Apparel,Bottomwear,Track Pants,Blue,Casual,Summer,2011.0,http://assets.myntassets.com/v1/images/style/properties/399de3927306ff5c3f1cb67a426e77ae_images.jpg
19574,United Colors of Benetton Men Solid Grey Track Pants,United Colors of Benetton,Men,Apparel,Bottomwear,Track Pants,Grey,Casual,Summer,2011.0,http://assets.myntassets.com/v1/images/style/properties/7c3a6501392d468bd9e7595904f99373_images.jpg
19580,United Colors of Benetton Men Printed White TShirt,United Colors of Benetton,Men,Apparel,Topwear,Tshirts,White,Casual,Summer,2011.0,http://assets.myntassets.com/v1/images/style/properties/214dcc12e9d221b3d6b982b9a33d9fa8_images.jpg
19581,United Colors of Benetton Men Printed White Tshirt,United Colors of Benetton,Men,Apparel,Topwear,Tshirts,White,Casual,Summer,2011.0,http://assets.myntassets.com/v1/images/style/properties/0810496287e9904f9570f64fd11b8035_images.jpg
19582,United Colors of Benetton Men Printed Grey TShirt,United Colors of Benetton,Men,Apparel,Topwear,Tshirts,Grey,Casual,Summer,2011.0,http://assets.myntassets.com/v1/images/style/properties/255daaace4d0099d51f7de22e7cedcbd_images.jpg
19583,United Colors of Benetton Men Stripes Black Tshirt,United Colors of Benetton,Men,Apparel,Topwear,Tshirts,Black,Casual,Summer,2011.0,http://assets.myntassets.com/v1/images/style/properties/33f51a70b2bdd9848b92a41c1ebe847a_images.jpg
19584,United Colors of Benetton Men Stripes Grey Tshirt,United Colors of Benetton,Men,Apparel,Topwear,Tshirts,Grey,Casual,Fall,2011.0,http://assets.myntassets.com/v1/images/style/properties/2a8c6d377954a9cd75c31e7830b6cfd3_images.jpg
19594,United Colors of Benetton Men Striped Black TShirt,United Colors of Benetton,Men,Apparel,Topwear,Tshirts,Black,Casual,Summer,2011.0,http://assets.myntassets.com/v1/images/style/properties/6571fbe702e612d8fa55d3ed998a8e7f_images.jpg
19595,United Colors of Benetton Men Solid Grey TShirt,United Colors of Benetton,Men,Apparel,Topwear,Tshirts,Grey,Casual,Fall,2011.0,http://assets.myntassets.com/v1/images/style/properties/d1190bc64e6b0b982ef9517e3ffda4fa_images.jpg
1962,ADIDAS Men's Duramo Leather Shoe,ADIDAS,Men,Footwear,Shoes,Sports Shoes,White,Sports,Fall,2010.0,http://assets.myntassets.com/v1/images/style/properties/da7929e144fd718e40369ce878843bce_images.jpg
19626,United Colors of Benetton Men Printed White T-shirt,United Colors of Benetton,Men,Apparel,Topwear,Tshirts,White,Casual,Summer,2011.0,http://assets.myntassets.com/v1/images/style/properties/United-Colors-of-Benetton-Men-Printed-White-Tshirt_96e4a751677d5279504dee8fb78835d2_images.jpg
19627,United Colors of Benetton Men Printed White Tshirt,United Colors of Benetton,Men,Apparel,Topwear,Tshirts,White,Casual,Summer,2011.0,http://assets.myntassets.com/v1/images/style/properties/ce7079ec483004d2e5387e2e34cd7e3b_images.jpg
19628,United Colors of Benetton Men Printed Black Tshirt,United Colors of Benetton,Men,Apparel,Topwear,Tshirts,Black,Casual,Summer,2011.0,http://assets.myntassets.com/v1/images/style/properties/a7d4ce85333e34f0020a6fc8dec7ff91_images.jpg
19629,United Colors of Benetton Men Printed White TShirt,United Colors of Benetton,Men,Apparel,Topwear,Tshirts,White,Casual,Summer,2011.0,http://assets.myntassets.com/v1/images/style/properties/518520409afe2ab3e0882f5ec4535c24_images.jpg
1963,ADIDAS Men's Azaro White Shoe,ADIDAS,Men,Footwear,Shoes,Sports Shoes,White,Sports,Fall,2010.0,http://assets.myntassets.com/v1/images/style/properties/a3cd6de02e8003915d6f66923ae8ee7d_images.jpg
19630,United Colors of Benetton Men Black T-shirt,United Colors of Benetton,Men,Apparel,Topwear,Tshirts,Black,Casual,Summer,2011.0,http://assets.myntassets.com/v1/images/style/properties/0af4d69664171651e6e5b75e33f2b950_images.jpg
19631,United Colors of Benetton Men Solid Grey T-shirt,United Colors of Benetton,Men,Apparel,Topwear,Tshirts,Grey,Casual,Summer,2011.0,http://assets.myntassets.com/v1/images/style/properties/30d80c66e49c2232873ce298aaf546f2_images.jpg
19632,United Colors of Benetton Men Solid Grey Tshirt,United Colors of Benetton,Men,Apparel,Topwear,Tshirts,Grey,Casual,Summer,2011.0,http://assets.myntassets.com/v1/images/style/properties/f6d3caa91eacd39e782c864d08ac1a02_images.jpg
19633,United Colors of Benetton Men Solid Grey TShirt,United Colors of Benetton,Men,Apparel,Topwear,Tshirts,Grey,Casual,Summer,2011.0,http://assets.myntassets.com/v1/images/style/properties/8a3be05c4ee6723f749c50a4bd3eb1b8_images.jpg
1964,ADIDAS Men's Blue Canvas Shoe,ADIDAS,Men,Footwear,Shoes,Casual Shoes,Blue,Casual,Winter,2010.0,http://assets.myntassets.com/v1/images/style/properties/a801eddd0bcac233daafbf02b87a694d_images.jpg
19641,United Colors of Benetton Men Solid Black Sweatshirt,United Colors of Benetton,Men,Apparel,Topwear,Sweatshirts,Black,Casual,Fall,2011.0,http://assets.myntassets.com/v1/images/style/properties/4621baf38137965516d7f1993ddb3469_images.jpg
19642,United Colors of Benetton Men Stripes Cream Polo Tshirt,United Colors of Benetton,Men,Apparel,Topwear,Tshirts,Cream,Casual,Fall,2011.0,http://assets.myntassets.com/v1/images/style/properties/da77834fe927be6a1b81d19e8d77c378_images.jpg
19651,United Colors of Benetton Men Printed Blue Tshirt,United Colors of Benetton,Men,Apparel,Topwear,Tshirts,Blue,Casual,Summer,2011.0,http://assets.myntassets.com/v1/images/style/properties/723d4ab238c4c7c149e091c9e9dd0974_images.jpg
19656,United Colors of Benetton Men Printed Green TShirt,United Colors of Benetton,Men,Apparel,Topwear,Tshirts,Green,Casual,Fall,2011.0,http://assets.myntassets.com/v1/images/style/properties/ee42f3ace945c9705e3c12089bf9d1e0_images.jpg
19657,United Colors of Benetton Men Blue Printed T-shirt,United Colors of Benetton,Men,Apparel,Topwear,Tshirts,Blue,Casual,Fall,2011.0,http://assets.myntassets.com/v1/images/style/properties/28c21c43e819645331c650ad9cf59c2d_images.jpg
19658,United Colors of Benetton Men Printed Blue T-shirt,United Colors of Benetton,Men,Apparel,Topwear,Tshirts,Blue,Casual,Fall,2011.0,http://assets.myntassets.com/v1/images/style/properties/672ff89d2db345c22976ffcdb15dd321_images.jpg
1966,Domyos Mens Compression Black T-shirt,Domyos,Men,Apparel,Topwear,Tshirts,Black,Casual,Summer,2011.0,http://assets.myntassets.com/v1/images/style/properties/fcf3120ad31d59bc3c7d622452298a35_images.jpg
19661,United Colors of Benetton Men Printed Black Sweatshirt,United Colors of Benetton,Men,Apparel,Topwear,Sweatshirts,Black,Casual,Fall,2011.0,http://assets.myntassets.com/v1/images/style/properties/72d50a81bacc65855bae971b1762d4e2_images.jpg
19662,United Colors of Benetton Men Printed Blue Sweatshirt,United Colors of Benetton,Men,Apparel,Topwear,Sweatshirts,Blue,Casual,Fall,2011.0,http://assets.myntassets.com/v1/images/style/properties/3785ab1b269c9fabc713a7fb4f0f497d_images.jpg
19664,United Colors of Benetton Men Black T-shirt,United Colors of Benetton,Men,Apparel,Topwear,Tshirts,Black,Casual,Fall,2011.0,http://assets.myntassets.com/v1/images/style/properties/670deea354c9136c0316516adde1c2a0_images.jpg
19665,United Colors of Benetton Men Printed Green TShirt,United Colors of Benetton,Men,Apparel,Topwear,Tshirts,Green,Casual,Fall,2011.0,http://assets.myntassets.com/v1/images/style/properties/9ffa2f090147d1a0aef41b8a45d8e1f8_images.jpg
19668,United Colors of Benetton Men Blue Printed Sweatshirt,United Colors of Benetton,Men,Apparel,Topwear,Sweatshirts,Blue,Casual,Fall,2011.0,http://assets.myntassets.com/v1/images/style/properties/43935ceda2d722c8c0cf1f1a419fe614_images.jpg
19687,United Colors of Benetton Men Grey Washed Shorts,United Colors of Benetton,Men,Apparel,Bottomwear,Shorts,Grey,Casual,Fall,2011.0,http://assets.myntassets.com/v1/images/style/properties/54a5b9eea0d215e0eb9363d8d7cced42_images.jpg
19688,United Colors of Benetton Men Navy Blue Check Shorts,United Colors of Benetton,Men,Apparel,Bottomwear,Shorts,Navy Blue,Casual,Fall,2011.0,http://assets.myntassets.com/v1/images/style/properties/4df39f0c41d381076a3918004dce7ddd_images.jpg
19690,United Colors of Benetton Men Solid Grey Shirt,United Colors of Benetton,Men,Apparel,Topwear,Shirts,Grey,Casual,Fall,2011.0,http://assets.myntassets.com/v1/images/style/properties/879183103b9f7484e0d8f523dd1fe939_images.jpg
19692,United Colors of Benetton Men Solid Black Shirt,United Colors of Benetton,Men,Apparel,Topwear,Shirts,Black,Casual,Fall,2011.0,http://assets.myntassets.com/v1/images/style/properties/45db0d0730e04a405e4cba72d2e48abc_images.jpg
19693,United Colors of Benetton Men Stripes White Shirt,United Colors of Benetton,Men,Apparel,Topwear,Shirts,White,Casual,Fall,2011.0,http://assets.myntassets.com/v1/images/style/properties/b15201c24863f2d4ef08b5f5c7b990a5_images.jpg
19695,United Colors of Benetton Men Check Navy Blue Shirt,United Colors of Benetton,Men,Apparel,Topwear,Shirts,Navy Blue,Casual,Fall,2011.0,http://assets.myntassets.com/v1/images/style/properties/73d3d144efbe732409d8a0ca03ff90f5_images.jpg
19696,United Colors of Benetton Men Solid Grey Shirt,United Colors of Benetton,Men,Apparel,Topwear,Shirts,Grey,Casual,Fall,2011.0,http://assets.myntassets.com/v1/images/style/properties/0abd99512109e55805e879f0166c388a_images.jpg
19697,United Colors of Benetton Men Solid White Shirt,United Colors of Benetton,Men,Apparel,Topwear,Shirts,White,Casual,Fall,2011.0,http://assets.myntassets.com/v1/images/style/properties/d76cfd295aac39fb6dc0c3e132750e87_images.jpg
19699,United Colors of Benetton Men White Shirt,United Colors of Benetton,Men,Apparel,Topwear,Shirts,White,Casual,Fall,2011.0,http://assets.myntassets.com/v1/images/style/properties/b422c9a997f44f9b46537a1de6b68d44_images.jpg
19700,United Colors of Benetton Men White Shirt,United Colors of Benetton,Men,Apparel,Topwear,Shirts,White,Casual,Summer,2011.0,http://assets.myntassets.com/v1/images/style/properties/08a1c636df32df952d55539881f06eca_images.jpg
19701,United Colors of Benetton Men Striped Blue Shirt,United Colors of Benetton,Men,Apparel,Topwear,Shirts,Blue,Casual,Fall,2011.0,http://assets.myntassets.com/v1/images/style/properties/1d6fd30ad542e2f374f34bb057ce5055_images.jpg
19702,United Colors Of Benetton Men Striped Blue Shirts,United Colors of Benetton,Men,Apparel,Topwear,Shirts,Blue,Casual,Fall,2011.0,http://assets.myntassets.com/v1/images/style/properties/7d2d66d3924c41c48b983c7f158307a6_images.jpg
19703,United Colors of Benetton Men Stripes Black Shirt,United Colors of Benetton,Men,Apparel,Topwear,Shirts,Black,Casual,Fall,2011.0,http://assets.myntassets.com/v1/images/style/properties/a1e47c2fd58eb25d17cc0db3b20544c3_images.jpg
19705,United Colors of Benetton Men Check Red Shirt,United Colors of Benetton,Men,Apparel,Topwear,Shirts,Red,Casual,Fall,2011.0,http://assets.myntassets.com/v1/images/style/properties/43b3f5bed38b567069b5372d2bb19309_images.jpg
19706,United Colors of Benetton Men Navy Blue Check Shirt,United Colors of Benetton,Men,Apparel,Topwear,Shirts,Navy Blue,Casual,Fall,2011.0,http://assets.myntassets.com/v1/images/style/properties/d5c27cc1a30d49c36c3575c77bac6fbc_images.jpg
19707,United Colors of Benetton Men Check Black Shirt,United Colors of Benetton,Men,Apparel,Topwear,Shirts,Black,Casual,Fall,2011.0,http://assets.myntassets.com/v1/images/style/properties/d7fe025d372304983911920e64e2c8b5_images.jpg
19708,United Colors of Benetton Men Check Black Shirt,United Colors of Benetton,Men,Apparel,Topwear,Shirts,Black,Casual,Fall,2011.0,http://assets.myntassets.com/v1/images/style/properties/986a7a9dace8566153df402a9072f5a6_images.jpg
19709,United Colors of Benetton Men Check Maroon Shirt,United Colors of Benetton,Men,Apparel,Topwear,Shirts,Maroon,Casual,Fall,2011.0,http://assets.myntassets.com/v1/images/style/properties/f466a96297bf52eb88fe4732d52ad94f_images.jpg
19711,United Colors of Benetton Men Check Red Shirt,United Colors of Benetton,Men,Apparel,Topwear,Shirts,Red,Casual,Fall,2011.0,http://assets.myntassets.com/v1/images/style/properties/31f1e139b26daa78cc763e518a6ee146_images.jpg
19712,United Colors of Benetton Men Check Purple Shirt,United Colors of Benetton,Men,Apparel,Topwear,Shirts,Purple,Casual,Summer,2011.0,http://assets.myntassets.com/v1/images/style/properties/0915ae419ef9ecc4c152915296946230_images.jpg
19713,United Colors of Benetton Men Navy Blue Check Shirt,United Colors of Benetton,Men,Apparel,Topwear,Shirts,Navy Blue,Casual,Summer,2011.0,http://assets.myntassets.com/v1/images/style/properties/6c43b1b40dc866ffb7c1a1e734a9b353_images.jpg
19714,United Colors of Benetton Men Check Purple Shirt,United Colors of Benetton,Men,Apparel,Topwear,Shirts,Purple,Casual,Summer,2011.0,http://assets.myntassets.com/v1/images/style/properties/2701228dd682173e454b8ca279e32929_images.jpg
19715,United Colors of Benetton Men Blue Check Shirt,United Colors of Benetton,Men,Apparel,Topwear,Shirts,Blue,Casual,Fall,2011.0,http://assets.myntassets.com/v1/images/style/properties/fde1547e9025a2f78dd651c3501a300e_images.jpg
19716,United Colors of Benetton Men Solid Blue Shirt,United Colors of Benetton,Men,Apparel,Topwear,Shirts,Blue,Casual,Fall,2011.0,http://assets.myntassets.com/v1/images/style/properties/57d63cd95a6dc396d4e0ab492f8436b2_images.jpg
19717,United Colors of Benetton Men Check Blue Shirt,United Colors of Benetton,Men,Apparel,Topwear,Shirts,Blue,Casual,Fall,2011.0,http://assets.myntassets.com/v1/images/style/properties/ba49e9aa77181edbc3ffdeeda6aa9f8e_images.jpg
19718,United Colors of Benetton Men Blue Shirt,United Colors of Benetton,Men,Apparel,Topwear,Shirts,Blue,Casual,Fall,2011.0,http://assets.myntassets.com/v1/images/style/properties/58c3e6789485c93dd4e0957301d72382_images.jpg
19719,United Colors of Benetton Men Stripes Grey Shirt,United Colors of Benetton,Men,Apparel,Topwear,Shirts,Grey,Casual,Fall,2011.0,http://assets.myntassets.com/v1/images/style/properties/7a783e9ebd2a7dd7e068ab1bd2badf4b_images.jpg
1972,Kalenji Mens White T-shirt,Kalenji,Men,Apparel,Topwear,Tshirts,White,Sports,Fall,2010.0,http://assets.myntassets.com/v1/images/style/properties/61538a0a2343938e46e0018c0e0fd3d7_images.jpg
19720,United Colors of Benetton Men Black Striped Shirt,United Colors of Benetton,Men,Apparel,Topwear,Shirts,Black,Casual,Fall,2011.0,http://assets.myntassets.com/v1/images/style/properties/cd4cb0671b2e639a24b567737c628bd4_images.jpg
19721,United Colors Of Benetton Men Grey Shirt,United Colors of Benetton,Men,Apparel,Topwear,Shirts,Grey,Casual,Fall,2011.0,http://assets.myntassets.com/v1/images/style/properties/51381b9659f1a9349fcf6a0fee14f031_images.jpg
19723,United Colors of Benetton Men Solid Grey Shirt,United Colors of Benetton,Men,Apparel,Topwear,Shirts,Grey,Casual,Fall,2011.0,http://assets.myntassets.com/v1/images/style/properties/722254ef0b37b367b14197f0dd6aa80c_images.jpg
1973,Quechua Mens Brown T-shirt,Quechua,Men,Apparel,Topwear,Tshirts,Brown,Casual,Fall,2010.0,http://assets.myntassets.com/v1/images/style/properties/175addabefe34dfe09f25798078cdaed_images.jpg
19731,United Colors of Benetton Men Solid Blue Shirt,United Colors of Benetton,Men,Apparel,Topwear,Shirts,Blue,Casual,Summer,2011.0,http://assets.myntassets.com/v1/images/style/properties/4686477adb81de3f6d6fe58296af52cb_images.jpg
19732,United Colors of Benetton Men Solid Purple Shirt,United Colors of Benetton,Men,Apparel,Topwear,Shirts,Purple,Casual,Summer,2011.0,http://assets.myntassets.com/v1/images/style/properties/b753360fea436da9d09c8d08ffe1e031_images.jpg
19733,United Colors of Benetton Men Solid Green Shirt,United Colors of Benetton,Men,Apparel,Topwear,Shirts,Green,Casual,Summer,2011.0,http://assets.myntassets.com/v1/images/style/properties/c30ff6a4261b2a5de3cc11cc49e2f9e8_images.jpg
19744,ADIDAS Originals Men Solid Green Jacket,ADIDAS Originals,Men,Apparel,Topwear,Jackets,Green,Casual,Fall,2011.0,http://assets.myntassets.com/v1/images/style/properties/9fd9eaba65ab73f9860505d46894efb8_images.jpg
19745,ADIDAS Originals Men Red Polo T-shirt,ADIDAS Originals,Men,Apparel,Topwear,Tshirts,Red,Casual,Summer,2011.0,http://assets.myntassets.com/v1/images/style/properties/Adidas-Originals-Men-Solid-Red-Tshirt_cbe66dc2713a93f74e2fe17c623c6c41_images.jpg
19746,ADIDAS Originals Men Solid Black Tshirt,ADIDAS Originals,Men,Apparel,Topwear,Tshirts,Black,Casual,Fall,2011.0,http://assets.myntassets.com/v1/images/style/properties/7fbf7e9e33ac1181a36e92e1bd4b7fa6_images.jpg
19749,Levi's Men Solid Green Tshirt,Levis,Men,Apparel,Topwear,Tshirts,Green,Casual,Summer,2011.0,http://assets.myntassets.com/v1/images/style/properties/159bddcd922aae06a55af2cd5e59b94f_images.jpg
19750,Levi's Men Solid Black Tshirt,Levis,Men,Apparel,Topwear,Tshirts,Black,Casual,Summer,2011.0,http://assets.myntassets.com/v1/images/style/properties/269a7b1e21265fdae8c1475f572c026d_images.jpg
19751,Levi's Men Solid Grey Tshirt,Levis,Men,Apparel,Topwear,Tshirts,Grey,Casual,Summer,2011.0,http://assets.myntassets.com/v1/images/style/properties/d81d968256f5887c1a12f563fbf21e58_images.jpg
19752,Levis Men Solid Navy Blue Tshirt,Levis,Men,Apparel,Topwear,Tshirts,Navy Blue,Casual,Summer,2011.0,http://assets.myntassets.com/v1/images/style/properties/8cf51d05b154d56625edbac0f5e134b2_images.jpg
19753,Levi's Men Solid Red Tshirt,Levis,Men,Apparel,Topwear,Tshirts,Red,Casual,Summer,2011.0,http://assets.myntassets.com/v1/images/style/properties/71892b4d642f713ce3a3a74de841b482_images.jpg
1976,Tribord Mens Short Cargo Shorts,Domyos,Men,Apparel,Bottomwear,Shorts,White,Casual,Summer,2011.0,http://assets.myntassets.com/v1/images/style/properties/3478184f6d860304791880efa0129184_images.jpg
19762,Ice Men Carbon Black Watch,ice watch,Men,Accessories,Watches,Watches,Black,Casual,Winter,2016.0,http://assets.myntassets.com/v1/images/style/properties/Ice-Men-Carbon-Black-Watch4fc8e9f283e1980c284736428ca32d6c_images.jpg
1977,Tribord Mens Grey Cargo Shorts,Decathlon,Men,Apparel,Bottomwear,Shorts,Grey,Casual,Summer,2011.0,http://assets.myntassets.com/v1/images/style/properties/aa9f2f6b87cc491b320db3c101e3f899_images.jpg
19770,ADIDAS Men Feather Black Sandals,ADIDAS,Men,Footwear,Sandal,Sandals,Black,Casual,Spring,2012.0,http://assets.myntassets.com/v1/images/style/properties/67e221ee656d71efdab71550b744cde3_images.jpg
19772,ADIDAS Men Vigor Blue Casual Shoes,ADIDAS,Men,Footwear,Shoes,Casual Shoes,Blue,Casual,Fall,2011.0,http://assets.myntassets.com/v1/images/style/properties/4ce7d857814ce0fec13e120fe55522c9_images.jpg
19777,United Colors of Benetton Men Casual Red Muffler,United Colors of Benetton,Men,Accessories,Mufflers,Mufflers,Red,Casual,Fall,2011.0,http://assets.myntassets.com/v1/images/style/properties/0e83a2e7e081ba37e0f4793977e9e61d_images.jpg
19779,United Colors of Benetton Men Casual Grey Muffler,United Colors of Benetton,Men,Accessories,Mufflers,Mufflers,Grey,Casual,Fall,2011.0,http://assets.myntassets.com/v1/images/style/properties/3552e8bcaaff92003fab052df192b05e_images.jpg
19783,U.S. Polo Assn. Men Solid Orange Tshirt,U.S. Polo Assn.,Men,Apparel,Topwear,Tshirts,Orange,Casual,Winter,2016.0,http://assets.myntassets.com/v1/images/style/properties/a9d6af5c035b700503d2fefe30e4dc7d_images.jpg
19784,U.S. Polo Assn. Men Solid Green Tshirt,U.S. Polo Assn.,Men,Apparel,Topwear,Tshirts,Green,Casual,Winter,2016.0,http://assets.myntassets.com/v1/images/style/properties/86c03b3f9b309afb09844ae30a826543_images.jpg
19785,U.S. Polo Assn. Men Solid Red Tshirt,U.S. Polo Assn.,Men,Apparel,Topwear,Tshirts,Red,Casual,Winter,2016.0,http://assets.myntassets.com/v1/images/style/properties/ec784f78f765599d225c432e019ecd47_images.jpg
19786,U.S. Polo Assn. Men Solid Navy Blue Tshirt,U.S. Polo Assn.,Men,Apparel,Topwear,Tshirts,Navy Blue,Casual,Winter,2016.0,http://assets.myntassets.com/v1/images/style/properties/4dcc3b32e48ebb49502a3384edff6ccf_images.jpg
19787,U.S. Polo Assn. Men Solid White Tshirt,U.S. Polo Assn.,Men,Apparel,Topwear,Tshirts,White,Casual,Winter,2016.0,http://assets.myntassets.com/v1/images/style/properties/366c42c882f82d843382e94ed60959b5_images.jpg
19788,U.S. Polo Assn. Men Solid Green Tshirt,U.S. Polo Assn.,Men,Apparel,Topwear,Tshirts,Green,Casual,Winter,2016.0,http://assets.myntassets.com/v1/images/style/properties/41b8c79966d01c7427527372924fe532_images.jpg
19789,U.S. Polo Assn. Men Solid Orange Tshirt,U.S. Polo Assn.,Men,Apparel,Topwear,Tshirts,Orange,Casual,Winter,2016.0,http://assets.myntassets.com/v1/images/style/properties/39a0b8a5a05689a2fbee2fcf7091e3ea_images.jpg
19790,U.S. Polo Assn. Men Solid Blue Tshirt,U.S. Polo Assn.,Men,Apparel,Topwear,Tshirts,Blue,Casual,Winter,2016.0,http://assets.myntassets.com/v1/images/style/properties/239b82f5f529400adacb3d0daecd561a_images.jpg
19791,U.S. Polo Assn. Men Solid Yellow Tshirt,U.S. Polo Assn.,Men,Apparel,Topwear,Tshirts,Yellow,Casual,Winter,2016.0,http://assets.myntassets.com/v1/images/style/properties/8b3fdf1f098ea5c42c8da8bd4277dc8a_images.jpg
19792,U.S. Polo Assn. Men Striped Purple Tshirt,U.S. Polo Assn.,Men,Apparel,Topwear,Tshirts,Purple,Casual,Fall,2011.0,http://assets.myntassets.com/v1/images/style/properties/d0655c33644a7b08ae05757b62302049_images.jpg
19793,U.S. Polo Assn. Men Striped Navy Blue Tshirt,U.S. Polo Assn.,Men,Apparel,Topwear,Tshirts,Navy Blue,Casual,Fall,2011.0,http://assets.myntassets.com/v1/images/style/properties/b77c0d9782e4c40a1e4dd3d916e774ab_images.jpg
19794,U.S. Polo Assn. Men Solid Green T-shirt,U.S. Polo Assn.,Men,Apparel,Topwear,Tshirts,Green,Casual,Fall,2011.0,http://assets.myntassets.com/v1/images/style/properties/2473f62812de9a2bac6e0e48d30fda13_images.jpg
19795,U.S. Polo Assn. Men Solid Grey T-shirt,U.S. Polo Assn.,Men,Apparel,Topwear,Tshirts,Grey,Casual,Fall,2011.0,http://assets.myntassets.com/v1/images/style/properties/5331a88d49ed1468e0e93b10ddc700be_images.jpg
19796,U.S. Polo Assn. Men Black Striped Polo T-shirt,U.S. Polo Assn.,Men,Apparel,Topwear,Tshirts,Black,Casual,Fall,2011.0,http://assets.myntassets.com/v1/images/style/properties/US-Polo-Assn-Men-Black-Striped-T-shirt_143da4c27683a55983f30b4e8c33416b_images.jpg
19797,U.S. Polo Assn. Men Striped Grey T-shirt,U.S. Polo Assn.,Men,Apparel,Topwear,Tshirts,Grey,Casual,Fall,2011.0,http://assets.myntassets.com/v1/images/style/properties/a9817dd1427bf05f8a225993ccec4056_images.jpg
19798,U.S. Polo Assn. Men Striped Grey T-shirt,U.S. Polo Assn.,Men,Apparel,Topwear,Tshirts,Grey,Casual,Fall,2011.0,http://assets.myntassets.com/v1/images/style/properties/c03cea462b889a75ed00c687b25d5aaf_images.jpg
19799,U.S. Polo Assn. Men Solid Maroon T-shirt,U.S. Polo Assn.,Men,Apparel,Topwear,Tshirts,Maroon,Casual,Fall,2011.0,http://assets.myntassets.com/v1/images/style/properties/c7a261266c46a5ba901fad8904dc8663_images.jpg
19800,U.S. Polo Assn. Men Solid Green Tshirt,U.S. Polo Assn.,Men,Apparel,Topwear,Tshirts,Green,Casual,Fall,2011.0,http://assets.myntassets.com/v1/images/style/properties/c4d8fa29bdbc580afe0400ae997e6a79_images.jpg
19801,U.S. Polo Assn. Men Solid Blue Tshirt,U.S. Polo Assn.,Men,Apparel,Topwear,Tshirts,Blue,Casual,Fall,2011.0,http://assets.myntassets.com/v1/images/style/properties/bb7391e2a6532c623f2661b8e0c59332_images.jpg
19802,U.S. Polo Assn. Men Printed Grey Tshirt,U.S. Polo Assn.,Men,Apparel,Topwear,Tshirts,Grey,Casual,Fall,2011.0,http://assets.myntassets.com/v1/images/style/properties/34d31f3da7bbe22d12cf8171d8db5ab6_images.jpg
19803,U.S. Polo Assn. Men Printed Grey Tshirt,U.S. Polo Assn.,Men,Apparel,Topwear,Tshirts,Grey,Casual,Fall,2011.0,http://assets.myntassets.com/v1/images/style/properties/83d565e8384cbac1a7bc38f00d9b0684_images.jpg
19804,U.S. Polo Assn. Men Solid Blue Tshirt,U.S. Polo Assn.,Men,Apparel,Topwear,Tshirts,Blue,Casual,Fall,2011.0,http://assets.myntassets.com/v1/images/style/properties/67a635864d137284aed9f7055a7e649a_images.jpg
19805,U.S. Polo Assn. Men Solid Blue Tshirt,U.S. Polo Assn.,Men,Apparel,Topwear,Tshirts,Blue,Casual,Fall,2011.0,http://assets.myntassets.com/v1/images/style/properties/5c84987b5d5f9b2c374d80073bca51e6_images.jpg
19806,U.S. Polo Assn. Men Solid Black Tshirt,U.S. Polo Assn.,Men,Apparel,Topwear,Tshirts,Black,Casual,Winter,2016.0,http://assets.myntassets.com/v1/images/style/properties/5ebb28309a7daa0675fc16721ae3b5cb_images.jpg
19807,U.S. Polo Assn. Men Solid White Tshirt,U.S. Polo Assn.,Men,Apparel,Topwear,Tshirts,White,Casual,Winter,2016.0,http://assets.myntassets.com/v1/images/style/properties/5b06bfc4e1fc821b4713022b27a76545_images.jpg
19809,U.S. Polo Assn. Men Striped Grey Sweaters,U.S. Polo Assn.,Men,Apparel,Topwear,Sweaters,Grey,Casual,Fall,2011.0,http://assets.myntassets.com/v1/images/style/properties/0d66b7278179dab63a577e618fa7dc19_images.jpg
19810,U.S. Polo Assn. Men Stripes Purple Sweatshirt,U.S. Polo Assn.,Men,Apparel,Topwear,Sweatshirts,Purple,Casual,Fall,2011.0,http://assets.myntassets.com/v1/images/style/properties/ed16cb7be5fe2f916b79b7f9cfe285dd_images.jpg
19811,U.S. Polo Assn. Men Solid Black Sweatshirt,U.S. Polo Assn.,Men,Apparel,Topwear,Sweatshirts,Black,Casual,Fall,2011.0,http://assets.myntassets.com/v1/images/style/properties/0f8e5bcdab2592fd089ade1678632200_images.jpg
19812,U.S. Polo Assn. Men Solid Navy Blue Sweatshirt,U.S. Polo Assn.,Men,Apparel,Topwear,Sweatshirts,Navy Blue,Casual,Fall,2011.0,http://assets.myntassets.com/v1/images/style/properties/59099d2419bae5e05b13cc1c793efba7_images.jpg
19813,U.S. Polo Assn. Men Solid Green Sweatshirt,U.S. Polo Assn.,Men,Apparel,Topwear,Sweatshirts,Green,Casual,Fall,2011.0,http://assets.myntassets.com/v1/images/style/properties/67aa22514a844e17dbc843ce8e008527_images.jpg
19814,U.S. Polo Assn. Men Solid Red Sweatshirt,U.S. Polo Assn.,Men,Apparel,Topwear,Sweatshirts,Red,Casual,Fall,2011.0,http://assets.myntassets.com/v1/images/style/properties/928d304bae276753e9264158214d014b_images.jpg
19815,U.S. Polo Assn. Men Solid Green Sweatshirt,U.S. Polo Assn.,Men,Apparel,Topwear,Sweatshirts,Green,Casual,Fall,2011.0,http://assets.myntassets.com/v1/images/style/properties/87c530003373c760b3e939a23fa25441_images.jpg
19816,U.S. Polo Assn. Men Solid Grey Sweatshirt,U.S. Polo Assn.,Men,Apparel,Topwear,Sweatshirts,Grey,Casual,Fall,2011.0,http://assets.myntassets.com/v1/images/style/properties/e6cf4a9ffe377023f601f42c31e53b27_images.jpg
19817,U.S. Polo Assn. Men Solid Blue Sweatshirt,U.S. Polo Assn.,Men,Apparel,Topwear,Sweatshirts,Blue,Casual,Winter,2016.0,http://assets.myntassets.com/v1/images/style/properties/US-Polo-Assn-Men-Solid-Blue-Sweatshirt_8fe25562af102b45ef984e2e95d0a460_images.jpg
19818,U.S. Polo Assn. Men Solid Green Sweatshirt,U.S. Polo Assn.,Men,Apparel,Topwear,Sweatshirts,Green,Casual,Fall,2011.0,http://assets.myntassets.com/v1/images/style/properties/9c288b0499eac698c8beac43d92031fc_images.jpg
19819,U.S. Polo Assn. Men Solid Blue Sweatshirt,U.S. Polo Assn.,Men,Apparel,Topwear,Sweatshirts,Blue,Casual,Fall,2011.0,http://assets.myntassets.com/v1/images/style/properties/e442a910a6d1248ed13393d62829c609_images.jpg
19820,U.S. Polo Assn. Men Solid Green Sweater,U.S. Polo Assn.,Men,Apparel,Topwear,Sweaters,Green,Casual,Winter,2016.0,http://assets.myntassets.com/v1/images/style/properties/365d8a541620275d18c7c487694a3de1_images.jpg
19821,U.S. Polo Assn. Men Solid Off White Sweater,U.S. Polo Assn.,Men,Apparel,Topwear,Sweaters,Off White,Casual,Winter,2016.0,http://assets.myntassets.com/v1/images/style/properties/16a5c2d2bc6815a4d9e3769ab95a7763_images.jpg
19822,U.S. Polo Assn. Men Solid Charcoal Sweater,U.S. Polo Assn.,Men,Apparel,Topwear,Sweaters,Charcoal,Casual,Fall,2011.0,http://assets.myntassets.com/v1/images/style/properties/02d4bd55f7eb534ea8b7a0e24f7367df_images.jpg
19823,U.S. Polo Assn. Men Check Grey Shirt,U.S. Polo Assn.,Men,Apparel,Topwear,Shirts,Grey,Casual,Fall,2011.0,http://assets.myntassets.com/v1/images/style/properties/e289cdc3296f6ee764d6c8a28d703291_images.jpg
19824,U.S. Polo Assn. Men Check Navy Blue Shirt,U.S. Polo Assn.,Men,Apparel,Topwear,Shirts,Navy Blue,Casual,Fall,2011.0,http://assets.myntassets.com/v1/images/style/properties/da919e49d8a31ed404ee73e7b0cb8a37_images.jpg
19825,U.S. Polo Assn. Men Check Green Shirt,U.S. Polo Assn.,Men,Apparel,Topwear,Shirts,Green,Casual,Fall,2011.0,http://assets.myntassets.com/v1/images/style/properties/4c468cfd334b5d6ac1e27094dd0afe37_images.jpg
19826,U.S. Polo Assn. Men Check Yellow Shirt,U.S. Polo Assn.,Men,Apparel,Topwear,Shirts,Yellow,Casual,Fall,2011.0,http://assets.myntassets.com/v1/images/style/properties/d713990d55daf28398c039315c661047_images.jpg
19827,U.S. Polo Assn. Men Check Red Shirt,U.S. Polo Assn.,Men,Apparel,Topwear,Shirts,Red,Casual,Fall,2011.0,http://assets.myntassets.com/v1/images/style/properties/db93cbf8554ab4f15bde4be88bb1ce15_images.jpg
19828,U.S. Polo Assn. Men Check Navy Blue Shirt,U.S. Polo Assn.,Men,Apparel,Topwear,Shirts,Navy Blue,Casual,Fall,2011.0,http://assets.myntassets.com/v1/images/style/properties/09effb1d2390cfcae6430df043d10856_images.jpg
19829,U.S. Polo Assn. Men Check Brown Shirt,U.S. Polo Assn.,Men,Apparel,Topwear,Shirts,Brown,Casual,Fall,2011.0,http://assets.myntassets.com/v1/images/style/properties/d674308836049d2f6364e384029bfa1e_images.jpg
19830,U.S. Polo Assn. Men Check Navy Blue Shirt,U.S. Polo Assn.,Men,Apparel,Topwear,Shirts,Navy Blue,Casual,Fall,2011.0,http://assets.myntassets.com/v1/images/style/properties/39c88f00d2256a204cc450e8e81e92b8_images.jpg
19831,U.S. Polo Assn. Men Check Black Shirt,U.S. Polo Assn.,Men,Apparel,Topwear,Shirts,Black,Casual,Fall,2011.0,http://assets.myntassets.com/v1/images/style/properties/068c905a91234cef5cfd0c87fa7bea85_images.jpg
19832,U.S. Polo Assn. Men Check Brown Shirt,U.S. Polo Assn.,Men,Apparel,Topwear,Shirts,Brown,Casual,Fall,2011.0,http://assets.myntassets.com/v1/images/style/properties/f4bcf55c4bd74b6e5cb55660549e652c_images.jpg
19833,U.S. Polo Assn. Men Solid Blue Shirt,U.S. Polo Assn.,Men,Apparel,Topwear,Shirts,Blue,Casual,Fall,2011.0,http://assets.myntassets.com/v1/images/style/properties/878466a0ead2053ee3d0593e0168b91b_images.jpg
19834,U.S. Polo Assn. Men Blue Checked Shirt,U.S. Polo Assn.,Men,Apparel,Topwear,Shirts,Blue,Casual,Winter,2012.0,http://assets.myntassets.com/v1/images/style/properties/US-Polo-Assn-Men-Blue-Checked-Shirt_6114a1c61875d1ab29c898687d2ad2c3_images.jpg
19835,U.S. Polo Assn. Men Check Brown Shirt,U.S. Polo Assn.,Men,Apparel,Topwear,Shirts,Brown,Casual,Fall,2011.0,http://assets.myntassets.com/v1/images/style/properties/dd173532729072e58aafbcad2db2288d_images.jpg
19836,U.S. Polo Assn. Men Blue & WIne Check Shirt,U.S. Polo Assn.,Men,Apparel,Topwear,Shirts,Blue,Casual,Fall,2011.0,http://assets.myntassets.com/v1/images/style/properties/US-Polo-Assn-Men-BBlue---WIne-Check-Shirt_597dd85f01b5cb7103979f720666cb66_images.jpg
19837,U.S. Polo Assn. Men Check Green Shirt,U.S. Polo Assn.,Men,Apparel,Topwear,Shirts,Green,Casual,Fall,2011.0,http://assets.myntassets.com/v1/images/style/properties/746ab16c28b83f79f515cd12a48b518d_images.jpg
19838,U.S. Polo Assn. Men Check Red Shirt,U.S. Polo Assn.,Men,Apparel,Topwear,Shirts,Red,Casual,Fall,2011.0,http://assets.myntassets.com/v1/images/style/properties/982d5001e3898a7262c581b6d0652f4f_images.jpg
19840,U.S. Polo Assn. Men Check Brown Shirt,U.S. Polo Assn.,Men,Apparel,Topwear,Shirts,Brown,Casual,Fall,2011.0,http://assets.myntassets.com/v1/images/style/properties/5e9c3958bd7050ceb30dd0c1cef33cfe_images.jpg
